Address,Allocation %,Type,Sum
0x86a8Bc110BD36D2cC5A634353d2ea3E3296ce669,10.00000000000%,Developers,100.00%
0x8cbdeb38448e3e8bd57ce89969cbb37143090179,3.72907225236%,Early Adopters,
0x1bbf04a88fc4c515fda95f882f8ec37a1ca03841,0.47657063730%,Early Adopters,
0x6ba3803898868149e59da4c0a38455a2358bd0b6,0.41006742279%,Early Adopters,
0xa8468eb3655f284e1fd7f9ca648dd70c7eef7d21,1.26663296454%,Early Adopters,
0xe4d946dcf5b919d03d6c78b376e23341d06bd0c8,0.00000009321%,Early Adopters,
0xbb7f13bb2e444f5574589f2ad649da85446e3348,0.05479323468%,Early Adopters,
0x778368610310ec6ef921fcc8f6fee90ad2433e1d,0.77916205308%,Early Adopters,
0xa6819285ce8a829c7fd67756b2140515a68b6b41,0.00982512237%,Early Adopters,
0x3c7bd16923a31ed4253595b3ad2ba79dae4aaaed,0.84707469744%,Early Adopters,
0x6ee62fb521531b587e79262d759dec8ce4fef341,0.90146896113%,Early Adopters,
0x9fff7a309ff09d41f04f8b0ed76483ee6c4addb3,0.07106900667%,Early Adopters,
0xea8810699ff8dc7cebecef62556606809525d433,0.13349302428%,Early Adopters,
0x507f77f6c2a11fe1618bb43c93cd4cf332d80827,0.00011186097%,Early Adopters,
0x31c711658398866ad97fefad26ebe0679b5c5d58,0.00009321747%,Early Adopters,
0xbd27bb1e70365a416ff2b119ee94c78ca9be49a9,0.00034824240%,Early Adopters,
0x821120e0c8b20801725b1b7d068d28a58a9d52fb,5.38556532726%,Early Adopters,
0xfa666bd8ec87d0dad7d1cb8f1bfaea24f276dbca,3.63607830798%,Early Adopters,
0x703e50af7e055c6c9ac83d72255caacd62400bca,0.00004471647%,Early Adopters,
0x553222b267bc978aca3c28493aef72d924b264bd,0.08948878077%,Early Adopters,
0xd498f99bafd467c5d06556d433ba89e52686f74b,0.00001864350%,Early Adopters,
0x31012d1270a826a8a40259583a639f5963c778dc,0.00009321747%,Early Adopters,
0x21bf63c0418d4f1d13f884c50498b2259b321b43,0.00003728700%,Early Adopters,
0xda9ad6284300b15bc802c3fbf6dbbdf7ceb27fe8,0.00000001863%,Early Adopters,
0x7ae1cd518ecf4546fc93796dbb26f0ee0a1b35ba,0.00000745740%,Early Adopters,
0x00409fc839a2ec2e6d12305423d37cd011279c09,0.00037286991%,Early Adopters,
0xdb93440afab57da665126084eddf9ac9f91c9a82,0.00074573985%,Early Adopters,
0xdba61407cab12c6a69d877760914b457b340f440,0.00003355830%,Early Adopters,
0x9d386325330ff9565821232435c67b253776fed9,0.00013749579%,Early Adopters,
0x9b4ac5feb3fa9c087906cce730dc1bed34f08514,0.00018643497%,Early Adopters,
0x6c991016b4588b3c73a984b87275f8ff8ea72967,0.00015267858%,Early Adopters,
0x9b9d813768a507003c5dde12fef9f065d58dfa1f,0.00001864350%,Early Adopters,
0xb2c466b176492eca88b68f4f8923361c398abf49,0.00052330344%,Early Adopters,
0x506685ad6e1d208d37547fd8d10a9124444251ac,0.02647376430%,Early Adopters,
0x9d9ccd735b6cadaee1a857b785ebdb2b4446f804,0.00018643497%,Early Adopters,
0x7314d37db36d7403fe37669704ee9a33f589496e,0.00001864350%,Early Adopters,
0xd8a05652091ad6fa0f7f502e57da545550c7829b,0.00018643497%,Early Adopters,
0x32650f3faf0cd0a8d0c279e3c2269b83c3d7e48d,0.00003728709%,Early Adopters,
0x4403a2543b5e54b3537f2d7f58bcd4b3ed338d8d,0.00018643497%,Early Adopters,
0x278603ee2609af74c0f9cf71740aacf134beeb88,0.00018643497%,Early Adopters,
0x2d64a1cace789801e758fe781e30f6b450c4ba39,0.00018643497%,Early Adopters,
0x9830d6b37fe7488707cc4ad7f8b481d75eb2a8c2,0.00013050447%,Early Adopters,
0xad7919ccd41a656f21843f2a5b8c4fd6bd42fbe7,0.01152368076%,Early Adopters,
0x956f248b94713ade7ad10d92acfd2700037bf3f4,0.00093217479%,Early Adopters,
0x673e99f8b95d2542f4745324e27fc438a6f853e9,0.00009321747%,Early Adopters,
0xebb28d2c512ed1786b246c7a96328ab308ce0f42,0.00518609898%,Early Adopters,
0xc4482e0f47262a73e966bba848848d693fe7a2cc,0.01825556367%,Early Adopters,
0x9046f76ad22f913bbcf95a73336c569e1ac2e59a,0.00518289189%,Early Adopters,
0x519290b3641d881a6ab5df4c1b4494faf1ccbc64,0.00518289189%,Early Adopters,
0xd6ffc55c22ab4d56220982927bb0ea66b6f15afb,0.02336822694%,Early Adopters,
0x3882481281cb3f7ddcc5619763cd0437f02e8805,0.00000559305%,Early Adopters,
0x465c63680f2a0b4277d9b4cecc3f3310e531a77f,0.04969476795%,Early Adopters,
0x3c9b3fc6b2a47ac0dd080f3fa91522a726cceae9,0.00000018642%,Early Adopters,
0xf619fc95d58b25b708f36a6452760314bf8bb173,0.00000891855%,Early Adopters,
0xaaa6c647098af3837fbbea3a393dfd49c46baf10,0.00011223384%,Early Adopters,
0x94520e2f86afd790263715f727d0d35f533f2a36,0.00018643497%,Early Adopters,
0x1120324d8266d73cca3cc71cccbd44d919e06e6a,0.00007457397%,Early Adopters,
0xa425fe8b53b1386ed496dd3ee143f2d8c3a624d3,0.00003728700%,Early Adopters,
0x364056980867d1655897299889bca4e7d465b395,0.00278720265%,Early Adopters,
0x26c6f95fe1154a2059140465e71bcec893166f9e,0.00007457397%,Early Adopters,
0x71df93ae5a9a2ba5064ae90b9690b4fa9c413387,0.00033558294%,Early Adopters,
0x7d848b27fdbb50a651ea4cb30ad0c5e3e07d9b68,0.00007457397%,Early Adopters,
0xbd0546c5c8f3a56e807715c0823c30c9f2ebf28c,0.00001118610%,Early Adopters,
0xcd531efadb2a5fc230ee1b55a510faa5e33a2fb8,0.00020134977%,Early Adopters,
0x30ff6fa2012c53b2b21d933f577c8b4d05cc40ca,0.00801856761%,Early Adopters,
0x72bf2dbc9d3a724253a05b58b906109e8c382910,0.00002995500%,Early Adopters,
0x4664dcddbf259020a82d58a1363a90e1de7ca258,0.00018643497%,Early Adopters,
0x0edfcd38b38efe48670f5ff9bcf0dca552742ae5,0.00822459552%,Early Adopters,
0x95c2ec97903c993efbe4630f1535282a12fead98,0.00014928468%,Early Adopters,
0xc13ccf23e4e4709e41fc468a8c7e353c69bf94ef,0.00486073227%,Early Adopters,
0x47b48e52627910761b93181f3441251b90382338,0.00074573985%,Early Adopters,
0x5e90f7cbc4b99a556bafe7ab63baf1a574888bbb,0.00167791464%,Early Adopters,
0xe054aac700c9aa60b461aa552c5a6be9f382521f,0.00186434961%,Early Adopters,
0xc2ca4ee4c8c79796e8beea362f657f5004a9d1ca,0.00000035481%,Early Adopters,
0x568fda4ff42c59fd47c8f7f96a7821a20832b85e,0.00018643497%,Early Adopters,
0xf76ecb5b0514eb89c4ca0abcccee80667e46e7d5,0.00082031382%,Early Adopters,
0x9b3274d6809e1edeb53b9810ec6f33f28a505fc5,0.00000652521%,Early Adopters,
0x471ac5f02c4cec7032206d686cc9450517f99d99,0.00747417753%,Early Adopters,
0x66d60cdb2133522b0d2e17b889b8ab911095d896,0.00000186435%,Early Adopters,
0x9c268f7e0fef4f6c072e667d965740b567f22b56,0.00004101570%,Early Adopters,
0xfbf0736eb2ac1c4bb0193ae54c53e182b18037fc,0.00016779147%,Early Adopters,
0x2215c7737c7d4222d8859fd2fca6db45487d45f9,0.00000186435%,Early Adopters,
0xb2ffa393f0b4072081eb2738eb8340bf877bae38,0.01137253254%,Early Adopters,
0x4dfe9e3b9f4df964a1a4fa16ad6d8ea421e966cb,0.00000186435%,Early Adopters,
0x3a79822d218d9ab9fd4e5c4c992665f0206ba84f,0.00000186435%,Early Adopters,
0x4879032313fa7648bf821f9880ba2c645d0f356b,0.00000186435%,Early Adopters,
0x8974b25505fbcf5a8c1af1e19d61b56409f3bdef,0.00000186435%,Early Adopters,
0x373c9b9c898258dc69b7ddd42a82e741348a32e0,0.00000186435%,Early Adopters,
0x394fa9f88c665e06d6c892b6351cc9638cec521a,0.01863678432%,Early Adopters,
0x8de32224a629d1687549db7d4d92dde8d65126ac,0.00372972459%,Early Adopters,
0x00cdebc042c87c95e439e1aefa0bd3a8014da577,0.00176031888%,Early Adopters,
0xad548543f7ca61b61179e7d9e78613900e10a74b,0.00752637933%,Early Adopters,
0xa982baf9623b0e3fcd1981a10d92b52f9bedbcb5,0.03568247079%,Early Adopters,
0x306b5629d35bc5d2fbd3ab8c975b911dc1783a21,0.00005593050%,Early Adopters,
0x79bdda65c706cbda69c0ad4c8da1d3e91724f48d,0.00011186097%,Early Adopters,
0x05cca6ff180c7f8039060424dd6ee51db7619b75,0.00018643497%,Early Adopters,
0x12924049e2d21664e35387c69429c98e9891a820,0.00009321747%,Early Adopters,
0x83bbe9cfcc205bb8e53cba0b51d6db9386ce58b5,0.00009321747%,Early Adopters,
0x42af703afbc127748207709d59943bcddb5c13c9,0.00334798878%,Early Adopters,
0x88e385def57004ec13a164f32c9e784594561072,0.00046608741%,Early Adopters,
0xd923de646d3f0bb9eb7f9169f259c79c3ede2188,0.00001864350%,Early Adopters,
0x156712b8f4be2151d2213c790b1e44b9c6a259b7,0.00017347518%,Early Adopters,
0x06a05d6d264b716562573a03f6e2a79ea725197a,0.00005593050%,Early Adopters,
0x2cdc5b811626aeddb24b50c801794a821e893b5e,0.00016779147%,Early Adopters,
0xa6d51779b45bdf1c5b6bd0fe86be2c2d9481e69d,0.00037286991%,Early Adopters,
0xef7a834a3e7748a6985898bade117d4d9ab6c177,0.00001864350%,Early Adopters,
0x84b4fc4818b865cae1bc241ebfcc930d9bddee02,0.00001864350%,Early Adopters,
0x8511be971f2e767a3232dbea4183f345b65b0ef2,0.00003728700%,Early Adopters,
0x7ee31626661f6e6b91d21f1303873332cc9aed8a,0.00248704236%,Early Adopters,
0x91d708962d843011d580163894553d4fe7415890,0.00007457397%,Early Adopters,
0xbe42a09d29bfa9ee0f2f7d41eb25ac35a14627aa,0.00000223722%,Early Adopters,
0x4cecdd6bd69e40c66d9b60be0f188d03e7132bae,0.00000018642%,Early Adopters,
0xd2e8a2ede15fd0879723ed52bb5cd8149bd61263,0.00068588706%,Early Adopters,
0xe5b64192a2ca4bec729134ad6d2524ca31a5102c,0.00000279651%,Early Adopters,
0x0bf1fee0f3dbb4031e4c12e2985df93f267d53ab,0.00000186435%,Early Adopters,
0x2b2d337a62c7f8c0d8f013dca03738baddaa0a9d,0.00000186435%,Early Adopters,
0x1602e644d80036ee566e7893bce6009fe63db47a,0.00001864350%,Early Adopters,
0xaa947a45ca08a0c5393bc1f186e0cd35e3a481db,0.00231179349%,Early Adopters,
0x9763c35f598d80e90a73dbd4f690eef04baa7ddd,0.01118609760%,Early Adopters,
0xbfe0b47d3155d85318aecdef21caa8adf80e88dc,0.00016455849%,Early Adopters,
0xcd0b67a61e5e8f4616c19e421e929813b6d947df,0.00003542265%,Early Adopters,
0xb644a16a72880438d40ad33b4f7f12dc758b646a,0.00013050447%,Early Adopters,
0xe0697194bc33d95edd8dcb1206139b78ea6be188,0.00112625358%,Early Adopters,
0x6e3c0266e9a92c5139656b02f6b4fd9bb647b33c,0.00000372870%,Early Adopters,
0xf937f60bea998d5b94d2ab72080533d423567719,0.00003728700%,Early Adopters,
0x4c710b38199f589dd769d36ed52b6d0170cb83ee,0.00000186435%,Early Adopters,
0x13e7562ec8a95c01306d73b3d1f2e89f2fb81448,0.00003728700%,Early Adopters,
0x18da9ebf88771db5bd1040cf9a9d04da12e5c7af,0.00009321747%,Early Adopters,
0xb40b5337fa15a5b0e7573ca1035cb2f26745dbb4,0.00000000003%,Early Adopters,
0xf494cc00a9cd6ddb3f0ac195304dba3c84afc365,0.00101586408%,Early Adopters,
0x73f809c0b3cf18d40463d05ba4b95067cb51393b,0.00002796525%,Early Adopters,
0x41e94dcf6cb04328e38750c6e0cd0aee85046e1a,0.00002796525%,Early Adopters,
0xb9dac5c3965e5c582fadde3b383622747b22e1ae,0.00000186435%,Early Adopters,
0x8ba5908a107ed29c898b00b498fcce0d88299175,0.00018643497%,Early Adopters,
0x50ab3fb7c9e2cfdda224c7d2526d3c8a98a3ce3b,0.00000055929%,Early Adopters,
0x024cbba46d63c6086668af1899766d4af5980c73,0.00000279651%,Early Adopters,
0x0493b6988add9a904926937abd80891c6f0d42ff,0.00074573985%,Early Adopters,
0xaa155507f6afbe966acb85fa077acf7e1c761a7f,0.00373126923%,Early Adopters,
0x32a785a60b0d23134283e87b34bd1a77a10f91c2,0.00000000006%,Early Adopters,
0x4692c5fe408879c96f0d94d1814c690434f550c0,0.00035422641%,Early Adopters,
0x54f70611f4b4bbcf38047a09bc23bd587c38568c,0.00029188896%,Early Adopters,
0x71188b259dc6efa73b9353d57fc2b338de7cf8b9,0.00001864350%,Early Adopters,
0x07deef8ad7d095b45de4a2b39ca7d9f8aa7d4022,0.00649213668%,Early Adopters,
0xa314d23820cb18d2956c2e65a816b9b545215d54,0.00000000009%,Early Adopters,
0x5a390d91da3ad218ee2e6c47bb6b3dfb4798f5bb,0.00373576482%,Early Adopters,
0xd4d992f9509efe9b3ca1b7acfaab384ebb99e0cd,0.00000018642%,Early Adopters,
0xc79aedf1e551100f8f21fb4cc2aa6ef65ef86aec,0.00190163658%,Early Adopters,
0x5099abff70bf5611b2b0ec2610d381f558b32419,0.00002796525%,Early Adopters,
0x174a372ac54f96bf16ead5c9371fe587ee99d5a0,0.00009321747%,Early Adopters,
0x3fdca2af2eaf7c744008faa018074120af1e3dc8,0.00001864350%,Early Adopters,
0xf0548f889eb700e9192698b1549f180bf230c992,0.00003728700%,Early Adopters,
0xdb21b58c882b08ef367d2336aed9e234a9fb9b20,0.00003728700%,Early Adopters,
0x3e538089265672518d9509e91949500ecd2786ef,0.00223721952%,Early Adopters,
0xc79b6a8ee35e7cb7416f35686ab95fabd0bce864,0.00007457397%,Early Adopters,
0xc0809985d41c6f8d577a5200c096f9adf80c1455,0.00003728700%,Early Adopters,
0xcd64fce3045551b479a37aeb073b8bbac642e1a6,0.00009321747%,Early Adopters,
0x79a20773bce09ca279ac42e9b26f0b5d9eb82fe8,0.00003728700%,Early Adopters,
0xe4847e9b44cf0917c1ede43d53fc4988e9f6d7de,0.00001864350%,Early Adopters,
0xcb54ebf9e208ce6b09d6a2512227a7546fbd035f,0.00001491480%,Early Adopters,
0xd2578c95c2daf87e7542d4c305c95cef01295877,0.00001547409%,Early Adopters,
0xace68073c08e75b7ff13d710aa525d71df5b2c22,0.00000932175%,Early Adopters,
0xde1b41dfae1b199fd7f23101ea1b512a972c650f,0.00001491480%,Early Adopters,
0xc8da0c2b229de11eea1a596484fe75a1bb555c31,0.00000018642%,Early Adopters,
0xf82b3a0cd76ef3dcfaf772c27b2a39f1e1915494,0.00020141793%,Early Adopters,
0x5ee110a1c93fd113a35e08bcbd5b25d20ad78053,0.00001864350%,Early Adopters,
0x8430ca2f88e8dce887e6f6035ef2ee549590b459,0.00000000003%,Early Adopters,
0x9ee55c96b1c8b5a0fe503101545852d4aa239ca1,0.00000009321%,Early Adopters,
0x517750948ad729fc150631ee52dc1219c8492d2e,0.00373128393%,Early Adopters,
0x738514d20ce5b627224567b1181cedcf6cbde697,0.00000018642%,Early Adopters,
0x5050da75b7b881f1e234d57bc3b625d68af65451,0.00000932175%,Early Adopters,
0x3e6c9791a5ed0a154826d147075f34c3b73271c0,0.00320890131%,Early Adopters,
0xbc8ef2512ea1ba6455c5e0bd16e1d9310fbafd51,0.00001864350%,Early Adopters,
0xc5ecad006f9f621a63b1fe8a44103b3a11e21fc6,0.00000372870%,Early Adopters,
0x8aa3a5898ed699e6d822170cd0524f41ec6f58e3,0.00004619319%,Early Adopters,
0xdfe9930e7f858aaefabb088e541c29e78f2cff09,0.00007457397%,Early Adopters,
0xba24307cc6ddf6f93f6cb3c15de300a6f27d416f,0.00002749917%,Early Adopters,
0x860fefe7c2e1cea51bc0cae079237d5ef183945e,0.00003728700%,Early Adopters,
0x6f2e3781fdb0c685a40ae67cf8bc4204b741d0ec,0.00935549271%,Early Adopters,
0x2a5a847dfef231ed9a680d32c3bb39582423e72f,0.00000559305%,Early Adopters,
0x4aea65b30128617bf9cf61400861cfcd172ec15a,0.00000186435%,Early Adopters,
0x1d4e8a2291bf9b73fc2490959aa6a372734835c4,0.00055930488%,Early Adopters,
0x90774c177ab6e404c26d5b60f550da1e21dbfda2,0.00009321747%,Early Adopters,
0x47706c58602b33f876c2495835b65dc8ce603938,0.01122338457%,Early Adopters,
0x15551b41e61f017c89bfdc2d073881b6e3f9af97,0.00000186435%,Early Adopters,
0x2229b56cbe20dd9e3dd8c0f45dd84d6d4159c3d9,0.00001864350%,Early Adopters,
0x2625cabf3e4460745f74821c860a14155e238eb7,0.05602086936%,Early Adopters,
0xd8b31337e505760a8486a3bbceba291316a3cc92,0.00784944993%,Early Adopters,
0xfa232c4a0e972861014787a964c4a4a1313de838,0.00074573985%,Early Adopters,
0xa1020dfd900523975a4e598a2eb69f32b9a35204,0.00004420200%,Early Adopters,
0xddfcb999f2428297158bb2f9d89f71993b12d77c,0.00001864350%,Early Adopters,
0x3d734709372bbe0471f9067a29d011566f71c3be,0.00000358392%,Early Adopters,
0xe23f9140bbd2a766867f20fc8e71b7abb17bde55,0.00001957566%,Early Adopters,
0x65eac6aa92ff49a27b3e73a1fe8fae9e5a2a726f,0.00063387885%,Early Adopters,
0x54cf78c31739b97f87381b19937d13f04dc9819f,0.00037286991%,Early Adopters,
0x7bca479920c4be52b966a34b4f45ca9d14016aed,0.00000186435%,Early Adopters,
0x28b62386d588f06f36e417a5f66cb94bc9d0ab1f,0.00003728700%,Early Adopters,
0x6ab14158dd108631eb05e777a80fbd16130af7f4,0.00000932175%,Early Adopters,
0x4765697e4e357148f0819b961bd7ec4837d1020a,0.00000000099%,Early Adopters,
0x2e05f03d5940cd300b0cf36e18ce49f0c20a540f,0.00000001863%,Early Adopters,
0xe094ecac5272f88b2d99349c2e8b6a6d68f4950a,0.01241120952%,Early Adopters,
0x7c9dc197de3c510717a8417f96aa086eb02777c5,0.00001864350%,Early Adopters,
0x4f5f385494a00737e6688f7b345144ac0a6fac9b,0.43219352382%,Early Adopters,
0x50938e91d6bfaf3cf984e9b7b3b3e6ae99267bc7,0.00005385915%,Early Adopters,
0x2e15430ebbc70a4d32bcd8d9f1861c68a68888f6,0.00149147967%,Early Adopters,
0x0af3ca86aedb50220c04db37ce5a79b6d17eca4d,0.00027965244%,Early Adopters,
0xa4084cc20ab709930b0eda05188d8f2282d09ac3,0.00000186435%,Early Adopters,
0xcbabb3d40b4bfd4a707377a5d33566ae816607d5,0.00130504473%,Early Adopters,
0xe1029c7d032ca61a5c28d2f71c4f3c8221982207,0.00078302682%,Early Adopters,
0x071db838a33e17c4ce35ce1796f15cadb4dd8e12,0.00104403576%,Early Adopters,
0x5defe4f60965528030ee48bba305ed017ab84998,0.00000205077%,Early Adopters,
0x4cb8e42a47c20ea4546c9a5cb49249ae3e9d6fcf,0.00000018642%,Early Adopters,
0x38f9a6cb26747194deb0f6bfb6b89340aad1b270,0.00067116585%,Early Adopters,
0x5577a77f7295427ee74dd693ecfb9f62e8f95f2c,0.00001864350%,Early Adopters,
0x694cf723954203c4644f273277538af3dd947489,0.00745739838%,Early Adopters,
0xc37a4dbccc856eb109334e5b166eb1606a3d204a,0.00026100894%,Early Adopters,
0x35afcb8def56d38da912ff1bdb41315a9daa36d9,0.00000018642%,Early Adopters,
0xa39a11d007fe3466df59a2cdf8f0e091e32aa737,0.00000186435%,Early Adopters,
0x6529770a5c58ca859558670cf98171f600c48783,0.00000186435%,Early Adopters,
0x022fe87e83f3d6662862ed51ef74de33ed16ff25,0.00333793152%,Early Adopters,
0xcee9cb0fd4ae6813da96e252fa3e8deadd1cf637,0.00003915135%,Early Adopters,
0x8b22d16fbbf2fde8a3a818eb3352c22a411fbe62,0.05588686215%,Early Adopters,
0xe8372fab4987453c472f86aadaebaa92a3360652,0.00033558294%,Early Adopters,
0x74e3c0eec5dc3b402a5cadd0799d3d922bef8bcd,0.00018643497%,Early Adopters,
0x7b4c8bdcd85d9c1a5e083653d4de6e39e6bdf17f,0.00000018642%,Early Adopters,
0xb2d57597d0eaadd8cff6fcde081440bd5c7625a5,0.00000018642%,Early Adopters,
0x77e16fe6ed43c01e2ec8c80f7e5a29fe93101d69,0.05564188662%,Early Adopters,
0xb9c967aa41292ff7afe2adcd0ee04d302a88e8dd,0.00074573985%,Early Adopters,
0x21e58a9c764d7e496af7e8e3a7d03b09e5f944f2,0.00000018642%,Early Adopters,
0x7c240e71179a954236b568a4b7f7079d927016d6,0.00026100894%,Early Adopters,
0xf2a8352d71c44022af8530599c69138e8d302763,0.00357863529%,Early Adopters,
0x1565f3be9881c204f470796ad29d7eeae8ab7086,0.00000186435%,Early Adopters,
0x07ade730bdbbdb3810a46a26dbce290573f25198,0.00003785367%,Early Adopters,
0x905272e589418183a7177b0689eb9d0ffc7f7dce,0.00130504473%,Early Adopters,
0xb87540ff204eb0a181677a16cbb88d677dec3455,0.00018643497%,Early Adopters,
0xaa0dc16f7e07baf7b1df877281b8cb782ad37b0b,0.00296461395%,Early Adopters,
0x1484d34d36a9ce95e62ba4b7215c61f732d3435f,0.00149442891%,Early Adopters,
0x7a43dc785ced8554478b2ba2e491347c0826adde,0.02054122056%,Early Adopters,
0xf0ed7265f4a91bdffb7db9d888fb8a49411a40f6,0.00003728700%,Early Adopters,
0xa740d429011cef90858fff9d0ccfd5ae78f2239f,0.00000000123%,Early Adopters,
0xbf966e6d886a1f7910d3bc9777709cc37a400b63,0.00001864350%,Early Adopters,
0x8b06739c080ebcf662ea462be7c3a05fb1b88c4d,0.00007457397%,Early Adopters,
0x91cf465863fd54bcb14870bf3b85d424ff20efb6,0.00114246831%,Early Adopters,
0x0c5fc2971d6234a6f66869c6cf9b3e1f1ca48343,0.00027965244%,Early Adopters,
0x002748db885d4ccfe3c7c92143f0805f4ebeec01,0.00000186435%,Early Adopters,
0xb02b33748a2a08c4643bfe414af04a8d198197a6,0.00074573985%,Early Adopters,
0x12cb5f585bc8e383cd1a2e277dfa77e981ab9ac2,0.00000000003%,Early Adopters,
0xc6d1cab8aa6c6099a4dd7352ebd4b25521f6c79c,0.00372869919%,Early Adopters,
0x88dd10a5bcecba71f2493cb261b181f57943040d,0.00000372870%,Early Adopters,
0xe7f6e856c3219d4a7db412373f626898ddef37ce,0.00003728700%,Early Adopters,
0x2a5269de9a146ba3159e0229992aeee2741edaca,0.00005593050%,Early Adopters,
0x29b85b666a45a50c358fe5e43fbbc9ff1ba792e1,0.00372869919%,Early Adopters,
0xabe3c44149905022e0219d2fa9a40ef9e11edb7d,0.00026100894%,Early Adopters,
0x7297906400d15c6bbe20b2c696fc6f465ba48d02,0.00026100894%,Early Adopters,
0xcc12a434d523e0b2d5e5d1dbc00751af5b4f828a,0.00002237220%,Early Adopters,
0x41ec28eceb137789032b2b505a57c1da829934cd,0.00240165516%,Early Adopters,
0xd1a42fe4871f99b219859b812e7ebaa311149074,0.00061523538%,Early Adopters,
0x9f1e80183dec5f0f788bf39740cfe84c719aca8f,0.00146105523%,Early Adopters,
0x3b98a9e999a403650589353b371a4e2ed0dd789e,0.00001864350%,Early Adopters,
0x74d0a27435d28b28c79b62ae971d6e8e634334bc,0.00037286991%,Early Adopters,
0x606c638edd04723900b724e90d7317b3d1a587d8,0.00171520164%,Early Adopters,
0xe42ace1d1e686e9245f74795da3433aec452fd75,0.00055930488%,Early Adopters,
0x940c8b40c9c2383094804b5def77a7680b7878cb,0.00006338790%,Early Adopters,
0x621efbb885d9d5bea6d186921e6fcdf3954e9505,0.00018643497%,Early Adopters,
0xec5897c5466558cef257401a92568b543af6a864,0.00018643497%,Early Adopters,
0x128e07927a965ff808bced5a80488e17176090f2,0.00770286291%,Early Adopters,
0x8e219d38af7b05973dbdc74ba8e1cde7675b72f5,0.00781919304%,Early Adopters,
0x905311782f3fe3a6ca9e4b91da223a3f99b100b4,0.00000018642%,Early Adopters,
0xd94637aa5fc91c9ad058cdc3db2505ac7e3e9f54,0.00000000018%,Early Adopters,
0xf4d86ae28c6a7596767e9b0785b57278e87c8158,0.00093217479%,Early Adopters,
0x6689f781b3dad5b2602a924014d4245993aba835,0.00000001863%,Early Adopters,
0xc65d3209ce44def4c9d8aa0b7e5ce5526e84530a,0.00000018642%,Early Adopters,
0x3cf282cd2df98d8589598fde938eecd1dac9671f,0.00035422641%,Early Adopters,
0xdb6dae7e2faa622d0e071898e83a9e905e079a17,0.00015445587%,Early Adopters,
0x0949c8d6aa7ad809ea08216f327ecf8a3c6b6518,0.00000298296%,Early Adopters,
0x643bc9a2e03f4211f6cb23b5fc5ec3670f7c9b98,0.00002749917%,Early Adopters,
0x252097d2491d7dac679a1826886426cd73edaf35,0.00844270716%,Early Adopters,
0xd9a0a16e5a634bf5a02962b667f17c65bae14086,0.00074573985%,Early Adopters,
0xa79f534a25d9e034418c2f0e0ba164f402ba071a,0.00018074967%,Early Adopters,
0xec45af64cdf61a3b8efeec7cbadc861b61dff1e4,8.95011537168%,Early Adopters,
0x3f0fcfb6971963bbd01c18531af78af6bae2bb52,0.00031339716%,Early Adopters,
0xa97ebf430875b4d9e2304effc172994c91618794,0.00020284125%,Early Adopters,
0x3eb46c44644f59de96db73f32c2328c4585abe72,0.00025317867%,Early Adopters,
0x05431cd62f011cb44ec803fe4ac96fac651ca494,0.00037286991%,Early Adopters,
0x6fd76a04b40073b18d46ceb8a23da1359931afd0,0.00000186435%,Early Adopters,
0x7b82b7478428d2a3b38301ddeb2599613719f33d,0.00352475841%,Early Adopters,
0x1c8b49dcacc44e31031c6665c8baad080aecac63,0.00001305045%,Early Adopters,
0xaac18004b8da51e8f9634649ea8a0af107691af5,0.00001864350%,Early Adopters,
0x3b5b083e76c2bf873f2d04a69f94b08904ff24a9,0.00535699359%,Early Adopters,
0x0abf6c46bf2eed15da3509adb6eba1a2285d8563,0.00406428213%,Early Adopters,
0x294505b89f9621fb06e93a47af70847b2484020b,0.00406428213%,Early Adopters,
0x1871f42b4bafeaf5fb95cdc57d32820ff687fe74,0.00406428213%,Early Adopters,
0x64cdb7f11a52569977f3012da4e5b71aeee5f0e4,0.00002796525%,Early Adopters,
0xaf629b60d468b3d67f748a7b3f599a04532eb651,0.01917130821%,Early Adopters,
0xd422acf194361b27363ad86149ae7685a84b6388,0.00002610090%,Early Adopters,
0x88d637a5f75281b3d3effdd855cee675cb8962ec,0.00781759074%,Early Adopters,
0x6bd2eecee0adac9c319f04847b9987f771ba1f4c,0.00010176030%,Early Adopters,
0x938472bc19b7b4850bc6c26ddaf210f20c42a713,0.00011944485%,Early Adopters,
0xc4da6319585ff59912013338108ca895e48ac733,0.00068963676%,Early Adopters,
0x7270611cc5c232417541244e70a3ee8d0f20fcd9,0.06214492446%,Early Adopters,
0x7d0b61474564fdedee5b711b5bc370d636ab6794,0.00406428213%,Early Adopters,
0xd838efba49e0816fd8c2d3b52c0b4632f030fd8a,0.00406428213%,Early Adopters,
0xf99c577c80458e9d2f5475742dbbfa5739cd407f,0.00357955122%,Early Adopters,
0x8074b1285c0fba1f4f9d0ef586c274bd1e2fa509,0.00406428213%,Early Adopters,
0xf38ffae62d44bb3742ffa77bc2988df44da449bb,0.00406428213%,Early Adopters,
0xab673329f1d6389775e49c3c3219a3045992ae87,0.00065252235%,Early Adopters,
0xffadffcc2d81fae57120b7a5d6eb97f430a14314,0.00065252235%,Early Adopters,
0xa64fcc82431c7388e8a15a7b5c0bdbf492bde699,0.00195756708%,Early Adopters,
0x65b06931ba923d661769198c38247f1949c9f7ae,0.00065252235%,Early Adopters,
0xafb84fd963f5f64c58e1a2e63d925634ebcebde5,0.00261008943%,Early Adopters,
0x126cb9ce08aaa9d9920b542d9021a789be986008,0.00109996626%,Early Adopters,
0x3cc026c75caf73347371ec4d78dd82424ef022e2,0.00130504473%,Early Adopters,
0xce089c06f40737683143ea7eaed4f773f1492c44,0.00219993252%,Early Adopters,
0x493bebff5add3265db2c71a6150802af6af8802c,0.00328125528%,Early Adopters,
0xde280a28b3a55b976d11bfa5cd6982efa5169a59,0.00219993252%,Early Adopters,
0x1a93fce8758ac97bf3fa780f85fe58873985bf03,0.00130504473%,Early Adopters,
0x0c6037f43ed9b6ba6499ebcc710aa8b18a07caf1,0.00109996626%,Early Adopters,
0xe966a66f66e9de4477fb51b7a8112ace880febb3,0.00130504473%,Early Adopters,
0x129652436238f664e0df2f806533cc9792d4c5b5,0.00065252235%,Early Adopters,
0x19b87e31be53dba547bb2c09bfac6451d3c23211,0.00195756708%,Early Adopters,
0x91f5f9e08ccc611ef9fa5f18ec717f58d4e8aac8,0.00195756708%,Early Adopters,
0x20a3eb17ce456a5c4a38c437665523d94634ec8d,0.00130504473%,Early Adopters,
0x184bded9e2eb343aee28e6c2e25449ee164a6021,0.04531803510%,Early Adopters,
0x071c0f18824e57690aafbc9ad7627089b626f6c1,0.00238636749%,Early Adopters,
0x1a642aadae94b892f34a51cdf0af04d5d761b1f4,0.00119318373%,Early Adopters,
0x8cf531818fa432519a55fad0cafa44a5f27173d8,0.00238636749%,Early Adopters,
0x387028e8d4b94f72bf4f3bbc43380a9a10f69da7,0.00130504473%,Early Adopters,
0x97a30c15f192dd4a59bd40ff930159b8b58db2c2,0.00130504473%,Early Adopters,
0x7e35e86772797e9e0fa55681e483c56b8885b545,0.00065252235%,Early Adopters,
0x16502dd135c35375630421bdd58155cfcd0927e1,0.00065252235%,Early Adopters,
0x2bdf809fde9655f696bc47551653a2613e2ab4a1,0.00109996626%,Early Adopters,
0x2af8f640c839544044334daf6d9d124efc52260b,0.00130504473%,Early Adopters,
0x42f6725e27f4500779815217f811de304f17d353,0.00065252235%,Early Adopters,
0x514efc11603d5bc5e8facd58c46f5af2b16dc406,0.00328125528%,Early Adopters,
0xb0634731f0adba7d694a192d1713d5c66bbad832,0.00219993252%,Early Adopters,
0xbc23b26568ce8ed7c3a0f576512c4a5bd7442ede,0.00609642318%,Early Adopters,
0x8305b3ac78c60a84d150a9ee6b7d72b0c08a2475,0.00065252235%,Early Adopters,
0x2dc96bf9fc8ee1e1a3ea82e419f415fd25d722b0,0.00065252235%,Early Adopters,
0x15578a892ebd3e98ff7ece5b718129a4dc1b9f32,0.00065252235%,Early Adopters,
0x16114fda4af9799c881bf4ed4152eeb5e4280e2d,0.00065252235%,Early Adopters,
0x4e79f7c7deed79c53e73c6333bce526d33c07c8e,0.00406428213%,Early Adopters,
0x8d37ffa50ac1efcc0c1c0c52e6741433f3793565,0.00328125528%,Early Adopters,
0x9e8c3a8c7f7297a9a5cd9868f00c311157d88dc9,0.00219993252%,Early Adopters,
0xb7a8969219f2f8108fb8dac4b30cc944c1cd833b,0.00195756708%,Early Adopters,
0x6f8b5a36e967362818850140f7296651f3528f35,0.00065252235%,Early Adopters,
0xadc24d435cb051a98ceb5961343792f737035f0e,0.00130504473%,Early Adopters,
0x022f4b164cbe1b5c65ad3518f7a1b1097ae2015a,0.00065252235%,Early Adopters,
0xfb14a723449440b3e93630edd56d14945b4a04e2,0.00238636749%,Early Adopters,
0xbe71a7993d0ba3c7f3ece9dc8c108ea9f0699297,0.00406428213%,Early Adopters,
0xacd499c9c0bcb095fb4fb1aa2feb9d15c266e8ef,0.00001864350%,Early Adopters,
0x49648311eb4136b8a1574b883bcd38f9eed0261f,0.00219993252%,Early Adopters,
0x6e835cd1ade6d2e5edaeff85c9b778c148451e68,0.00130504473%,Early Adopters,
0xf4e02a4b969302d4f4d34c2cabd984647177bc94,0.00130504473%,Early Adopters,
0x854490ee010779dd420db7f0e4d66242648d8bd1,0.00238636749%,Early Adopters,
0x9ac6976189037ce49f29662c5c995a9b1591f985,0.00000186435%,Early Adopters,
0xfaaed57b13bfc1e89f636b05594bfe7113706509,0.00130504473%,Early Adopters,
0xd714b4b509b9293e7aa25b8caecab9ccc98cf2cd,0.00130504473%,Early Adopters,
0xefc8b6e5bdda8fc9b46ae96bf8cf3a280da96f94,0.00065252235%,Early Adopters,
0x1edcd6be0b63316a75f79cb970401746958dcf11,0.00041015691%,Early Adopters,
0x48227dae207ea7d684d677de201d63cacfc4a567,0.00992457285%,Early Adopters,
0xd879319c8b3c5672f5350cd168b0f200495b6da4,0.00013669785%,Early Adopters,
0x3f602e2ebf0a3a1d6232603cfb18c32fdcf848e1,0.00005593050%,Early Adopters,
0xc1b3334d515dc93c8abc6deabe7db21f05a1fec0,0.00007457397%,Early Adopters,
0x8ae5f55ab6be05c7b98bee1f9cb597abe929b7dd,0.00065252235%,Early Adopters,
0xa33badbc3da8729ddbbd620b872a88205ea524ee,0.01631551992%,Early Adopters,
0x2c42d641029ad421efee09a208e23e27effba10e,0.00001785351%,Early Adopters,
0x4dcf511ffc7756d8d8d0f008732eba111af5ae4e,0.00012565716%,Early Adopters,
0x474d7d70207fc6e133551927dd3cb212b086018f,0.00030040968%,Early Adopters,
0x5b9de7f0a076d020b0c3f3e21e11519175b5cd3a,0.01646324652%,Early Adopters,
0x6cd1926f7726b013ee46d136a749c905ed1652cd,0.37742308638%,Early Adopters,
0x3b686a315eccd05fd00bb3bf36b3eda19da17e78,0.08766787980%,Early Adopters,
0xaeb632737c4d469b57491b6baec185ae49d866ed,0.00003728700%,Early Adopters,
0xb51577f4147790e12f25904a1054e2ffd203d454,0.02962265076%,Early Adopters,
0x8a8469edcce5ad9ea1439baba93b433087523757,0.00499003836%,Early Adopters,
0x5634f44310b14d69263b53f05cda577cf3737cb8,0.00725920821%,Early Adopters,
0xc0166cd4e6dba91f1600411ed3f811d4082a8598,0.00037286991%,Early Adopters,
0xe6c6390eed34b62c0e364b540e3b31f139b7aaaa,0.27965243970%,Early Adopters,
0x0bf748d20cae6823e0da16a72886b2b90c408a61,0.15941946270%,Early Adopters,
0xd7a1c535965aa05a422b44c99921371f58807fae,0.95085558198%,Early Adopters,
0x17f2f425ad47a48522e730e9630e73f0a12aec02,0.00001864350%,Early Adopters,
0xc4c2aab4b812bce3e406985952d49210a909d915,0.00000186435%,Early Adopters,
0x1291589c8f6be8f6ba25c5e5131c26f880f25744,0.00001864350%,Early Adopters,
0x27901b5212ea6c65b029233453b6d0a8b228fe89,0.00000018642%,Early Adopters,
0xf52370bcc2ae9b7958894df86db42e7d29f5b2f1,0.00000018642%,Early Adopters,
0xe731e5b1b9bed60f3a5ae351f0b073473c8cdd3e,0.00000018642%,Early Adopters,
0x1e56672aa5128ddd2d66830114919961def93163,0.00000018642%,Early Adopters,
0xba9b80a5855db6b235cb4bf08aa730129a92985b,0.00000018642%,Early Adopters,
0x9a40f40f308a8e4e3c2b1015dec657777a138a9c,0.00000018642%,Early Adopters,
0x08bd05d45922fc4384d9a86f96e4ff1bd19696c2,0.00000018642%,Early Adopters,
0x44758d3161d048b451cdebd0faab644d2446b277,0.00000018642%,Early Adopters,
0xa8dc4cc4348be9ac4871b27560202e9394d0ecc6,0.00000018642%,Early Adopters,
0xc8cd559c702052d13435a301178cf6c2686a3774,0.00000018642%,Early Adopters,
0xa3152607d945364a59e219e70a4fee98e965d223,0.00000018642%,Early Adopters,
0x88ca1953f9e8c769071514e461a8d6aca4d801fa,0.00000018642%,Early Adopters,
0x54288d42fa1636a5a804c0d1a69787c3f075be16,0.00000018642%,Early Adopters,
0xfe6508f32f78e525f42b252be3b50b066804787d,0.00000018642%,Early Adopters,
0x52be8cab479fc1174157cddd2c833f573f2b14ee,0.00000018642%,Early Adopters,
0x51d420907e1e83ab81532ac9ead09af4d06d8076,0.00000018642%,Early Adopters,
0xf93d0391068922fedff7eb32a9f19d2221bc367d,0.00000018642%,Early Adopters,
0x5934df399c81d018b790d737a4e73f3a973d53db,0.00000018642%,Early Adopters,
0x82ebb8d845c1d45035643f66a01082f9045d640e,0.00000018642%,Early Adopters,
0xc6ca1ae4f6c1305fc940f9e09cf488cb393bff09,0.00000018642%,Early Adopters,
0xdca4d2ff4ef2c2c0959bc2be4f4c62800c1f33bc,0.00000018642%,Early Adopters,
0x1e0eedd0c988c52d6125bdbc3d6beb53df888765,0.00000018642%,Early Adopters,
0xc0fe62f52d516ece5a6221c7528cb1a2a7b10baf,0.00000018642%,Early Adopters,
0x421f7da40bcdc6b4cabe034b4188566941e6d69b,0.00000018642%,Early Adopters,
0xd5320e75cbf54b734cb4ccf90607b8cb3c975f40,0.00000018642%,Early Adopters,
0x5e2c7036862964854e3a09f090dcf0b972643ff1,0.00000018642%,Early Adopters,
0xc11ba7ee9a3cc39650b1e32e9dbb73e6dc07f784,0.00000018642%,Early Adopters,
0x4bca052e2ddd640222c5c3631b224ef455a58377,0.00000018642%,Early Adopters,
0x6835206c76a70b0d82220eb610312420b4d342a1,0.00000018642%,Early Adopters,
0xa55e5c15bac45afaeb3f5ca954e2c16f99edf6cc,0.00000018642%,Early Adopters,
0x4889534d402551b0764860f56a11d4dd001af20e,0.00002482269%,Early Adopters,
0x5db5f78de19e611d5c91b3d20d5969868a29365c,0.00000433653%,Early Adopters,
0x4ee6a67a9dded0c4c74fd9ee4e2d83d03bf50a94,0.00000021627%,Early Adopters,
0xda796a16ccbdf157966be959a9dd61a8edee8ef3,0.00000032646%,Early Adopters,
0xb8eb412990236ebb933675c8b5c4cc9812b69ded,0.00000019575%,Early Adopters,
0x7c898dd66e27cc82c87ddbe0db3093308daf27fd,0.00000208935%,Early Adopters,
0xe0d7d07d6ffb895db6053ed5bccaba451db6987d,0.00004261566%,Early Adopters,
0x1c6259adacc62db7f5842ca07c18abe9ed543447,0.00000285849%,Early Adopters,
0x22b8aa4ed72be9a8d63fa1fd4a3a7f7d547fd5e7,0.00000463614%,Early Adopters,
0x31d25fce9f76c6c14b4753b960ee0df040bc6190,0.00013313205%,Early Adopters,
0xf878b87f7b9497f215f92b3ae4eb9377e809e2c9,0.00003504978%,Early Adopters,
0xef6fd8d6a6d4b77274cdd20ec40f3b13dfca5d1b,0.00000018642%,Early Adopters,
0xc0b440b3e4c4f8df26ad0157b7989bd2fd3f113f,0.00000000012%,Early Adopters,
0x548c4500977f3eb7efd5be7133f16498749b1db4,0.00001864350%,Early Adopters,
0x4597c97a43dfbb4a398e2b16aa9ce61f90d801dd,0.00000020508%,Early Adopters,
0x9d40ca58ef5392a8fb161ab27c7f61de5dfbf0e2,0.00003765987%,Early Adopters,
0x174aefe55aac3894696984a2d6a029e668219593,0.00022372194%,Early Adopters,
0x42590f2da1ca8d3bf43b5c330efef578d4a51963,0.00000186435%,Early Adopters,
0x64dc1e8b5e9515de37b58b4d8629bf89bcd1f576,0.00007570314%,Early Adopters,
0x9fe09e406945f084ba8dbce9dce532123d71c951,26.37404331680%,LP Adders,
0x48690f95e8ef64d7d6db8560acee18e96af10c61,4.14259170064%,LP Adders,
0x0c7f3f5386f34a56e80e40a392df37201dd7b3f0,1.90962595788%,LP Adders,
0xde86435e482debcc9d73c0384f060e88650d290e,1.46586598948%,LP Adders,
0x6f7e166a4ba560454fd4c3264d9761e0f454c694,1.34401302740%,LP Adders,
0xbaffc54777da9ed1208470395114df04407ad032,1.30416815880%,LP Adders,
0x02d7fa798fe1d1cebcd94576e84f5a676f31e46c,0.41200235400%,LP Adders,
0xc831e0867380e66d2b4d0c0fb9d9af5854667a4c,0.35917074400%,LP Adders,
0xe659c71d9c98ff1ea78fd52546d36372c155338d,0.27286381996%,LP Adders,
0xda88deba8dda2b46915ada3e9d32f71af5113f8b,0.26276823364%,LP Adders,
0xf6390e51318e1d6b74e229134fb8cd0633ecd44d,0.24138505328%,LP Adders,
0x19f4e4749c31160545c1a7ab0ade7be41291b43c,0.23999654312%,LP Adders,
0xc5d2cb38a02b2dba73f5f158b43793d6eb51a071,0.18774953388%,LP Adders,
0xda2a13560700bd7c7d8f67e1832646d8123c5877,0.18606488208%,LP Adders,
0x392872094f208298e7539895a07123dc41bd3bfb,0.13362963320%,LP Adders,
0x16f60b13d6ad3fd49d76743081a4857197dbb078,0.13058408496%,LP Adders,
0xc14037600f1c6a2936f78003145cdb24959f9d9b,0.12825610868%,LP Adders,
0x0a6da2d948fceae6026348df39ed24f8f15e4971,0.09168826932%,LP Adders,
0x2d39fa81134f21c50a5bfef911e83b569c833ae1,0.09063150840%,LP Adders,
0x061ca34bc35b1474a14ae07589645bb6c96cb23b,0.08540654060%,LP Adders,
0x2153db143627649f2f978919f4cb79d7bb90f447,0.08539255372%,LP Adders,
0x423243421849ed357222dd4a9833066ae8a7bd13,0.08425222828%,LP Adders,
0x3809c9c514471d5cab8d6f19ff7cbb96fb59a6dc,0.07263953496%,LP Adders,
0xac1a107fe46917acfd94f6981800d2f3922b307b,0.07054270740%,LP Adders,
0x5abd9136c4096f5f7417fdd3f5dc3f6a4c0a12b3,0.06795939428%,LP Adders,
0x4dd5965969ec07eef0978b0a9e3974a518bd2a8d,0.04731489488%,LP Adders,
0x11124d1dd5ef12b45645f743c78171281fb5bdba,0.04420870156%,LP Adders,
0x03e487440e41c82fab7656ed62641b0813c9c859,0.03852195864%,LP Adders,
0x81d1d08d4e70814104c030a4d2b0a659f8a4bf68,0.03461600668%,LP Adders,
0x00c8a4b932b30df556ef291d6ed23b8d63943fea,0.01917338520%,LP Adders,
0xb47b790076050423888cde9ebb2d5cb86544f327,0.01712380164%,LP Adders,
0xce9d00fa0f07e172ee784ad259b15aff4d2050cd,0.01490285980%,LP Adders,
0xf7f08ca3564d9640d0b6659da390c1806d75d71c,0.00924532476%,LP Adders,
0x6210acb0760cc069236d924f9147d014614e4656,0.00914183940%,LP Adders,
0xceb257d9705e87a5e227c4ce67899e5a3ef7fd0d,0.00831359312%,LP Adders,
0x1044f415cccf2e14a1e5457de125197bf9214752,0.00320418092%,LP Adders,
0x39a129f414023695624bd81e1044c07055fded62,0.00318355848%,LP Adders,
0x06f8029de38f43ff60aa8f2257d435e0849c07ff,0.00343900788%,LP Adders,
0x321dccb7cefad322b06b8fdb45545a3a0d0a6e8c,0.00182363564%,LP Adders,
0x1722f830f2067bc22c809109feb4674a4de57a8b,0.00117030516%,LP Adders,
0xa66108dd7e1fe77255554757c96471fafcc23b29,0.00057644792%,LP Adders,
0x89b99678d6a790aa41754ad8f40898e1a06deedd,0.00051348532%,LP Adders,
0x4001b42878472d36ead422ce10a67deba4669bab,0.00012985928%,LP Adders,
0x956516fb8aa44e7665e40be6601d300735464a67,0.00010527504%,LP Adders,
0xa744607542092fcb9e3afa8870362dd71796d24a,0.00000000000%,LP Adders,
0x0faeb663e20d734ae480321d8152ffff3e7dfff1,1.25000000000%,Ecosystem Partners,
0xb4d675fa99e54fe7d3693520583daad48847e2cb,1.25000000000%,Ecosystem Partners,
0x8b333168bc65eed267ebfdd5b9ccdd96d7e4b01e,1.25000000000%,Ecosystem Partners,
0xf3ca812661e7ef13e9906c603d82059824cd0122,1.25000000000%,Ecosystem Partners,
0xcc94c183bef14adf2b7e54575e6bfa791b79d4d7,1.25000000000%,Ecosystem Partners,
0xb8592f4facd445f2aa43ec332fd929c6effd4ea5,1.25000000000%,Ecosystem Partners,
0xba57782bafaa193f8a9682bd2352d5f3622e322b,1.25000000000%,Ecosystem Partners,
0xffcb7abe1c072615c08098b327c8e3f07f0dbffe,1.25000000000%,Ecosystem Partners,
0x0c16550088682d0a654b9e0bbdcf1d942a16e55f,1.25000000000%,Ecosystem Partners,
0x99f4c4759bd4f9913cd9547725bb0241386ccde7,1.25000000000%,Ecosystem Partners,
0xc0b9249cd39c5997e0c37cf25024ab3e105b95bf,1.25000000000%,Ecosystem Partners,
0x8e56d6a1d6455d97db7df379476190fd3400b50e,1.25000000000%,Ecosystem Partners,
0x3a4c0ee320664f92bd4ed38925d1b9b287f7731c,1.25000000000%,Ecosystem Partners,
0x1e60d185b79991261156fe7e837e906e294daf62,1.25000000000%,Ecosystem Partners,
0x4878e2bc24dd2220e326633f90ad77ed504a75f7,1.25000000000%,Ecosystem Partners,
0xb8767b4722d9fe00000a3be69927a7642eda5cce,1.25000000000%,Ecosystem Partners,