,,,,
,Distribution Plan,,,
,Address,Allocation (%),Address classification,Sum
,0XF930EBBD05EF8B25B1797B9B2109DDC9B0D43063,10%,Developper allocation,100%
,0X2D28748668AA0FA03D6346F5781205B901CDF751,4.4410000%,OFT holder,
,0XFDB1157AC847D334B8912DF1CD24A93EE22FF3D0,3.3393000%,OFT holder,
,0XB0E83C2D71A991017E0116D58C5765ABC57384AF,3.2015000%,OFT holder,
,0X632E1C70DD9F3E83E71AFA081FB8A6E2C709D32A,2.6348000%,OFT holder,
,0X357DFDC34F93388059D2EB09996D80F233037CBA,2.4209000%,OFT holder,
,0X10E3085127C9BD92AB325F8D1F65CDCEC2436149,1.8466000%,OFT holder,
,0XAA8B91BA8D78A0DC9A74FABC54B6C4CC76191B0C,1.1655000%,OFT holder,
,0XC5D3D004A223299C4F95BB702534C14A32E8778C,1.0401000%,OFT holder,
,0X35827CE7BA928D517A9E4025600F60E1238163D7,0.9351000%,OFT holder,
,0X7B41B57B469AAB69746C6466BCEBBED4F8628B97,0.8609000%,OFT holder,
,0X89F9B13119004B52F333F36F104D591103E9AF1A,0.7948000%,OFT holder,
,0X2F707265E61300E8290C18E38EBCBD129FB0B0F5,0.7119000%,OFT holder,
,0X55A183E160F8903766E2DD53F3580C7049B1B2DC,0.6787000%,OFT holder,
,0X989225F2F9BA272ADBCE6D579232C4113EE998D8,0.6679000%,OFT holder,
,0XF4B83CE6F3EE2A04D836289390F7109D933591AC,0.6671000%,OFT holder,
,0X3F47A66ADA01491C3D364599E5BCBF80A1A67092,0.6600000%,OFT holder,
,0XFDBBFB0FE2986672AF97ECA0E797D76A0BBF35C9,0.5756000%,OFT holder,
,0XF23ADCE99089BD884DFC860A4178046E26EFC79F,0.5447000%,OFT holder,
,0X09AFD91A8B1F64B257D82CAA8F34BA93CB14B13A,0.5368000%,OFT holder,
,0X154001A2F9F816389B2F6D9E07563CE0359D813D,0.5298000%,OFT holder,
,0X17AD4E76E67E9937A2B2EF882E4042DD00CC60F7,0.4918000%,OFT holder,
,0X887B353AA1911D0A20960267B45DCD94755F613A,0.4817000%,OFT holder,
,0X50ED348F85DE0772A61FF63BBE33DF8DB30DE1B2,0.4125000%,OFT holder,
,0X7F2FCCAF717128BDF5EFABD67A8EA9A812D5813E,0.4119000%,OFT holder,
,0X07A1F6FC89223C5EBD4E4DDAE89AC97629856A0F,0.3989000%,OFT holder,
,0X3BE433563A96C726D8CE0A17DAC1ADAA4EBD95A1,0.3818000%,OFT holder,
,0X5E0B8FA0927EFDCECF09D922DBB32C474065ADB8,0.3614000%,OFT holder,
,0X7D9F5398BB4C8967F71BA2E8B09BF2AA4746B809,0.3452000%,OFT holder,
,0X6439F5D99C85A66A3DE6D2CEE73CCC4E2B011AEE,0.3347000%,OFT holder,
,0X2CEA91416B0A752BF9A4B407FF46206D67CCD413,0.3322000%,OFT holder,
,0X8061199A31983A077E691C08B2263A4CF5C24093,0.3314000%,OFT holder,
,0X646985BBB677653E5768139D354CA706F1858FCF,0.3253000%,OFT holder,
,0X0E04CAB2146752790F9D4A7D68806D0531F967CA,0.3188000%,OFT holder,
,0X23F3B6A30E4157F3B0D84EAC9B894A5A72B76F9C,0.3133000%,OFT holder,
,0XFAC2F11BA2577D5122DC1EC5301D35B16688251E,0.3122000%,OFT holder,
,0X8B530CF9BD553547FC98B2DA976B62FC3AC3B150,0.2950000%,OFT holder,
,0X7FFE7DC1D0F21822FB634FA5AFE84D848A0699A7,0.2842000%,OFT holder,
,0X0E7518B332F469A6A2F59E690F225CEF5157CCA9,0.2813000%,OFT holder,
,0X16B946273A1672D4BF213718F573F2F6AD1C874D,0.2798000%,OFT holder,
,0X731F0F8C352C49BBBF8228FCB8DDF1938043A283,0.2624000%,OFT holder,
,0X8EF29B28ADBBEAFBD5B11202121230B9400F9887,0.2563000%,OFT holder,
,0X4C880731F80C34B625CF0AF0BF3008CDE6B7A6C5,0.2371000%,OFT holder,
,0XA47DCC127BD2487B01477D8E381DCED5DE5E5033,0.2362000%,OFT holder,
,0X04B8FBBE534B616D12ADC6A918FE4E9420612169,0.2345000%,OFT holder,
,0X452A9B8CDE503A041DE5586D64247843DAC5CA57,0.2337000%,OFT holder,
,0X3EFEC9925973AFE87CBFE219DFE31FBBA4266369,0.2256000%,OFT holder,
,0XDF29EE8F6D1B407808EB0270F5B128DC28303684,0.2037000%,OFT holder,
,0X6199E5FA5F627FFE703291418DF9683C3608AB8B,0.2033000%,OFT holder,
,0X50CD4175E0BB2CC85C225911096DBDD01DD14926,0.1871000%,OFT holder,
,0X78BFA2A0241804733C58091D431B5A840D9D6F73,0.1752000%,OFT holder,
,0XBF1F078C2B90F29247468801BE0483ED1761530F,0.1644000%,OFT holder,
,0XD4F9FE0039DA59E6DDB21BBB6E84E0C9E83D73ED,0.1632000%,OFT holder,
,0X6580B4A8AF96532EEE64FC7079CA9DCD3DD1B815,0.1624000%,OFT holder,
,0XF62A267A6831D3612A22EC108D2F2BB41E01CACE,0.1618000%,OFT holder,
,0X562F019E21EFF3DBA7401A569FDC7676ABFA4BC6,0.1502000%,OFT holder,
,0X3C92A5C0927D1C913B05102DBB590B27AE2ACBD0,0.1411000%,OFT holder,
,0X69D08A457B0FF73291E0CB741CB863825561F616,0.1357000%,OFT holder,
,0X67227455755E26F20D0F571D9E25160EE5A3F123,0.1204000%,OFT holder,
,0X4B93552006B4CD69BCA0AF31338286E0D0E5EF84,0.1172000%,OFT holder,
,0XD8DE4C018FADB5A0CCCACB3EBD6A3FE916F224F6,0.1143000%,OFT holder,
,0XD2B3CC8BA7C3FFF4CE7FF54C4473F23521347737,0.1138000%,OFT holder,
,0X1992693A0BC5FFB6B46802CB9B67281307FBA0EF,0.1107000%,OFT holder,
,0X9C0D1F4A029C46265831D120DEE9CDC72F0AB3C3,0.1096000%,OFT holder,
,0XC69ADCA4485C0C494F34E9AA6B0A31F343F76411,0.1054000%,OFT holder,
,0XA069F2204CAB4862C861925AD40B113D158A5E2F,0.1003000%,OFT holder,
,0XCC4DC4C0775016262812CBA808AECC0875CC8BF3,0.0989000%,OFT holder,
,0X042796806943301623F76C2F5F1ED311372E12DF,0.0989000%,OFT holder,
,0X5E5C6D8B249AA32C9E087FE714E89060E150FA76,0.0976000%,OFT holder,
,0X68A225D8B7507DE5419CD09C8B9F8D943B05AF8B,0.0975000%,OFT holder,
,0X53E213DA8C28D85DC6663C3B5E35BB0FFBB05752,0.0916000%,OFT holder,
,0XC26A6C794E1413ADBCCDAAF2E12D8DF79DC84675,0.0863000%,OFT holder,
,0XF930EBBD05EF8B25B1797B9B2109DDC9B0D43063,0.0852000%,OFT holder,
,0X72EB41AE7F943445DA9932662D31A06D56A3CFAA,0.0849000%,OFT holder,
,0XCE83A1EE50813ED5F7816B82B1FB6250CEEBEECF,0.0818000%,OFT holder,
,0X8CC8AA103BFE1CD8755DC80C64539370B587909F,0.0808000%,OFT holder,
,0X5CFE3929F77B7FB71D77A9DF6A828043C2123671,0.0795000%,OFT holder,
,0X329BCB8E3B4447AF63C5D67A91CE5D2591CB5679,0.0794000%,OFT holder,
,0XFA4DFBE7B012B1D92FDD5544F30518BB58BD41CE,0.0788000%,OFT holder,
,0X101D88A0F5FFEE6879070A11EB20A2FFA3E1074E,0.0778000%,OFT holder,
,0X536AD22CFA6A5E53E827725B7FED569F350F77FD,0.0776000%,OFT holder,
,0X68A9DE87E83C41E8BC065F08A75245F337C23D6F,0.0763000%,OFT holder,
,0X8D9A145868C5B5B54260BE1F0113F086B87D61E0,0.0741000%,OFT holder,
,0X605572243C30AF7493707C9C8E8AA2EE25537E9A,0.0730000%,OFT holder,
,0X6DFD648529F19A276C8FA7A54D4F38A2D51D8E56,0.0726000%,OFT holder,
,0X0EA7DD4F92DC0C486D89E19198B82081DBAC0632,0.0673000%,OFT holder,
,0XDE13A331ADF3B9B6F32017BC63DFF2F61A926A5A,0.0672000%,OFT holder,
,0XF10A1A66F1B9C8A180CCEE398F8357BF68509429,0.0663000%,OFT holder,
,0XD7676AA78C84DF722CE2553DFD4CC002EB41391A,0.0654000%,OFT holder,
,0XB4C01692548FE2BAE391C90E6888E56ED5C920C2,0.0619000%,OFT holder,
,0X6ECDAB45023D14D57C5D09E9F8A4A3782B0FD2FE,0.0619000%,OFT holder,
,0X3EA59CB8AC06B6D5E691EE92069676B3AB8AB5D6,0.0612000%,OFT holder,
,0XF99983C1B128B87BED9AE10EC19DF12FEFDEB822,0.0606000%,OFT holder,
,0X225BC778FF20A3B50A06E9A2FFADF7CCD5D7728E,0.0597000%,OFT holder,
,0X977B57CD769D95A82828752ACE91FA153FA78FAF,0.0597000%,OFT holder,
,0X2AF2B2E485E1854FD71590C7FFD104DB0F66F8A6,0.0591000%,OFT holder,
,0X8199117A9580A98E40B732B735FC42753422F981,0.0580000%,OFT holder,
,0XAC92F8EF4F6E3872D0EF54E6680BE091E0C7A10A,0.0573000%,OFT holder,
,0X71500B422B9EC503CB7F01F91CD666EA7C07DDDB,0.0561000%,OFT holder,
,0XD35A2894063872A9EA003EC4B32163CC6C21A56D,0.0561000%,OFT holder,
,0XDB611D682CB1AD72FCBACD944A8A6E2606A6D158,0.0556000%,OFT holder,
,0XE39FCB060254192C4D4889DB9F36F070B65D3A2E,0.0552000%,OFT holder,
,0X0A9EA1ADEED852CC2DC59038503878F5B13EC0F4,0.0550000%,OFT holder,
,0X3AC892A09165516D98EC9C02B95FF840AB4BADAE,0.0537000%,OFT holder,
,0X8091D967F40A1A5492A867CBEAF553CC43A208C7,0.0532000%,OFT holder,
,0XB957DCCAA1CCFB1EB78B495B499801D591D8A403,0.0527000%,OFT holder,
,0X3ED364CDC2C4A32391A6C127FD7AE4721206D4CF,0.0523000%,OFT holder,
,0X138DF85038D8E72A391DA7C686F95D9FE2E0C9F9,0.0522000%,OFT holder,
,0X9920B54BBA40814D1D8C291F3C313CEC1F9CA056,0.0506000%,OFT holder,
,0X40EF9D43950C742B6CF76A560D7A415206A40037,0.0502000%,OFT holder,
,0X96FF8349F8E24FFD48C5252E2DC5FBFF2C1C31FC,0.0498000%,OFT holder,
,0X61BBEBE9E0BD2E42E91B7145DD3BF1BCD5BA4179,0.0491000%,OFT holder,
,0X3D7E6B697E3165C6D83E4C502A70236A3BFC3ECE,0.0483000%,OFT holder,
,0X5E0679B7B4C32BFFCDE69B5FEFEA89E77564FFE1,0.0467000%,OFT holder,
,0X87752D7AE0B687E487A891E94239D95540698FBB,0.0462000%,OFT holder,
,0XE87A10D5B212D169CCBC9A50CF5E23DD3DA27CB6,0.0460000%,OFT holder,
,0X17982917E5CA68E71E4C77CD562CA3B6769F9FFF,0.0452000%,OFT holder,
,0XB201E523913F77982F00A1BB14C22E76036AFE29,0.0452000%,OFT holder,
,0X3F9C7727A9488C542A7588CD0AF5759AC381A799,0.0449000%,OFT holder,
,0X66BB7C182672A4B4A1C5891B9FD708B241EF3622,0.0446000%,OFT holder,
,0X0CE390F18AF702CCA546297845A4A51D102123CF,0.0445000%,OFT holder,
,0X4D26F0E78C154F8FDA7ACF6646246FA135507017,0.0443000%,OFT holder,
,0X98289029B0D4BB73EAD9EB1A3300ED724FCF6779,0.0432000%,OFT holder,
,0XE29A1B640BF46D334D9FB5A08A0FBA9CAAA91F65,0.0428000%,OFT holder,
,0X87EB6BCBC0DC0EC73C6388022B60BFFE2C9955B8,0.0424000%,OFT holder,
,0X6A9BE9CFA46AC9DF9B18474D440116A1FEB80A94,0.0413000%,OFT holder,
,0X487102F05490A4DCEB6859C14626F7A1E149A956,0.0383000%,OFT holder,
,0X0A854BD5DAA8D3959AC2B453E51AE4F2E5F6F4E0,0.0379000%,OFT holder,
,0X10027D8F80C1B33A07C94F79780C1D5D72A985B6,0.0373000%,OFT holder,
,0X7DCF4570A14755E2C7223FBA365C04590D9291DC,0.0351000%,OFT holder,
,0XADFDA5E88D3642219427DC8278029B17A7DF5CE0,0.0349000%,OFT holder,
,0X4455CDBC92217F21904F1CCDCD2DBCB15EC5B896,0.0345000%,OFT holder,
,0XBB8FB8FE5198F25D117C0E7B1B9C8260CB19C3C0,0.0341000%,OFT holder,
,0X481791E002FCFD7D979CE7896546419CE511164C,0.0341000%,OFT holder,
,0X6F90C11E8A84A390450CD133B37372DA8483AFC8,0.0328000%,OFT holder,
,0X42B1812CC23CD59A0AC7C7093DB89E12C02C8485,0.0327000%,OFT holder,
,0X394968078025AD37644CEDCB076D11241EFBBDD0,0.0317000%,OFT holder,
,0XC5D46247DB5C6216666CC6E7841AC3FE292A099C,0.0313000%,OFT holder,
,0XD917C4F53497951A62F8F38D9AEA9B6A66F3D441,0.0308000%,OFT holder,
,0X5CB943BF00032CFB65D3A12185CC5AE0DF742435,0.0304000%,OFT holder,
,0X34F6EA796D06870DB4DD5775D9E665539BC6BBA0,0.0300000%,OFT holder,
,0XCE15B5971FE47ABFC48AB78CCA7F66E2700CF094,0.0298000%,OFT holder,
,0X502A3E1D9A2B0DA4CC82616CE012247EFA5E66C8,0.0270000%,OFT holder,
,0XE51D044586E4F3377C099AA67BC523B3B3CD5119,0.0266000%,OFT holder,
,0X203ADABDDE7BEEA2918F63E0890371430B6E40E9,0.0258000%,OFT holder,
,0X5BFBDC54A7054D4C60303DCD269E59B52BCFC1CA,0.0257000%,OFT holder,
,0XD107690086E94B60CCEB503AE2983AD5D7CE9D8E,0.0254000%,OFT holder,
,0X1D9D7711A5F625F5867F81DCB99B39A08C0B10FE,0.0244000%,OFT holder,
,0XF749B8B8248FF4A4F50B53AB480B7EF6FF6DC978,0.0243000%,OFT holder,
,0XAD1A74A31B00ED0403BB7D8B11130E30AE15853C,0.0241000%,OFT holder,
,0XBAC17EADC8C1CB94E59FA54F7E988B09F5EC58FE,0.0239000%,OFT holder,
,0X6DC8E5AB8904BDE308C23B649829AD38F36FB71B,0.0239000%,OFT holder,
,0X3BAF04A1DACCB03F4806694CF1A266E1C4DF1310,0.0238000%,OFT holder,
,0X907866219DB0A1B913F19339CCAF340C2144676C,0.0236000%,OFT holder,
,0XC1E8A62E3C7CBC093FE83298989DFA41F7A915BC,0.0235000%,OFT holder,
,0X330BC749C26BC8A08ED41D59A824A26134272463,0.0227000%,OFT holder,
,0XD82B1110FA125643ED1553EB0CA4E78FB96A475C,0.0222000%,OFT holder,
,0X1A7D27018D504078A22F66601CBB9B67738E21E2,0.0212000%,OFT holder,
,0X136E3F299E85E96D78A507617DF50BB10EE361EA,0.0212000%,OFT holder,
,0X5900E3A8E0A58A2F9FBEB6FBB8174774CF0E6F6E,0.0206000%,OFT holder,
,0XE1F7EAD40D33EEF30DCF15EB5EFC45409001AAB8,0.0202000%,OFT holder,
,0X241E25C9D15B5E7FB007B5E028C4CE8694893870,0.0201000%,OFT holder,
,0X1AFC084366481CD4E27BB22F9EB5E8AFEBABC0DF,0.0197000%,OFT holder,
,0X6D7E1D6E76FD69F1A4EF2D641B8E1523F8A15868,0.0187000%,OFT holder,
,0X3A484F1BA2B1D2E07E6F68069186775AE4615202,0.0176000%,OFT holder,
,0X95B42336B4ABDC0497E78A97E4826125E3D6880E,0.0176000%,OFT holder,
,0X777D1868FC2099ADD81AC239ED3F2D31420A52EB,0.0172000%,OFT holder,
,0XCF41AF0E91FDC09A2ADF391E2F9D44B0EEE1EE7E,0.0170000%,OFT holder,
,0X4173B351F95233EA34AFCC27773350C509E21E74,0.0169000%,OFT holder,
,0X7B45AA3965CF5CA38EFC7A20E13282E76DD2839A,0.0167000%,OFT holder,
,0X7D42C0381F65BF0B18FD4CBE625AA1B4920D2F4F,0.0164000%,OFT holder,
,0X498B466366F1E7AEB992460A9981DB2FB7A12A12,0.0164000%,OFT holder,
,0X6ACF8CA3B0B07F511375A54C978F224F24F7D3BF,0.0162000%,OFT holder,
,0X6885FBECF7AA77A89EB72BEECB81419315E9AAAA,0.0162000%,OFT holder,
,0X4385EA82E381D1C61B414481B3CEFC43AF63217A,0.0160000%,OFT holder,
,0XD91BDCBBCF1F9A59F6F10FF24BA381C57597EF20,0.0159000%,OFT holder,
,0X2FA511AA8019BEDF879850C1B3B54A2F5FDAB407,0.0159000%,OFT holder,
,0XC0D47AE3B0972B02ABDD1BB168F32F162F26DD4B,0.0158000%,OFT holder,
,0X2FCEE421E8FE1CAFCB1F745D2088D0EFE832D779,0.0156000%,OFT holder,
,0XB8A86906117AB1BCE656B8647BA8F4C3E503F8CE,0.0155000%,OFT holder,
,0XF3D607B9CF91EFEEBAEDFAE9B3197AC951858138,0.0146000%,OFT holder,
,0X467EB732FF8CCFADAC55E4BF64A5D920A5513C18,0.0143000%,OFT holder,
,0XD9B70B615015226F6822A3C7CA8AA6D50C9B328F,0.0141000%,OFT holder,
,0X7B7ED649C56081926E4032DC10AFBB9B9719A574,0.0140000%,OFT holder,
,0X58A725DE2039B3B1991C3A8B4AFBA77B5BDB10AE,0.0139000%,OFT holder,
,0X805FA57F752303627024EB14DE8AEE1BC03A668F,0.0133000%,OFT holder,
,0X9C16695C0436834498B836799507F8F499D8F3E9,0.0132000%,OFT holder,
,0X70E983A8303F73CD7AF87E91D528B7074DFADE6E,0.0131000%,OFT holder,
,0XB08B6E477CB6DC478DE2ACC2853577B83A6F97E0,0.0129000%,OFT holder,
,0X4B00A17A8A4C7DC2F71777207B1C1BD6C132D394,0.0126000%,OFT holder,
,0X1F0D01F338244C193D2DC779DBC1CF3F1E93153C,0.0126000%,OFT holder,
,0X2CD08FE8C1052313C66DCC7F635ED24A3DCA23CC,0.0125000%,OFT holder,
,0X8238892095D3BAC5322894E84F349BCD52F843D5,0.0121000%,OFT holder,
,0XDCE75E914CB8B427ECC032B6EDF1E9A249097852,0.0120000%,OFT holder,
,0XCDBF72B53123A63C6D5AAAEB16E6ECFFD4DB4D84,0.0120000%,OFT holder,
,0X157C359E638B52F3045243B483501069CDDDF6D2,0.0120000%,OFT holder,
,0X000000000000000000000000000755FBE4A24D74,0.0117000%,OFT holder,
,0X3D7EBE72E6C787434D98846516BB9AB7FA160EBF,0.0117000%,OFT holder,
,0XDA79F4F0702E17809D33BF4DC2BB1C1AC64EE0B3,0.0109000%,OFT holder,
,0XEAD7D35099539CE2ABE64F7591EA522E23C13C05,0.0107000%,OFT holder,
,0X4AD94A2686914E7D4C7463306770BFCBE837CD09,0.0105000%,OFT holder,
,0XDCD50BBB34E9C3395602E941A829FD9F2D3696C6,0.0094600%,OFT holder,
,0X110724F68A1AABAED919810114DF0D3DB50AB605,0.0093500%,OFT holder,
,0X1FC0A8DCA35FB432AB09B60A5596D1D02858FE41,0.0092500%,OFT holder,
,0XCB6614E3F0CEE9622716FC086EA783E11C7B1C0B,0.0091400%,OFT holder,
,0XEEE7D012C1829CE8F9553B3B3B9500682671197A,0.0087600%,OFT holder,
,0X878D0320075AF41BD18901C0BA2698DA2870668C,0.0084700%,OFT holder,
,0X03E89A50D6133210970606FE670080A6E3BAE48D,0.0083000%,OFT holder,
,0XE999C4E9C546C76A094C2A053269410110B220F7,0.0081200%,OFT holder,
,0X140B5035A6AA39FAABF034840F30B43AE7196585,0.0080800%,OFT holder,
,0X9FD689E0C9689A61E46148D49C8B93387FADE09A,0.0079700%,OFT holder,
,0X4D80A189DA713EEB1102E766380E75996D49969F,0.0079600%,OFT holder,
,0XBAE3BAD311A211DBC19C14A5D2995A9A4741ABC7,0.0078600%,OFT holder,
,0X521CEE116E4926B7988CD53950F946995F649985,0.0078100%,OFT holder,
,0XD4F94D0AAA640BBB72B5EEC2D85F6D114D81A88E,0.0075100%,OFT holder,
,0X51FDF4343F7659BA108B0CCE01FE28AD9FB54D53,0.0073800%,OFT holder,
,0X02AB2B31EE3BF13AD259D3F1EA10169BD72E99DE,0.0073500%,OFT holder,
,0X2D1F98E03EE1261E87718DCA1654D357F582AAF9,0.0071700%,OFT holder,
,0XC8B7FE8B0D971F4036A35D0131B73A4461BE7105,0.0071200%,OFT holder,
,0X13CBD624AF484C4C695FF0E1D0B7E125D45F2C76,0.0071100%,OFT holder,
,0XA4EBE558B6F9554A4F2A1C315E4E72FD67725517,0.0070800%,OFT holder,
,0XBE92FF89BD24ED3B95F9DB0C119EDBE6C810EAB8,0.0070600%,OFT holder,
,0X88812D0058DFD0EE7A93B35D624557A64613CA2D,0.0070600%,OFT holder,
,0XB988FCEC45C6F5B3183B85A0610A9FD92A802E50,0.0070100%,OFT holder,
,0XE1AC8AA6F7E27CCCBA373DEEACBA012A28818C52,0.0070100%,OFT holder,
,0X9FEFB95AB189E715D5962DC69AE804F36D522CFF,0.0069500%,OFT holder,
,0X2B185C762F6FB49A07116EC06B238B58FE2BEC53,0.0068900%,OFT holder,
,0X7E1E1C5AC70038A9718431C92A618F01F8DADA18,0.0068400%,OFT holder,
,0X278A8453ECF2F477A5AB3CD9B0EA410B7B2C4182,0.0065700%,OFT holder,
,0X6A97E9A3F90C123E705438DE298BC35C3016B3F5,0.0062100%,OFT holder,
,0X07457B47B56B85D319A2218B1BAD2998E091B0B6,0.0058500%,OFT holder,
,0XA68DF02AACD5097D596F1080B007E0A5AAA5156D,0.0058500%,OFT holder,
,0X738E105558D2EDD36489CF783C6DCAF0FEDC30D6,0.0055800%,OFT holder,
,0X2F2C1B1792E5E805C53B70C1BE55F30FF7FF2EF0,0.0054900%,OFT holder,
,0X2E5763DB659F52E00DE5816F3932282049D02D2E,0.0052700%,OFT holder,
,0X860B7ABD16672B33BAB84679526227ADB283ED8F,0.0051600%,OFT holder,
,0XDED2563207D1727D3A19ACD76C2AF040B8024DCA,0.0051600%,OFT holder,
,0X37F730B7BCDC7FC84F00820A3C1098DCA28FF508,0.0051400%,OFT holder,
,0XD61015823B60A7C6E156C887A72467A8170259D2,0.0051200%,OFT holder,
,0X40F81795F44B96BF88E16E055F2283B9CAED9466,0.0049900%,OFT holder,
,0X58E03D622A88B4012EE0A97235C6B110077FB867,0.0047500%,OFT holder,
,0XD85A2ABF44825F27968A20B6580F457F9EF33961,0.0046700%,OFT holder,
,0XD545D60829374C25FF1E107DA2B342D6EC1D88C1,0.0046500%,OFT holder,
,0X000755FBE4A24D7478BFCFC1E561AFCE82D1FF62,0.6250000%,Bridge users,
,0XB0E83C2D71A991017E0116D58C5765ABC57384AF,0.4167000%,Bridge users,
,0XD757F002D43DCB8DB9A4E43A8350AA8CCCDC4E4F,0.4167000%,Bridge users,
,0X8061199A31983A077E691C08B2263A4CF5C24093,0.4167000%,Bridge users,
,0XF930EBBD05EF8B25B1797B9B2109DDC9B0D43063,0.4167000%,Bridge users,
,0X6A2FF3992AB6055863F0FC59D12D841BEF617BD3,0.2083000%,Bridge users,
,0X38A93E70B0D8343657F802C1C3FDB06AC8F8FE99,0.2083000%,Bridge users,
,0X6A9BE9CFA46AC9DF9B18474D440116A1FEB80A94,0.2083000%,Bridge users,
,0XCA3121D4459F3908EC0A39C1F88D7B64855664BB,0.2083000%,Bridge users,
,0X2D28748668AA0FA03D6346F5781205B901CDF751,0.2083000%,Bridge users,
,0X360C48A44F513B5781854588D2F1A40E90093C60,0.2083000%,Bridge users,
,0XAEF01E64B1F59B99208B93A7D8A09F9F175D79FA,0.2083000%,Bridge users,
,0XF6F26015F0760F7A4B7F93E765BC48883DAF79A5,0.2083000%,Bridge users,
,0X9B6ABB92F939488C73FAFC94B220AE196EA50199,0.2083000%,Bridge users,
,0X10E3085127C9BD92AB325F8D1F65CDCEC2436149,0.2083000%,Bridge users,
,0XE1F7EAD40D33EEF30DCF15EB5EFC45409001AAB8,0.2083000%,Bridge users,
,0XD4F9FE0039DA59E6DDB21BBB6E84E0C9E83D73ED,0.2083000%,Bridge users,
,0X68A225D8B7507DE5419CD09C8B9F8D943B05AF8B,0.2083000%,Bridge users,
,0XB0E83C2D71A991017E0116D58C5765ABC57384AF,2.9492082%,veSDT holder,
,0X6CEE94BFCD5A7DEFDBEF337BF79FE31D0982CF2A,2.5587203%,veSDT holder,
,0X4F9CA8074A6D2E76678FC7C64B8F4EC2978CE202,2.3968120%,veSDT holder,
,0XC5D3D004A223299C4F95BB702534C14A32E8778C,2.1204529%,veSDT holder,
,0X3216D2A52F0094AA860CA090BC5C335DE36E6273,2.0785282%,veSDT holder,
,0XC20ECE560F2E9912E1CC3302BB4DEED544430459,1.2155424%,veSDT holder,
,0XA7888F85BD76DEEF3BD03D4DBCF57765A49883B3,0.9170145%,veSDT holder,
,0XF930EBBD05EF8B25B1797B9B2109DDC9B0D43063,0.7949421%,veSDT holder,
,0XC24CFD03CBC1B7FF8EDAC1C85A6B9AE5BF65869A,0.7905379%,veSDT holder,
,0X7A16FF8270133F063AAB6C9977183D9E72835428,0.6735911%,veSDT holder,
,0XC47EC74A753ACB09E4679979AFC428CDE0209639,0.5752345%,veSDT holder,
,0X6D75FFBFFD1E63E5072F0FFBF6C4EEFA16043967,0.5370648%,veSDT holder,
,0XB6AF7C04F67B5EB61F0DC7AC4A760888EC3E3887,0.4697749%,veSDT holder,
,0X329C54289FF5D6B7B7DAE13592C6B1EDA1543ED4,0.4408938%,veSDT holder,
,0XC6625129C9DF3314A4DD604845488F4BA62F9DB8,0.4342713%,veSDT holder,
,0X0A25366C4A76732839F3F9A63093E53423B647A6,0.3771368%,veSDT holder,
,0X25431341A5800759268A6AC1D3CD91C029D7D9CA,0.3642618%,veSDT holder,
,0XCAD5334AC97B0A58CFE8012E7DD2589F0C302AB5,0.3558939%,veSDT holder,
,0XDDB50FFDBA4D89354E1088E4EA402DE895562173,0.3352167%,veSDT holder,
,0X2F707265E61300E8290C18E38EBCBD129FB0B0F5,0.2773725%,veSDT holder,
,0X8D2590474EC0E4FFA4519301ED4ABACC2B0B4996,0.2397091%,veSDT holder,
,0X35A913AE0CBFFAAC576AEC4081876F103CC66DC7,0.2396810%,veSDT holder,
,0X50BD88406B6091084B68FE4DA3A7FF0999239BF5,0.2396810%,veSDT holder,
,0XD2C46B4C28F4B7976D9F87687863C46BB2F71DBB,0.2325089%,veSDT holder,
,0X96CCB95CBCDA21D9A73D15448F08E7E2AAA4F7E2,0.2122375%,veSDT holder,
,0X1A31C94F97C649BC2A8ADBCEB54D1F4A075BE4B1,0.2088744%,veSDT holder,
,0XCCE810AB3FA880ECA2CE8C00BF5CC9F20CFE0783,0.1990210%,veSDT holder,
,0XDBBFC051D200438DD5847B093B22484B842DE9E7,0.1881408%,veSDT holder,
,0XB1748C79709F4BA2DD82834B8C82D4A505003F27,0.1763207%,veSDT holder,
,0X4DD9104E1C5DA4A155322BAA73197B89460DAAAD,0.1739986%,veSDT holder,
,0XB325C1AC788F02FF7997CF53C6FF40DD762897B3,0.1699713%,veSDT holder,
,0X5D550F208F0C2F2D43D99945A20B21C0C5554465,0.1621283%,veSDT holder,
,0X61F41775E63BAF8EF689EF03109F9B47908AED21,0.1611704%,veSDT holder,
,0X781FEA3353D6EFBBABC9FAC0B4725EFF3C77DBA7,0.1607957%,veSDT holder,
,0XABAEBBD34E7F79352F55B0ACEA9516F6CDB94BB5,0.1520945%,veSDT holder,
,0X8D9F950C23B73EDF79CE52F74C6FB589CD2CBD90,0.1515546%,veSDT holder,
,0XB742DA24D6D5803B6C5E4F5BF0FF2C0EF1E94F55,0.1489177%,veSDT holder,
,0X31D71C9F00C4CE70AE78069A3306AC38E263CBE0,0.1423467%,veSDT holder,
,0XDB611D682CB1AD72FCBACD944A8A6E2606A6D158,0.1385615%,veSDT holder,
,0XE84ADC0964EE34CE0319DF3418636ED6A4117B97,0.1369390%,veSDT holder,
,0X73EB240A06F0E0747C698A219462059BE6AACCC8,0.1329596%,veSDT holder,
,0XBA0212619FEBFF76431A4826C957853B9F2CDF7F,0.1300904%,veSDT holder,
,0X33F2B6E3047C97598E557FC1E8D29E1693AE5F15,0.1180678%,veSDT holder,
,0X5275817B74021E97C980E95EDE6BBAC0D0D6F3A2,0.1046782%,veSDT holder,
,0XF24B73A328DF29CDDE804ACF605B8722AD5030DA,0.1004194%,veSDT holder,
,0XC3A1B0600BA577587B6F9441ABF5BAA9F0804819,0.0935159%,veSDT holder,
,0XDC4E6DFE07EFCA50A197DF15D9200883EF4EB1C8,0.0917609%,veSDT holder,
,0X98895E52D74EA14677B341A7FCA99B80486C8DDC,0.0915800%,veSDT holder,
,0X357DFDC34F93388059D2EB09996D80F233037CBA,0.0911817%,veSDT holder,
,0X9F5E6AF744A137C9FEFEEDFB6B706B0640A57673,0.0902516%,veSDT holder,
,0XC69ADCA4485C0C494F34E9AA6B0A31F343F76411,0.0890808%,veSDT holder,
,0XD56B98FE204C467AE2ACDD585F19601A9456790E,0.0795250%,veSDT holder,
,0X394C9CEF1E5DFF6A0A289FACB89D4A15DA3EFAF6,0.0786995%,veSDT holder,
,0X154001A2F9F816389B2F6D9E07563CE0359D813D,0.0740895%,veSDT holder,
,0XB727FEE36A2DC39A8B4C8C27B70FAFADF6A47E95,0.0734539%,veSDT holder,
,0X279A7DBFAE376427FFAC52FCB0883147D42165FF,0.0681419%,veSDT holder,
,0X3DFC49E5112005179DA613BDE5973229082DAC35,0.0669528%,veSDT holder,
,0X53BD04892C7147E1126BC7BA68F2FB6BF5A43910,0.0665658%,veSDT holder,
,0XF9A2FA22CB7DF26E3A10622C696F37FC345C6239,0.0641230%,veSDT holder,
,0X84F87DC95E563CB472A1FBC6CDEC58E9B74AC882,0.0608714%,veSDT holder,
,0X865281FBA7F14511D77674A02C2F01C019D19826,0.0601522%,veSDT holder,
,0X044C53D8576D4D700E6327C954F88388EE03B8DB,0.0582483%,veSDT holder,
,0X6F9BB7E454F5B3EB2310343F0E99269DC2BB8A1D,0.0569737%,veSDT holder,
,0X50024C4C21AB223ABD1EFDB9635EEA0E0B90EE6C,0.0563240%,veSDT holder,
,0X0183D9BE08DB4024C2DC9AEC10B9526FC6ADEEF7,0.0557766%,veSDT holder,
,0X8D309DE16A745C15FFA00A46DA4EB3E044C54D63,0.0528782%,veSDT holder,
,0XE6A3B16E73BD666A699E9C4DF286BFF35B3E62B4,0.0515154%,veSDT holder,
,0X30F1D1FFAD34B24BB8310AD9DD237B854B4DAEA7,0.0514696%,veSDT holder,
,0XD0C7F624C39A2B03CBFE0E4416360BFBF3E8AC82,0.0493490%,veSDT holder,
,0X3DE51076B07CA102ABF377A0718FB377669C9BE0,0.0442670%,veSDT holder,
,0XBFD80971023EC42C236979015657BBBE3F05A0A1,0.0441038%,veSDT holder,
,0X13CA88C90C49024AC11098965B9FF4D4A1550768,0.0440801%,veSDT holder,
,0XC344F940332D3AA76E4F20D7352AAF086480111F,0.0388924%,veSDT holder,
,0X41AD5F8E6C123DC7A5577EE8263D761BA6F9D6EF,0.0383682%,veSDT holder,
,0X65BB797C2B9830D891D87288F029ED8DACC19705,0.0360660%,veSDT holder,
,0X283CA084CD3FF3640B7F2436F5B98AA495870116,0.0351472%,veSDT holder,
,0XA7499AA6464C078EEB940DA2FC95C6ACD010C3CC,0.0348904%,veSDT holder,
,0XDFF2AEA378E41632E45306A6DE26A7E0FD93AB07,0.0340264%,veSDT holder,
,0X794783DCFCAC8C1944727057A3208D8F8BB91506,0.0338133%,veSDT holder,
,0X7563839E02004D3F419FF78DF4256E9C5DD713ED,0.0333579%,veSDT holder,
,0X17ED9ED24F146DD26DF2B39AD7CB195E9B50571E,0.0320193%,veSDT holder,
,0XFA8343C666C7B4E617E502C7070A31C52D5A46EC,0.0317373%,veSDT holder,
,0XB7B574DF3B93941964653D34538C16ED08CDDBEA,0.0312540%,veSDT holder,
,0X66BB7C182672A4B4A1C5891B9FD708B241EF3622,0.0309801%,veSDT holder,
,0X4846AEE6D7C9F176F3F329E01A014C2794E21B92,0.0296975%,veSDT holder,
,0XC5573284C8A9F9E250056DAA12A89416294FF651,0.0294031%,veSDT holder,
,0X4A6854B88BFC87369CB9CA1A488E1A2CF76748A1,0.0293974%,veSDT holder,
,0X3B7F2E79F180AE2CA1AC30EF26E8FD51D0382D7E,0.0292721%,veSDT holder,
,0XB957DCCAA1CCFB1EB78B495B499801D591D8A403,0.0290978%,veSDT holder,
,0XF4A587311AAD1F2D6B0A86BD41566345B371534D,0.0289530%,veSDT holder,
,0X779CC140893D756715A1870A77C2606A35EE83EA,0.0289388%,veSDT holder,
,0XD007058E9B58E74C33C6BF6FBCD38BAAB813CBB6,0.0289152%,veSDT holder,
,0XC1133C83D409724727FF6699F14F040746E5AD01,0.0280177%,veSDT holder,
,0XAB35DA48CDA265A65A0DBA5BA39EE612970CE21F,0.0276583%,veSDT holder,
,0X285B7EEA81A5B66B62E7276A24C1E0F83F7409C1,0.0273308%,veSDT holder,
,0X53E213DA8C28D85DC6663C3B5E35BB0FFBB05752,0.0271652%,veSDT holder,
,0X89F9B13119004B52F333F36F104D591103E9AF1A,0.0266950%,veSDT holder,
,0X5919B3D42BD84E816533C2DD6A7DFF7D02303E87,0.0262827%,veSDT holder,
,0XB7D49ADB031D6DBDF3E8E28F21C6DD3B6F231CD5,0.0260576%,veSDT holder,
,0X539E96FAD131EF18075472ED8C5FDECA1075D0FA,0.0259628%,veSDT holder,
,0X1D9D7711A5F625F5867F81DCB99B39A08C0B10FE,0.0258856%,veSDT holder,
,0XFE3E3AC01934577BB11A2DF9328533CF31AB90FC,0.0247383%,veSDT holder,
,0X8CC8B550D0F97C8CCE1E76BD7D0CB8D36C4FBA8F,0.0245684%,veSDT holder,
,0X64093C9ED791D32ADB7FAD1A8BF877B7A5F0D0C8,0.0242487%,veSDT holder,
,0X4527C75DFC50A5390DC663F81B627C39E7B9ACAD,0.0241191%,veSDT holder,
,0X96B0425C29AB7664D80C4754B681F5907172EC7C,0.0240952%,veSDT holder,
,0X6394C5B991B7D5352EE36BBEB5497FF307E510F5,0.0240680%,veSDT holder,
,0X6580B4A8AF96532EEE64FC7079CA9DCD3DD1B815,0.0237912%,veSDT holder,
,0XF3F49DD68586335EE3B01A86368043508C962C2A,0.0236408%,veSDT holder,
,0X618F2455B7813B407B89097D979824989D64993C,0.0232491%,veSDT holder,
,0X8061199A31983A077E691C08B2263A4CF5C24093,0.0227251%,veSDT holder,
,0X9182132106961D76D099219CC7986C34ECA721D4,0.0227194%,veSDT holder,
,0XDF1BEF7BE75DC4FC88E704A27E334846AC6B0072,0.0224803%,veSDT holder,
,0X134C6E76EDF4BFB728454916040B84DF8C792206,0.0224263%,veSDT holder,
,0XC26A6C794E1413ADBCCDAAF2E12D8DF79DC84675,0.0222339%,veSDT holder,
,0X8332C9C551E658FC172B55FB6093346F157B99B1,0.0220468%,veSDT holder,
,0X7618329B8D67DD743EF8A2F966D60B4D6F39B18E,0.0219599%,veSDT holder,
,0XDBC9AF0B86644006DF192EB7D2D29C6378024AED,0.0216992%,veSDT holder,
,0X270042A7623A90E6EBE6AE6E3263D61896B46906,0.0215049%,veSDT holder,
,0X9843C8A8263308A309BFC3C2D1C308126D8E754D,0.0212224%,veSDT holder,
,0X8022D66041075AC83D4CBEA30A60A6002E3067E1,0.0209530%,veSDT holder,
,0X37B1884205CC47C2BF5CF5A0248946C4C0C85724,0.0207621%,veSDT holder,
,0X1A162A5FDAEBB0113F7B83ED87A43BCF0B6A4D1E,0.0206350%,veSDT holder,
,0XE36256F2E0CAE6E083E307C5E23E5CAA21A16ADF,0.0205156%,veSDT holder,
,0X6B80E28F1CCCA845BC27E8512A750745EC706E83,0.0203971%,veSDT holder,
,0XD8DE4C018FADB5A0CCCACB3EBD6A3FE916F224F6,0.0198779%,veSDT holder,
,0X989225F2F9BA272ADBCE6D579232C4113EE998D8,0.0196458%,veSDT holder,
,0X0397D4A6F9078884A1815F9DBE1E3FDCCFDC4C50,0.0194608%,veSDT holder,
,0X4D2EB1B7C4B2814D04967263D7C5B21864E9FE08,0.0193740%,veSDT holder,
,0X310D5C8EE1512D5092EE4377061AE82E48973689,0.0191130%,veSDT holder,
,0X7C9F43215D3B3D5055433A9D7B12BCBF9F4BE442,0.0186507%,veSDT holder,
,0X50ED348F85DE0772A61FF63BBE33DF8DB30DE1B2,0.0185884%,veSDT holder,
,0XAC96AED784EC6C2FD83B159AB0A5F4BA1DC890BB,0.0184649%,veSDT holder,
,0X6CD71D6CB7824ADD7C277F2CA99635D98F8B9248,0.0183228%,veSDT holder,
,0X99E18243B0C1991FEDE00EFC319A16EBD6C224F4,0.0180886%,veSDT holder,
,0X16B946273A1672D4BF213718F573F2F6AD1C874D,0.0177132%,veSDT holder,
,0X0B86B1BCCBB0222C8D877EFAD8FB06C4116AFA08,0.0174591%,veSDT holder,
,0XDC7AA225964267C7E0EFB35F4931426209E90312,0.0174578%,veSDT holder,
,0X7C132BDE28AD1E0101D45121757D7C6C2E8A550A,0.0172634%,veSDT holder,
,0X766C64D809056FBB492FDB410A6B4857C015619A,0.0167033%,veSDT holder,
,0X0E569D21238A29D82ACBEE5E51C717BAC80A2DD8,0.0166455%,veSDT holder,
,0XADFC26B6520A35C37AF3AC5AF174249737EC612C,0.0166356%,veSDT holder,
,0X8942AE01572653790D83959BED158498FB2FA330,0.0164255%,veSDT holder,
,0X584BAA4B71B0A3FA522658128F36A6A4ABEAC2AE,0.0163663%,veSDT holder,
,0X8CBCDA0CD7DF045CF7FBF4B477DCBDEA3D88746F,0.0163593%,veSDT holder,
,0X646985BBB677653E5768139D354CA706F1858FCF,0.0163118%,veSDT holder,
,0X10C16C7B8B1DDCFE65990EC822DE4379DD8A86DE,0.0160846%,veSDT holder,
,0X9A17E9F6363907CFA3DA4ED7819914128F9A80C6,0.0160505%,veSDT holder,
,0XB6DA08CD77DA865E99BBA2868AAC74EA2CD58162,0.0160359%,veSDT holder,
,0XA4005F0C192EE6BD2F8CBEB905A8CD416FAC81A6,0.0157687%,veSDT holder,
,0X6BC03D43A138B295541739EBBF89B8BFDC2D00A5,0.0156858%,veSDT holder,
,0XD18C96B6CD70987189B95E02B27D98E681BBA100,0.0156745%,veSDT holder,
,0XDBDE6081017F0A9F88DB0B23EA731F75E5285242,0.0152837%,veSDT holder,
,0X9C48D7B9E2DC3C625B5AD89CDCBAE6B9D256FCC2,0.0152437%,veSDT holder,
,0X907866219DB0A1B913F19339CCAF340C2144676C,0.0150655%,veSDT holder,
,0X49DE76E8E7C1B6A974D6B766B9B5F5D199566E94,0.0147867%,veSDT holder,
,0XD2B3CC8BA7C3FFF4CE7FF54C4473F23521347737,0.0145467%,veSDT holder,
,0X6E65CE4CC07FEB24B7D0439422B7FE58B93B9CF6,0.0143899%,veSDT holder,
,0XD3B2656ABF824FB402E47BB6D09F42E90F2C5898,0.0141048%,veSDT holder,
,0XECCB9B9C6FB7590A4D0588953B3170A1A84E3341,0.0139696%,veSDT holder,
,0XC219CAFDE6855F60DA76D9CACC3873FDA65516E6,0.0137514%,veSDT holder,
,0X7338AFB07DB145220849B04A45243956F20B14D9,0.0136935%,veSDT holder,
,0X16394A7943F7ED198F588886E2F179DC6D280DA2,0.0133309%,veSDT holder,
,0XA81ACE214B97D4B9C2072A934D0C4DE486757538,0.0131032%,veSDT holder,
,0X12156D00D62D96771F5D8A33A5A19BF3D877AC6A,0.0130111%,veSDT holder,
,0XAFD9272149FB3A5882B4883C38020F0BE29F7620,0.0127191%,veSDT holder,
,0X18F87037FF5E16C69199F1A8B54CC3A9D05F7889,0.0126632%,veSDT holder,
,0X6384D3861D0DADCDC758D06DA7D9628E4ED41D1A,0.0125267%,veSDT holder,
,0XE515CA170A2F702217722098CB0DC6A5CAD8D1F7,0.0123624%,veSDT holder,
,0XB94933ED24D074CD1C753A568FEE6D9E9F56207D,0.0116381%,veSDT holder,
,0X946FB1B69A0F53599CB685A9A12F870F280C5BD9,0.0112953%,veSDT holder,
,0X4385EA82E381D1C61B414481B3CEFC43AF63217A,0.0112528%,veSDT holder,
,0X327AE09AEFFC9A276529B61870E896E733933801,0.0112003%,veSDT holder,
,0X16C19DCC764767909059B29CCCD0448F4C8819DF,0.0109015%,veSDT holder,
,0X8D605E606B3AEE143FF0D039F63100A52F17D85F,0.0108881%,veSDT holder,
,0X85659407220A0D0BE9D142A578649759CE71533E,0.0107403%,veSDT holder,
,0XC540B6748F64547E213F8E4DBE84F23DA416794C,0.0106285%,veSDT holder,
,0X11E1B440E87D6A8C14620F06213B9E218A286271,0.0106259%,veSDT holder,
,0X8CC8AA103BFE1CD8755DC80C64539370B587909F,0.0101582%,veSDT holder,
,0X860B7ABD16672B33BAB84679526227ADB283ED8F,0.0100790%,veSDT holder,
,0X70A0E916BF70583601BC3A5B8676A17D354881FB,0.0099806%,veSDT holder,
,0X000000109781B8FE1EEEC8FB4507AA64BFCA5914,0.0099068%,veSDT holder,
,0XD7E612AFAE70671D5629DE0ECEBBFD435C9D1877,0.0098669%,veSDT holder,
,0X8DA33F7EF539A6346AE0B4330F41E04EE73BB7C1,0.0098456%,veSDT holder,
,0X4C37700D949DB46AA11A9F1627070F9AF31F8011,0.0097031%,veSDT holder,
,0X18279B53E9039866F0C5272DDD68B68A5F0E3359,0.0096628%,veSDT holder,
,0X236A264214E8CECD84B4A4C758A4D03888E9478A,0.0096019%,veSDT holder,
,0XDCEB0BB3311342E3CE9E49F57AFFCE9DEAC40BA1,0.0092502%,veSDT holder,
,0X1957C03396EFE2E6B12CDFBD73FD1441797787CA,0.0091562%,veSDT holder,
,0X7B87CEF4DD630C41F2A1C895B04AC6B3718F97BC,0.0091459%,veSDT holder,
,0X27639DAACADCF384B264EB3CF51C330FA754F141,0.0090112%,veSDT holder,
,0XE8B2D43EB45074B1DFAC494641E15791B32D27A6,0.0089519%,veSDT holder,
,0XA429AC8BD9382E7F69645CC30BD718B5D33D674B,0.0088682%,veSDT holder,
,0XDB02DB34221F6116A993B4A70CEFE28B9AFF379B,0.0088299%,veSDT holder,
,0XBBEB825902B70063C0BF85717ED6207157504177,0.0086381%,veSDT holder,
,0X617D08085F68070F00FE4945C1E57013F7600B12,0.0086253%,veSDT holder,
,0XA0619482C0FCF425D0571F49822F39B17A99B781,0.0086104%,veSDT holder,
,0X16F562FB6587A19E19761654ADB195F8BC879B5D,0.0084627%,veSDT holder,
,0X2B733CD3D79744DFCE9B0419453722B181BDEB12,0.0084084%,veSDT holder,
,0X275925F9B49BFDA9AAF135FF89AB6EF6080B1203,0.0082972%,veSDT holder,
,0XA80172BFCAB0EB8E4DB8D44F90A35B18463B8607,0.0080940%,veSDT holder,
,0X6CCFF7AE7C3F4B10BB46EC889719ECB034F746E4,0.0080693%,veSDT holder,
,0XB99D45612548A9DDD4ED063BD1638CCB28957A6C,0.0080069%,veSDT holder,
,0X96C07D27D239758361AFAC650847D82E7D2A8480,0.0079672%,veSDT holder,
,0X428F148EA830B663676E797A089B9086DA549B6C,0.0078975%,veSDT holder,
,0X2AF2B2E485E1854FD71590C7FFD104DB0F66F8A6,0.0077359%,veSDT holder,
,0X6A83570AFAB55DA767C87B78BDE55A1461A1B759,0.0077312%,veSDT holder,
,0X90E4DDAF91CD9228ADC27EA5422A383F513B5DAE,0.0077008%,veSDT holder,
,0XFED3A074B6DA0B753E5FC79F3E23297D97E73CE4,0.0076416%,veSDT holder,
,0X10027D8F80C1B33A07C94F79780C1D5D72A985B6,0.0076032%,veSDT holder,
,0X5F8C61DDF6A4D971866C5923409293FC36A6041A,0.0074473%,veSDT holder,
,0XC59910E5E2DD8225623B663491AA754F7013F067,0.0073476%,veSDT holder,
,0X08E5E4DF2F56BE734EAD5C80A3B2377616210A62,0.0073029%,veSDT holder,
,0XDF7BDB2D8E3C2C39B9367D887D497D450AD1C597,0.0071878%,veSDT holder,
,0X56CFC046C40F293FB179458FBB6B4AD19A7D852C,0.0071382%,veSDT holder,
,0XE71113A2DE36128A5D3258309E3F84C957BCA6F5,0.0070299%,veSDT holder,
,0XA156C65C69BB334DADD77C8C050CDAEE6A982AF5,0.0069983%,veSDT holder,
,0XBC6F1FFD1FC6AA7FA2B29D20D9B84EDC8887AA9F,0.0068645%,veSDT holder,
,0XF7EAB72EE14DAD3DFEF597420F669C25B39F938C,0.0068086%,veSDT holder,
,0X579B48FA60E901E75A8C143BB1ADC04D738535F8,0.0067960%,veSDT holder,
,0X3AF529A40FB3A8CC98AC9CC9B96D3B2CE4B14AFB,0.0067795%,veSDT holder,
,0X4FFC5F22770AB6046C8D66DABAE3A9CD1E7A03E7,0.0067233%,veSDT holder,
,0X3AC892A09165516D98EC9C02B95FF840AB4BADAE,0.0065445%,veSDT holder,
,0XD3349F4943C36BB050C6CE602F914CA94E5205CF,0.0065331%,veSDT holder,
,0X34075FC94358BB3A231105F3F8AE663C3960200C,0.0065326%,veSDT holder,
,0XCDE62DA282F2F027F772F92719EE79E8FC01D9EB,0.0064958%,veSDT holder,
,0X5BA8C82F74C61EC40C3C80B12800C2ED3773A33B,0.0064025%,veSDT holder,
,0X9B9A0B5C13D6354F46B52D03EDC81EB7DE22A942,0.0062761%,veSDT holder,
,0XB76951378AF8C5EBC1C93D0A41CC902ED19E729A,0.0062640%,veSDT holder,
,0X2A3058E950F53AE06614D96FF05277756874E70B,0.0061944%,veSDT holder,
,0X7B0068D73272C029F2D84DE79770AA96B733AB07,0.0061726%,veSDT holder,
,0XEB74C6E3C046E16190DFEFB7D3CBA84DB5790CC4,0.0060450%,veSDT holder,
,0XA1E04AB0AA6C4B5EBE41FF193BDFE5831043D53F,0.0060300%,veSDT holder,
,0XC8728AE130381EB77FC9A8B715564B00E83E19DF,0.0058957%,veSDT holder,
,0XD384CC029B537503895FE252F94FBA87A05D677E,0.0058884%,veSDT holder,
,0X26A5994176D34D128C5E6AB80FA0882A7DF4FF00,0.0058211%,veSDT holder,
,0X6FEB7BE522DB641A5C0F246924D8A92CF3218692,0.0057674%,veSDT holder,
,0XE898908CBE1AA10389F9BAE84A05A67E8F940122,0.0057627%,veSDT holder,
,0X943228378D4F29252DDD317FAEE5B86E01CFF2B1,0.0057235%,veSDT holder,
,0XB862BC6E6234AD0FE104055ED904BAF04B4187DB,0.0057216%,veSDT holder,
,0X7B9DEFFCA9356A99F95759AFC6E709422D845A7C,0.0057011%,veSDT holder,
,0X605D50F68E737EBF7F6054D6F7860010FC80971F,0.0056099%,veSDT holder,
,0XC6713D759524CC187ABA37868465AA67A150E7C5,0.0054792%,veSDT holder,
,0X5538793F0ED24FD4EA2FCD5225A40995A8F5AC3A,0.0053435%,veSDT holder,
,0X1E53145B6EE6AB512202E630431F20FF9496A64D,0.0052487%,veSDT holder,
,0X81ACBA11A66E9EDEABAA2FF28101153724892EB7,0.0052305%,veSDT holder,
,0XB3E7E79CEA7958C4B05CA6A39ACAE2D814BC2542,0.0052279%,veSDT holder,
,0X57740DD5FED3B8FF777BBBE73E5D7510B1DAF318,0.0052135%,veSDT holder,
,0XD2EFC72EA0AE33A5A6BB98763CCA121922350582,0.0050782%,veSDT holder,
,0X0437EEBE530B24E0F1FA95DCBB78AA0C903B3CD0,0.0050744%,veSDT holder,
,0X6FBC7B89B64D29009420FBB40C271F86ED30B980,0.0050252%,veSDT holder,
,0X8CD32134847E764A3784A87C5A5B4C13474F516F,0.0049607%,veSDT holder,
,0XEDA089739E7110819E680896A1EDF752F2532FB0,0.0049318%,veSDT holder,
,0XAAF2BE02FBCF9837361CAD6BD08DBBB139395140,0.0049253%,veSDT holder,
,0XC258D51D09BBFB9D99365E95D16D197A78469128,0.0048735%,veSDT holder,
,0X792039B776044F4D42D3A0E38202EA4D1ED141CF,0.0048033%,veSDT holder,
,0X6A13C07E33D1E663823B71B7330821D0F070A74F,0.0047900%,veSDT holder,
,0XA922137A1430A136BD4416F26785CD5821F68618,0.0047667%,veSDT holder,
,0X77C2E72268576C563B4F1B81EC33B6E801902363,0.0047137%,veSDT holder,
,0X83FEBCF72458393A3957CC9793A9F04FF59A3D45,0.0046318%,veSDT holder,
,0XBD035E63430E5A181941DA38F5F1672F890DEDF5,0.0045592%,veSDT holder,
,0XBAC1A5023A8FB2B7346E68BBDE497FAA6DDB8B9E,0.0045124%,veSDT holder,
,0X1B72BAC3772050FDCAF468CCE7E20DEB3CB02D89,0.0044536%,veSDT holder,
,0X7803AB56769DDA5432CDBD63749A6BEEB3180008,0.0043942%,veSDT holder,
,0X17134276CE356F3BACAD4E2B23222D9A088AC248,0.0043876%,veSDT holder,
,0X2C9BDD583E515EB958CB60FFE663B3ACF16412D5,0.0043825%,veSDT holder,
,0XDEA6FD4CC142C9D70FA01D7CCA511B9794CFC164,0.0043571%,veSDT holder,
,0X505FB4560914EA9C3AF22B75CA55C3881472AE45,0.0043475%,veSDT holder,
,0X54C9CB3AC40EF11C56565E8490E7C3B4B17582AF,0.0043395%,veSDT holder,
,0X4F631D83421E0B77738466B521C8F84BB5DAF504,0.0042752%,veSDT holder,
,0X0CE390F18AF702CCA546297845A4A51D102123CF,0.0042002%,veSDT holder,
,0X697AE7C6F50A0CDF1F26E86D2300BBE14DE640E1,0.0041289%,veSDT holder,
,0XB288E5AF8B0C9D462819568C6E6426DAE847435A,0.0041282%,veSDT holder,
,0XBE9064C409224D858F5FB12A5D3E8E417D9E28B7,0.0040596%,veSDT holder,
,0X4677C06757A2059C7B750FD5B59C2E65BF1851B3,0.0040381%,veSDT holder,
,0X017F8A86BC732B517E04A8E6CBB5AD22B899E4BA,0.0040292%,veSDT holder,
,0XC0B38A2A4324C984F8E90E3BAA98A2F0FB74D2C8,0.0040037%,veSDT holder,
,0X0B304924FAA64B0F040DCA67BC5175DD6078DB52,0.0039090%,veSDT holder,
,0X03AA1742194EE09C233A07227DEC1E48A6134FF1,0.0038135%,veSDT holder,
,0X21B46688692B680ACC10ED55C6806796282422AB,0.0037273%,veSDT holder,
,0XE4F8288E2E7EAEE5AC51DC8A8270715156544246,0.0035920%,veSDT holder,
,0X216694645A26E3FF463EDCBBA86F23F16E523860,0.0034621%,veSDT holder,
,0X61DCC507E71CEF30DAD2EF616B7A463D35E032C4,0.0034599%,veSDT holder,
,0XD28A4C5B3685E5948D8A57F124669EAFB69F05BB,0.0034436%,veSDT holder,
,0X34FF77A853A14579D2120AC08C5E342CEE08AD71,0.0034291%,veSDT holder,
,0XF8679C7A5CADF7974FF65C9203177C628F33AB9C,0.0034177%,veSDT holder,
,0X2EC5347BC461699FE1896B31F75A4F4821667996,0.0033871%,veSDT holder,
,0XE085F782E3168C1349296420474AEDB62797019A,0.0033825%,veSDT holder,
,0XEB8C65EA49563CA175A48052EE2894B6C961C6C5,0.0033555%,veSDT holder,
,0X8DF352DDEAEE7ABC815674051B75F4734A87B622,0.0033461%,veSDT holder,
,0XE47C505D89FC0A22DE1B2C4FB729B2C63F9390E1,0.0033291%,veSDT holder,
,0XB44AF899DD4DDBE53A41EE95EA017F5A9D9200C2,0.0032540%,veSDT holder,
,0XB4FE865B45442EE519E6EEBF2D78B1DD3BAD83B9,0.0032332%,veSDT holder,
,0X61FDFF48D154C6079E43CBF14027057B367CB3B2,0.0032248%,veSDT holder,
,0X0056D1FD2CA3C0F3A7B6ED6CDD1F1F104B4BF9A9,0.0032117%,veSDT holder,
,0X605572243C30AF7493707C9C8E8AA2EE25537E9A,0.0032114%,veSDT holder,
,0X00C23F61DC85C9495E4FB11C528BEEAF920254CD,0.0031670%,veSDT holder,
,0X6326F8D273C01112E76FE84886B58406A7FA2E39,0.0031403%,veSDT holder,
,0X0DEAE25FEA08FE58A26E534799F96978887F59C7,0.0031191%,veSDT holder,
,0XADFDA5E88D3642219427DC8278029B17A7DF5CE0,0.0031146%,veSDT holder,
,0XB4D502361A3C6F823EEB9A99AF09E110382206EE,0.0031013%,veSDT holder,
,0XF6CE8F4D9AF917823FEE582298810E4F0D947E0E,0.0030916%,veSDT holder,
,0XBB6945156984E41EB78F3B0459029ADC6B0AD739,0.0030742%,veSDT holder,
,0X935361EB81FFE4EEF326902AC37E8ABA82EDF403,0.0030310%,veSDT holder,
,0XB99497CBCE2E7940517C65FC46A13A6DDA3A1426,0.0030308%,veSDT holder,
,0X83B33BA5B1446955BEE0B3110C163150F555E40E,0.0029762%,veSDT holder,
,0X7E1E1C5AC70038A9718431C92A618F01F8DADA18,0.0029671%,veSDT holder,
,0X2778FDC3DBC3553F1F6F26D8D310F08DB49ABE4D,0.0029267%,veSDT holder,
,0X706AD7C44576567757229F6D399E0BAD8194E4A8,0.0029130%,veSDT holder,
,0XE335EA94352A4D9280AEF9232B3762C5234380D6,0.0029129%,veSDT holder,
,0XD3F2CC2A985F98AC34DF72A5F240E3D483375994,0.0028476%,veSDT holder,
,0XB7B1CC940CC88640089028D4910DE22E39E6D117,0.0028396%,veSDT holder,
,0X1279A8132C775EDE3E738CC2A753FFE47D009353,0.0027985%,veSDT holder,
,0XDB744A5853A0A8A81FEEDB4EFD5F69F0DE6825FF,0.0027969%,veSDT holder,
,0XD143ED1AE715FB149CB2356CA18138E29D308E72,0.0027725%,veSDT holder,
,0X6A9688ED3FEF9321B0AAEE5D0FA4823B27C520A4,0.0027396%,veSDT holder,
,0XFE934E659F63C6FF4D3332C82729EB88C41E7AC5,0.0027084%,veSDT holder,
,0X1931DB4F2AA47310C712156AA8C68BE444499AA1,0.0027052%,veSDT holder,
,0X0C0BDEE8E90CA7546AED12644398C7F4F15DAC20,0.0027042%,veSDT holder,
,0X55A4931F9DC69D334C7BC07A5A90775DFC6D0728,0.0026256%,veSDT holder,
,0XA3320F745611CF004BF02B8186D89AB2304A9FA9,0.0026220%,veSDT holder,
,0XAC92F8EF4F6E3872D0EF54E6680BE091E0C7A10A,0.0026215%,veSDT holder,
,0XC5DF8672232F1C2B75310E4F2B80863721705A12,0.0026205%,veSDT holder,
,0X073ABA73177668BA1C6661A4CCDDBF77DFC8809A,0.0026128%,veSDT holder,
,0X485F5DF0654C8405D6124821E95F093ADEC1B16B,0.0025857%,veSDT holder,
,0X340315B2B61DA0592653C49711941BB26E1902C9,0.0025828%,veSDT holder,
,0XC3A3F7D36D8CB95105983FB5CDC5898B890E363D,0.0025298%,veSDT holder,
,0X50DAF20699E6D747760E94172B54564B63F47D79,0.0025132%,veSDT holder,
,0X6C7BF227ABCFBCD8326761B53647BE00AEE907DB,0.0025055%,veSDT holder,
,0X8D9EA09C1087C75FAA39151557DE6A30C2A49E7E,0.0024662%,veSDT holder,
,0XA1A4C324EE447DE9B3A9FF55054F427B9E33077A,0.0024562%,veSDT holder,
,0XFFE271FC41ECCE146E14E518561B6943FE056978,0.0024278%,veSDT holder,
,0XEC2C1D280F978DE840B09727CBA971713ADA2F6A,0.0024088%,veSDT holder,
,0X37E06BA4B0403D33BBABAFD63662B1F0FBFDF2CD,0.0023917%,veSDT holder,
,0XB74125DF13CB9194D93D8B62E0DB30352F2B8001,0.0023640%,veSDT holder,
,0XAB9786A5E330B50E44579132B8A3CF7C1C3A9517,0.0023218%,veSDT holder,
,0XA6C5A2214FDD7D78CB04004063FE11586EB7A344,0.0022812%,veSDT holder,
,0X9E34A36937207415785907F783E8D5F1540BC7DA,0.0022553%,veSDT holder,
,0XEFD0199657B444856E3259ED8E3C39EE43CF51DC,0.0022296%,veSDT holder,
,0X3AB1D47D5019FB5427C951AFEE917853ED8B7C66,0.0021787%,veSDT holder,
,0X7B7810267F0BC89124EEAB093805C2FE6516449C,0.0021376%,veSDT holder,
,0XD29C2AC929F4684093B1E87B69B08A548715BA77,0.0021260%,veSDT holder,
,0XF2A552C9C301E683F810B94ACBD24B08D23972F6,0.0021163%,veSDT holder,
,0X2A1E3BA92176D165DA4F780BF60CAA0FFD25F7D4,0.0021122%,veSDT holder,
,0X138DF85038D8E72A391DA7C686F95D9FE2E0C9F9,0.0020902%,veSDT holder,
,0X3BAF04A1DACCB03F4806694CF1A266E1C4DF1310,0.0020727%,veSDT holder,
,0XA7ABEF772F118671390A557F1FCDFCA4CF0A52AB,0.0020401%,veSDT holder,
,0X0C7098D73F626770C99A9BBC7AD302D429ECECEA,0.0020072%,veSDT holder,
,0X6415A12867FF9C118DD8C4A7FDF41FF0AC879C20,0.0020065%,veSDT holder,
,0X3688A659CB2E42FC667E04C352742F427C5DB14C,0.0019491%,veSDT holder,
,0X9C3A5131D6A5052D24A516C671B86D9CF9A95C40,0.0019412%,veSDT holder,
,0X5FFB8156DAF3E5823C07F3DDD2EAB8BF288A13DB,0.0019385%,veSDT holder,
,0XC609B5595E38ACBDDE1672F9B482DB823F51668A,0.0019286%,veSDT holder,
,0X6AB791754298D6D6D7C182DC1572126B4ED24897,0.0019281%,veSDT holder,
,0X3C85533D835A8005AF852D47B0D0288872D627C1,0.0019106%,veSDT holder,
,0X4AD94A2686914E7D4C7463306770BFCBE837CD09,0.0018957%,veSDT holder,
,0X00D0E16A49290C17936E07A2F7EB834D8AF0E8E6,0.0018756%,veSDT holder,
,0X817ED85ECEA07D7E90F228DC3A78085B1022ED0A,0.0018662%,veSDT holder,
,0XAF51E6E946263E1D7B474073EE64EA0C5BC01DA9,0.0018565%,veSDT holder,
,0X3FE6DF15FBA72BEB40DAD79C561BBEFD5279E3FB,0.0018394%,veSDT holder,
,0XBA04EF733CDF056F2256F893AB779DE3BA5BC7B0,0.0018353%,veSDT holder,
,0X3F43A33BE58A84BFCA084D25328AF4AE41678620,0.0018267%,veSDT holder,
,0X48FB55ED1FB62ED26274FB805F6444BEA97C1F28,0.0018264%,veSDT holder,
,0X794F2331F69F9D276A3A006953669CD2FC23AB92,0.0018231%,veSDT holder,
,0X50BBF827267C4E920B512F8AA6C1C9D1A465A128,0.0018165%,veSDT holder,
,0XAFCCDC2F3CDA6B5488A41A037614899793A468A4,0.0018010%,veSDT holder,
,0XB21731D830B7E8460E5D6C66DC1CCC0A5D0A6B87,0.0017714%,veSDT holder,
,0X12DD0AA708C22F662611B9BB585AEF9CB4C3D4D9,0.0017473%,veSDT holder,
,0X3AA8440D4625F36A1C2CDD623BF269B820DE2AFB,0.0017239%,veSDT holder,
,0X247BC6556B5D14416332575EBC6A2E65D9DB3109,0.0017126%,veSDT holder,
,0X85B777C3FCEF0F387B394C5216E9414A9E881898,0.0017011%,veSDT holder,
,0XE7FEF163046EFC052F8CFA49A5FA449A2468A3EE,0.0016833%,veSDT holder,
,0X9BFC35E76DD986A1E341785E4E053E9C92160D6D,0.0016588%,veSDT holder,
,0XAB289E3ABA85CDEDC1B3A75A3FE1F3A9786FDC58,0.0016563%,veSDT holder,
,0X159F1CE105D49E158A8130A6108D045D8CE0AB41,0.0016441%,veSDT holder,
,0XB1CA00E303E9B282E544D3C023D575650D091CF4,0.0016394%,veSDT holder,
,0X9D0BEF0928291BF8D5807ECBAF82FF4483FF5847,0.0016358%,veSDT holder,
,0X35F75D2D3F9F2CD42B3491DCF541B11D111D970D,0.0016358%,veSDT holder,
,0XCFFEA940AE53725FFE834895C79CE3D2B5C0FF86,0.0016308%,veSDT holder,
,0X8A3418E43AC6876F62B21224B3017CCC4604D3B3,0.0016269%,veSDT holder,
,0XE0A46DB77FE3932A901214BFA0A1389D3E996332,0.0016119%,veSDT holder,
,0X521CEE116E4926B7988CD53950F946995F649985,0.0016084%,veSDT holder,
,0X9C9C45CE02FE2D66BFF2F2E6EB381D54C3A6616A,0.0016068%,veSDT holder,
,0XF0754756E71AAC7AD2B6497E7006F5E44D68D592,0.0016059%,veSDT holder,
,0XAA90BEFC76B37F487EEC5C1A593EA5B9826440BE,0.0016054%,veSDT holder,
,0X51669BA0F2C88F282A1577756BCAB738FDEEE445,0.0015992%,veSDT holder,
,0X87A92B2C3230B92BD4D44131844F951E575FE4E8,0.0015785%,veSDT holder,
,0XA891183826AF953FBC321AAE437889544324AA2A,0.0015763%,veSDT holder,
,0X1900E40D1942DF3AFA3E34D3366CB17818A912C4,0.0015735%,veSDT holder,
,0X73051A64044FEA61A6100EB0B55C9087BE32CCA3,0.0015674%,veSDT holder,
,0XEFDE6A97AF618AD407211C3D5D494BC257948208,0.0015656%,veSDT holder,
,0XFFF6B41A29881FC97BD6E8778529B1E37597D94A,0.0015519%,veSDT holder,
,0X96A1E88DC09887DE698B9B4BC722AB505D2BE452,0.0015458%,veSDT holder,
,0XB248ADFF7438C3EF405181EEEC9B334DE31F6244,0.0015456%,veSDT holder,
,0X49FA0A71C8C1E4C1A08BE6FC124351D5CE8ED7EE,0.0015274%,veSDT holder,
,0X4B678956DB3792C18D633BCAD169DE273382998F,0.0015260%,veSDT holder,
,0XC7B42F99C63126B22858F4EED636F805CFE82C91,0.0014739%,veSDT holder,
,0X7C74064A6F2A1307ADEC89F7EF0FB0C8588A310C,0.0014651%,veSDT holder,
,0X08FF503A53752BA83C095E66D4EAB05CBBC30CC9,0.0014582%,veSDT holder,
,0X446EFDD76732718F14E2D9A76680F20FCB6E5D6A,0.0014573%,veSDT holder,
,0XB77CD1970963DACC0C44EC43497737D5EEF5E51E,0.0014367%,veSDT holder,
,0XAD1A74A31B00ED0403BB7D8B11130E30AE15853C,0.0014328%,veSDT holder,
,0X04B8FBBE534B616D12ADC6A918FE4E9420612169,0.0014221%,veSDT holder,
,0X13AB5E30DEAC9CFF34BE7CAD126F8B464A8B7450,0.0014138%,veSDT holder,
,0X22169E0694DE4A74133BD06F01857556408F2BA2,0.0014017%,veSDT holder,
,0XA09427E2DB1844B0D5D9B8BE9CFAA308D6CA893D,0.0014006%,veSDT holder,
,0XCC544D284D88640EB44E943E2C992E18D75D2132,0.0014001%,veSDT holder,
,0XAF5B16F740BED90AF42DF6C28E5CD79458C102F1,0.0013978%,veSDT holder,
,0X429952C8D27F515011D623DFC9038152AF52C5A8,0.0013819%,veSDT holder,
,0X96E32DD0326AE6CBEDC6F0B8893205C6CA87C897,0.0013476%,veSDT holder,
,0XB357898E23A2D72CF63080DDE46693E890F2A9A7,0.0013240%,veSDT holder,
,0X583ADC07F0B3EB8F5873C9D923CFE74546DD2F31,0.0013175%,veSDT holder,
,0XB08B6E477CB6DC478DE2ACC2853577B83A6F97E0,0.0013151%,veSDT holder,
,0X9169E947FD20FD3E0AFCD769BF70260743CCF490,0.0012707%,veSDT holder,
,0XC913A8B5C99A10CC4A9F91DCD0CEE32FC27FA184,0.0012645%,veSDT holder,
,0XAFDD645E4D91C124800375C4F9028C01F6F123BE,0.0012459%,veSDT holder,
,0X30E90CCBB23704A7D893FBC20CDFEC712A6B2A41,0.0012352%,veSDT holder,
,0XD7DFC5F27CCE8F0D1B970894C338F7FB3C30264B,0.0012239%,veSDT holder,
,0X993B0BFB1A1326542B150312A88BC7D41070F2CA,0.0012191%,veSDT holder,
,0X59A9E07303A6370BF6BEE1B7C87BA5BCED538551,0.0012166%,veSDT holder,
,0X7FAE72A3954B1D5AB585CEE84B34975326EB5A98,0.0012077%,veSDT holder,
,0XE8808F115442F9BE86786C32A490558B8EF7451A,0.0011758%,veSDT holder,
,0X58FD6D6FC853D6A4C914C8AE5B8B391B9E76641C,0.0011739%,veSDT holder,
,0X69344717556C64DC49A2BA36267A04EFACF34D27,0.0011560%,veSDT holder,
,0X0C6AC3FCEA667FD6C62483CE1DBBCE6F6CE0FB1F,0.0011544%,veSDT holder,
,0X309D34937BB9CC5939489E4695AE082AC926FF60,0.0011433%,veSDT holder,
,0X49A5492FDFE5ACC966DD5F41310DFDFE8DAA349C,0.0011344%,veSDT holder,
,0X3ABDEC634F30ED416F723CC5B4B95859651623B2,0.0011312%,veSDT holder,
,0X758A98B6100D63E47EEEC563EB353DB168058709,0.0011311%,veSDT holder,
,0X76E313F2BFAA058B943CB5067DAFFD6545184349,0.0011145%,veSDT holder,
,0X8453D9385AF5F49EDAD9905345CD2411B5C5831B,0.0011115%,veSDT holder,
,0X1A6E0306E3D8B32CE91F596293034B3A16E4A45D,0.0010941%,veSDT holder,
,0X6E7103EC14D6F89EBCAF1D526520B9BCBC760066,0.0010939%,veSDT holder,
,0X0039E762ECD8E8F074E93575DC395ABFCE4EF8B6,0.0010865%,veSDT holder,
,0XEE98BDCDF20997DDB097ED4582EFED9DE87739FE,0.0010543%,veSDT holder,
,0X0272EC6B528511F6D6D10F034DF8EAB8EC2E6FEC,0.0010483%,veSDT holder,
,0XF2E12A2C3E0C52A0D94F5D7296AA1E5F9050D790,0.0010460%,veSDT holder,
,0X296E0C21DB4061EBF971E55D5DB85011E7FF9797,0.0010456%,veSDT holder,
,0X6244CB96A99B7557C0ED56E7633CF2C70E435B82,0.0010407%,veSDT holder,
,0X58E03D622A88B4012EE0A97235C6B110077FB867,0.0010401%,veSDT holder,
,0XB5F9883A9318F3C7BC50A40BE24F975885FE13A5,0.0010360%,veSDT holder,
,0X3D7EBE72E6C787434D98846516BB9AB7FA160EBF,0.0010328%,veSDT holder,
,0XC9AC469A46BC539276E6DB7DD5BDDB8AED44817A,0.0010138%,veSDT holder,
,0X8D276F0FAE1117EB9CC8A7ABE064A61C5BB089E4,0.0009924%,veSDT holder,
,0XD05296FE69AD59F2707836C9592021A8D6964651,0.0009913%,veSDT holder,
,0XE8F4DB2D3476B3EE198CC1D32651CD9D082EFF89,0.0009858%,veSDT holder,
,0XF670FD01A42A80C5098D4785638F7B0A8AC69010,0.0009733%,veSDT holder,
,0X672AD06B73BBBD8B382974A41C8847379160A3C5,0.0009623%,veSDT holder,
,0X0DF3206A98F9FEAD898CD5BB8CEDA5BB8DC9563C,0.0009481%,veSDT holder,
,0X7B45AA3965CF5CA38EFC7A20E13282E76DD2839A,0.0009416%,veSDT holder,
,0X9FB9BC016D62BC8ED3C3AE47EF0B33E104E86EFF,0.0009334%,veSDT holder,
,0X5EDA2DC136986FC88D4DF5696BC464F96A20268A,0.0009176%,veSDT holder,
,0X7B7ED649C56081926E4032DC10AFBB9B9719A574,0.0009035%,veSDT holder,
,0X910DA78AFC36463FD15896BB441984552B236164,0.0008956%,veSDT holder,
,0X1CBA9D034A4E8A9C4AA6A22D7CF16E9028BECD3F,0.0008914%,veSDT holder,
,0XD78B449869956EE5369D955D885931D029BC5004,0.0008721%,veSDT holder,
,0XCA3467E0683EB009A3F8BB8D4F9AF040684B9763,0.0008659%,veSDT holder,
,0XEC429BB4637BD756334BECB0486472DD787F8A2E,0.0008525%,veSDT holder,
,0X8A97FF08958A4637C85939D13B29B5DCA6DBA977,0.0008476%,veSDT holder,
,0X04BB65C2E198634AEBCA94D49349744070946212,0.0008389%,veSDT holder,
,0X51FCABACB8C52B52CDFACE427B7F6A19E405E931,0.0008380%,veSDT holder,
,0X7132B5EDC9EE267C58D3562D3E621384B18DA7F3,0.0008367%,veSDT holder,
,0XAD4489F64A8BE791294116D3E99D2721C7F0A72A,0.0008159%,veSDT holder,
,0XF66CA15979D48AD222D96408F9E808F88E2FB0B2,0.0007973%,veSDT holder,
,0XD7403E50D1C318BD31020A3351C2690188E0E0BE,0.0007970%,veSDT holder,
,0X3DABE01D3A191CB1A7B8973FD7608EB3ED5AE1A6,0.0007955%,veSDT holder,
,0X8E53C3F9B5D7427A12657F71B1020B20B0C28398,0.0007874%,veSDT holder,
,0XD1BBCA0DFDE1F51CCD17E33DE1A7EAD48FAA1D68,0.0007856%,veSDT holder,
,0X7E5CE10826EE167DE897D262FCC9976F609ECD2B,0.0007838%,veSDT holder,
,0X442B263A0AAB7C90A822A99E49D27CC8D2AF20ED,0.0007684%,veSDT holder,
,0X732F8C11293A005E85F29786FFA0A43AA4F1CC42,0.0007647%,veSDT holder,
,0X8006F3CDD9A786D2BC4D39DF43ED7D3C8BE6A6AA,0.0007474%,veSDT holder,
,0X3F0E6CC4A9905ECE643F7124130450C50141B570,0.0007427%,veSDT holder,
,0XFBEAA520A876A3F351A572F832FD628C5DF473E3,0.0007270%,veSDT holder,
,0X225509847509F66C9BD49CDA9714F481A3A6200E,0.0007098%,veSDT holder,
,0X856B35CC1B9A67868500463BD01F145591C674E4,0.0007090%,veSDT holder,
,0X4D40DA25BFFE3B27304809D620DA4B1A338AC2DE,0.0007060%,veSDT holder,
,0X39591DD1144DF1F51887E221E034E39556367FFA,0.0007057%,veSDT holder,
,0XECB032DF1AB4FB7CDD486AFBD5D1445C7B2E220F,0.0006835%,veSDT holder,
,0X5EDF79DA3169DC23CD133F3E50644EAF02FC72A2,0.0006818%,veSDT holder,
,0XFB0F37C0456D60EDED9B64442DFB0C4847CDD06A,0.0006799%,veSDT holder,
,0XC38899D01DC59A92E38CBE5FEEC9FADD0EB063B9,0.0006740%,veSDT holder,
,0X7FECC27971E31A6408E44904BB50E92917054A56,0.0006695%,veSDT holder,
,0X8B478359B5593747473E67F78B1F0048C1C523ED,0.0006668%,veSDT holder,
,0X98083FAC41FB1D787AE486DB2A9044DA003A4B54,0.0006668%,veSDT holder,
,0X73B4CCFEB65A0CD6B8C8AFCDA03080969E2DC40C,0.0006489%,veSDT holder,
,0X78BFA2A0241804733C58091D431B5A840D9D6F73,0.0006432%,veSDT holder,
,0X62BC3DE30E94277213C44C21C55AE0BEE8AA956F,0.0006425%,veSDT holder,
,0X1C9674667D8468204452C52D610A0883E97C22AD,0.0006417%,veSDT holder,
,0X8B411D7225B5E7C042717D89D6564AA0C828184B,0.0006407%,veSDT holder,
,0X210259F1179EFDE31AF423C9BFB10E0008FC27D6,0.0006348%,veSDT holder,
,0X0411E650DFF0C6680C9E147F2413E0480718AA27,0.0006322%,veSDT holder,
,0X5FB5E55431AD15F6F262A594D3BE218ACEDB9268,0.0006306%,veSDT holder,
,0X278A8453ECF2F477A5AB3CD9B0EA410B7B2C4182,0.0006270%,veSDT holder,
,0XA05ECB17BF402A9C798B6EF68B30FF55E1E58949,0.0006161%,veSDT holder,
,0X5DB8963565D487B0C6DAB201F57451F0CF02CD3E,0.0006160%,veSDT holder,
,0X54426307974B659B48E70B1FAA44F17AA0E3C4CF,0.0006038%,veSDT holder,
,0XE39FCB060254192C4D4889DB9F36F070B65D3A2E,0.0006017%,veSDT holder,
,0X2BEBA030CDC9C4A47C5AA657974840428B9FEFAC,0.0006011%,veSDT holder,
,0XDE17E79A51F274B23BFDDE428A73F907971BEA49,0.0005978%,veSDT holder,
,0XBFD62552F91AA7DF5080F1E8C8C03C1EC7F99F6D,0.0005960%,veSDT holder,
,0X2A60A54D83D98C0E70DBB52B8A1AA989354650D1,0.0005884%,veSDT holder,
,0XD70804463BB2760C3384FC87BBE779E3D91BAB3A,0.0005823%,veSDT holder,
,0XDB1345A4A059280FD1511339E372EFD026F2F6DB,0.0005776%,veSDT holder,
,0X35A9E56E105FC3080C46D935AFCA5B961DD34162,0.0005712%,veSDT holder,
,0X05CE7C0DF5D2EE867C8400FCE77C05C0A4BCA00D,0.0005687%,veSDT holder,
,0X2D1F98E03EE1261E87718DCA1654D357F582AAF9,0.0005680%,veSDT holder,
,0X941B5CC402CDFC30B94989726BCD9C638CC9A4DC,0.0005679%,veSDT holder,
,0X71B92005BE942AEF9C4AC49A72D1633066A9377F,0.0005639%,veSDT holder,
,0X35DBAF8ABA2FC63A9250DFAF5754B512E37C73D7,0.0005571%,veSDT holder,
,0X528C0C6B412C50C4E4E5A685DECBDD108A67412A,0.0005536%,veSDT holder,
,0X7B167403D1A602832D03E9E97B2B7FFFD21200A4,0.0005489%,veSDT holder,
,0XE748B8C3341CAA1B54862992832108F0CBA91E7D,0.0005448%,veSDT holder,
,0XFCFDF5CF7573CB8467A5D371419B024005BC70B2,0.0005281%,veSDT holder,
,0X777D1868FC2099ADD81AC239ED3F2D31420A52EB,0.0005180%,veSDT holder,
,0X2F1EA6322C976925F5121674196A364C05A2EEC9,0.0005086%,veSDT holder,
,0X870DC279570833A8C5A72FC7972681DB9A96CFB7,0.0005083%,veSDT holder,
,0XF3EC5E9442EC438892113F98491E0F7317C6F088,0.0005032%,veSDT holder,
,0XABA09EA89797757A86FAAD95054445B73E2FE853,0.0005024%,veSDT holder,
,0X374D5221A4367FE746CC6C92D333C6CE15386FCD,0.0005015%,veSDT holder,
,0X3BED0248AA7A83E2C26D5E6160323D061D569C5C,0.0004921%,veSDT holder,
,0XC39A433D6A7575B6F310C189A58D73DEE1596B93,0.0004882%,veSDT holder,
,0X8B80755C441D355405CA7571443BB9247B77EC16,0.0004790%,veSDT holder,
,0XC588B3B143F4E17DD78DFA5998A0678B3066C5E1,0.0004756%,veSDT holder,
,0X9C16695C0436834498B836799507F8F499D8F3E9,0.0004742%,veSDT holder,
,0X0BA08CE2E477C8874F162E8AA87DEB41357EABC1,0.0004739%,veSDT holder,
,0X8444C0D0907B2DF7F5B3617D2876CEF48E15F300,0.0004691%,veSDT holder,
,0X266F853BC77371C341CEAEB92C87B069508C7767,0.0004689%,veSDT holder,
,0XF2FF2BC69FB16674D0CC58BCDD7F674DB576BC77,0.0004674%,veSDT holder,
,0X75AF1D180910C304EFC185886F220D474AEBCEB7,0.0004659%,veSDT holder,
,0XBAFEEF7AD78BC2EC4EE5B2938A4396C0D6BEC231,0.0004587%,veSDT holder,
,0XBB4370B2EC5875ADD56B9434AE9232D1BCE5E9C7,0.0004556%,veSDT holder,
,0X0B9D30F27BBF922350B10E70B44BB8FFDA6EE130,0.0004394%,veSDT holder,
,0X901A89CEC0608EB5435A915F006B45BD46405314,0.0004381%,veSDT holder,
,0X370A5275F69CB3C2E76CFE575CF7F846F906B34D,0.0004316%,veSDT holder,
,0X668291B9CFD5DCEF41EBED2238EF1F450004EF7C,0.0004215%,veSDT holder,
,0X829E2FB3A97B1EC43D8251FC9EC3B870DE27B002,0.0004185%,veSDT holder,
,0X4F8E725B6EBA799E2445760C6C21BFDE945A141A,0.0004129%,veSDT holder,
,0X481791E002FCFD7D979CE7896546419CE511164C,0.0004118%,veSDT holder,
,0X2FA37CB96C19E9B1F9AD060AED00C0CFC727AE39,0.0004105%,veSDT holder,
,0X5D97F3A8BB293F9561892091779ED6AF0DF209C1,0.0004010%,veSDT holder,
,0X9F2F1E96E88B077B43E664FC71FB92028BD1F00D,0.0003994%,veSDT holder,
,0X95AF7FFFE0E7D40956D77BF3F55156D4483B4693,0.0003939%,veSDT holder,
,0X294C3C4F59B7A422230E59700BC0AE11020AA1C8,0.0003840%,veSDT holder,
,0X5505F7442FCBAD24F65265C422F8A055993815C4,0.0003832%,veSDT holder,
,0X68BFF212BEDA8942358A0D0C17D50B305F65B2F9,0.0003826%,veSDT holder,
,0X52226FC7A4B931B962427DA1BE5734ED3A40CC1F,0.0003740%,veSDT holder,
,0X5B78AE09929C53C77BA29A13265E35A2F62DD89F,0.0003594%,veSDT holder,
,0X912F6071C371C4571282081A2E55CBB0CB6D0FFF,0.0003560%,veSDT holder,
,0XA3075C4B90BBB66548F4EED3784A283CAC569479,0.0003515%,veSDT holder,
,0XC0A9281B18FBFF16019F497BE053CC9864047347,0.0003498%,veSDT holder,
,0X7BCD790D1282622DA859625F3786BE9F33042D50,0.0003459%,veSDT holder,
,0X664C556F541066791CD50BFE290D70947BD33989,0.0003457%,veSDT holder,
,0XFBD50C82EA05D0D8B6B302317880060BC3086866,0.0003365%,veSDT holder,
,0X2218789BAFF037CB8D8A04E20C8C686D93250192,0.0003359%,veSDT holder,
,0X3D99021CC2480DC1288338696538786C45CE3AF6,0.0003345%,veSDT holder,
,0X94228872BB16CBCDFE010C42A8E456D15B366BF1,0.0003288%,veSDT holder,
,0XA07DAB9273FE521A55EAFF0F00A89BA34A6E5811,0.0003286%,veSDT holder,
,0X309DA507EAF831BCA924EE6380B1BA7803CDB904,0.0003209%,veSDT holder,
,0X86D1C6556DBF88CE0260D2D3C6A1BF5254C3E3BA,0.0003149%,veSDT holder,
,0X81FB81624E47FCCCBD2A9E191188F5D026E315FA,0.0003118%,veSDT holder,
,0X7003339F56CCE695E3B8D25C423F2F4256BF709E,0.0003041%,veSDT holder,
,0X8170F9304373DC5EB1CB91CD1EDF878769C69B3C,0.0003034%,veSDT holder,
,0X391BF92B788150D6E8F23ECC9624499552E2A092,0.0003018%,veSDT holder,
,0XBF0B7BCB58ED411F702526C5307760D38A7682CE,0.0002976%,veSDT holder,
,0X45A5D733DBFF67CF104A4FC027021579CE2AE0F1,0.0002970%,veSDT holder,
,0X0167767E7FFABD6E9FE1F958535BF296622D4B21,0.0002962%,veSDT holder,
,0X0319EE8AE899F358026FD946BBBDBFD0E59C0A6E,0.0002942%,veSDT holder,
,0X0949A7F9A41640378335E9A9FF48B74E5EF26B07,0.0002930%,veSDT holder,
,0X755FFD7C9360EF5A836E665B1C7C3FDB9E3F2F05,0.0002922%,veSDT holder,
,0X2B93E7DE6C63E492BBCC5C1B9A00BFD3ACBA3224,0.0002889%,veSDT holder,
,0XC262FF039501350BE0FE2D8F6CF9D55D72BB30C2,0.0002876%,veSDT holder,
,0XF56036F6A5D9B9991C209DCBC9C40B2C1CD46540,0.0002764%,veSDT holder,
,0X6B32BEEB5004778047B53B7B47DC0B345016EFBA,0.0002691%,veSDT holder,
,0X7622F628135378F1B8D1876952DE9BAB80245F1C,0.0002691%,veSDT holder,
,0XBED58FA67BD966A40460B42F065DCCCB0FD4FE4F,0.0002632%,veSDT holder,
,0X59E147EC5BB417745356A1E2D9433F3A07D74419,0.0002581%,veSDT holder,
,0X207CE638797DFD62247ADCE7690173867C67AE6D,0.0002550%,veSDT holder,
,0XF49F68E16E582FF2571EDDAC7E2A5AA1742D0E5F,0.0002537%,veSDT holder,
,0X81E14E07493BD2A3AD29BB7DAB1F26DE9C98151B,0.0002507%,veSDT holder,
,0X514F857100FD78495A869B4EF268301375AAAC3B,0.0002486%,veSDT holder,
,0X5BFBDC54A7054D4C60303DCD269E59B52BCFC1CA,0.0002479%,veSDT holder,
,0XDC6B04B4E40FDE7C0E9EE1171F913FEBDBB4B88B,0.0002478%,veSDT holder,
,0X998F9112632D2E56517AA3B993336785C23D2707,0.0002474%,veSDT holder,
,0XF5FE364D18F4A5A53BADCE9A046BA74CFC97F6FB,0.0002456%,veSDT holder,
,0X51458F44F35AE8AF27E609090F9951042A6F0455,0.0002414%,veSDT holder,
,0X64F8E38E19C1B6992969DCD5769C149951018AF1,0.0002397%,veSDT holder,
,0X5B87844ECBE69F3749AFB6E69A35C4DF3E88C88D,0.0002393%,veSDT holder,
,0X9CA2D975A14A8DB0D425E421612376E1D5959457,0.0002372%,veSDT holder,
,0X116EC70CA00D6BE6940EABCD838A6F1CED66AF74,0.0002371%,veSDT holder,
,0XCDA5A99CC41ECDDE3866B7DC36D5CE5618162EA9,0.0002324%,veSDT holder,
,0X3C7676976600C90C8D106786D84BDA4369F872A8,0.0002292%,veSDT holder,
,0X65680168A7D29735440404CC91586CFB1D1F943A,0.0002243%,veSDT holder,
,0XEFDFA12EACD4249677825DA4498B1F7ABA4A25D7,0.0002206%,veSDT holder,
,0X51C444AF0ABEA20714D0137EE777090BCFA8065F,0.0002173%,veSDT holder,
,0XD3FCAADED292581ED851F7EB93D93D8254FCCE1A,0.0002125%,veSDT holder,
,0XC0D47AE3B0972B02ABDD1BB168F32F162F26DD4B,0.0002111%,veSDT holder,
,0XF29504AEC84DDF9BDC07AAC82003BCAF1F24BECB,0.0002104%,veSDT holder,
,0XCCD70C3129AEA9EC9EA67E9FB73B11ACBE2BF122,0.0002050%,veSDT holder,
,0X7994DB8E8DFB945D3F995EA1C71D087D9316EA38,0.0002020%,veSDT holder,
,0X7892A5DF81FBC6729904F6C0CCB9F418AB6D6BC9,0.0002007%,veSDT holder,
,0XBA67C843AD60B38EC3809571B7DFBE9F89348BFB,0.0001981%,veSDT holder,
,0XBBD06C4AD570801051B55D8CAB0D17ACCAD1E169,0.0001954%,veSDT holder,
,0X5D6C710647B47D257F1974D4F0666E65D2C0728A,0.0001952%,veSDT holder,
,0X33C99175C8EAA6F9F4A2BA6C30D5D59B956C977F,0.0001927%,veSDT holder,
,0XC8149BED003E0298978BB6EB8CD8DEB848FF63A0,0.0001872%,veSDT holder,
,0X8BC8B4E4921101BCC56EC084B906069B73DE7276,0.0001854%,veSDT holder,
,0XABBABE663709821AF104B4BC80C46AEC0350FEA1,0.0001830%,veSDT holder,
,0X1D873351454BB8A9A706ED81035A2800038EFBFE,0.0001802%,veSDT holder,
,0XA92DDA19AA92BF20867743EE631AFEE83524D835,0.0001785%,veSDT holder,
,0XCCE84676F4FDD7BEBFD21F428704C01D217BF982,0.0001743%,veSDT holder,
,0X96E831C882CBE71ECF54D5CF5E19996B2062C505,0.0001727%,veSDT holder,
,0X15AE010DFFEC19729A410B82D51337B385A96B95,0.0001653%,veSDT holder,
,0XC2D201037BDF8F7FE905F1073106BF4385B65A6F,0.0001641%,veSDT holder,
,0XD467408BFBBA6BF04C002C4A3A781C1862996447,0.0001640%,veSDT holder,
,0X9288D36548B084D0ADCA9376E7E2C7263CE5426A,0.0001639%,veSDT holder,
,0XD0F5FF8AD0F2AE32376006233792131C39184FB2,0.0001608%,veSDT holder,
,0X487175F921A713D8E67A95BCDD75139C35A7D838,0.0001564%,veSDT holder,
,0X4B7AC45DDA5E889215001CCCFC1D947365290B08,0.0001535%,veSDT holder,
,0X4AAB9E6EB125CDD378671188255F19325E3A804F,0.0001525%,veSDT holder,
,0XDAE82613EFB8CFE0C2778C9A7BEF65B92DC8C119,0.0001520%,veSDT holder,
,0X0B13047B3100AE0E97A27873936742268DECC512,0.0001487%,veSDT holder,
,0XB8B5678FB2ED1DF5F8E04DD418D255796B97E6C1,0.0001356%,veSDT holder,
,0X97B102E00D88F02DEBFD6B1E4B901DD6931BB982,0.0001343%,veSDT holder,
,0X5D8762699632DDBFDAF0AE93DCFA1BA049A3E3BE,0.0001336%,veSDT holder,
,0XF454A861CDF4472DE139FFB2D70313D58174337D,0.0001313%,veSDT holder,
,0X8A70B9FEFD03D8C54877BC26203A87F253266FC8,0.0001302%,veSDT holder,
,0XE302FD7564E20B56FDACE48FD21DCA17E28F4D49,0.0001295%,veSDT holder,
,0X0B12E16D9CF96E6D69EF5A93E1662C1986466E09,0.0001267%,veSDT holder,
,0XF4FD07EB3DBD55C12FB75D0EBF5F6A2888F41841,0.0001258%,veSDT holder,
,0X50BB11D2E4D4B0A7A4BB9E611BA0EC8B0C4C4A1C,0.0001257%,veSDT holder,
,0XD0BC755E9BCCBE70472A52E4192937A87387478B,0.0001238%,veSDT holder,
,0X42CA4609546E3C5010D664E6961CC79F6B466E5E,0.0001170%,veSDT holder,
,0XC6B6D0887EBD21E8E296E545048BF342414B7A7E,0.0001168%,veSDT holder,
,0X42F053598FD8AE1B57BF57E42AA98821235221F4,0.0001167%,veSDT holder,
,0X806346B423DDB4727C1F5DC718886430AA7CE9CF,0.0001167%,veSDT holder,
,0XA8DDC541D443D29D61375A3E4E190AC81FB88608,0.0001162%,veSDT holder,
,0X4402D49B32689F0B30A9A707F0EC914B25D94E1D,0.0001127%,veSDT holder,
,0X3C92A5C0927D1C913B05102DBB590B27AE2ACBD0,0.0001090%,veSDT holder,
,0X2B8FFB91573821CAB4B29B2EF97D63193B95FF7E,0.0001047%,veSDT holder,
,0X510C0FCBD5FE56AF9F5B23F7B7C4AD0BFF2B5B00,0.0001038%,veSDT holder,
,0X5AE9F3D885C41D42B2D575DE59F6EB2108D76A23,0.0001022%,veSDT holder,
,0XC8F9111CBA43A13CD26C81CB04F9D203CEBB5543,0.0000965%,veSDT holder,
,0XC3FFC73012FFEBF9794E411871275B70FA8AC3F1,0.0000948%,veSDT holder,
,0X3888132606615FC0759853B6EC1107E717D0AE52,0.0000926%,veSDT holder,
,0X5D39F4AA7FF8E54CBF7C72254CE48FE5735E012D,0.0000870%,veSDT holder,
,0XA6F473548CB679D60CEBF7C00E9B37816F0B1E17,0.0000864%,veSDT holder,
,0X2BA0FCC894522DF700060A6015F7E96537B18412,0.0000862%,veSDT holder,
,0X8B7354F6C2748667DA007AA2889045B0FCE47E35,0.0000809%,veSDT holder,
,0XEC8ABFD5CCE0198914D76C733B5A0763A88DA24F,0.0000801%,veSDT holder,
,0XAF8C992578BCD951BD9D92E12220EB8BCFBF6539,0.0000749%,veSDT holder,
,0X1C6A52AB6C2DA3D64A47D427050D24C60F111343,0.0000746%,veSDT holder,
,0X7285502ED0A0ED25F65941E480BDA7114492ACF9,0.0000746%,veSDT holder,
,0X6D394FBC3B64472002F94A0A190B287DAA66E86F,0.0000743%,veSDT holder,
,0X3EE9A33F55DB79F6E2DB2A58380B73B792FAF81A,0.0000727%,veSDT holder,
,0X4555DDF20DD9091FA7AA7CEFA426A14CBBAB4876,0.0000727%,veSDT holder,
,0X2F987F53D7080607B1745959217510B434CA3723,0.0000726%,veSDT holder,
,0X2AE9C12D8356F11D1BE6C4E91FE64C10783D42E5,0.0000715%,veSDT holder,
,0X393CDC3D341FAEDFE8ECE9F31AA2A7C9E1FCBADA,0.0000709%,veSDT holder,
,0X36EFD9914D30B16575429516BFFF0F196062DCE9,0.0000639%,veSDT holder,
,0XB385A0306DE664953F70FBF7F0E1B024A0FD5588,0.0000634%,veSDT holder,
,0X41717436744232FB66E85FFAF388A8A33BC7397A,0.0000601%,veSDT holder,
,0X008AB049959CF875BEA7165DA3E1F74B5C2DAE77,0.0000600%,veSDT holder,
,0X0A8B36BB91F96DD88FF864B685B53513A829E0EA,0.0000590%,veSDT holder,
,0XBC210CC8C2BB0400C80196B6D47D6B2875CAB3BD,0.0000587%,veSDT holder,
,0X3BF39E4677EFB07A775437B5E4BD6ACF12906858,0.0000567%,veSDT holder,
,0XAFBE7A9FFAC0311AE551F0F333271A0FBEAECA7B,0.0000536%,veSDT holder,
,0X92E14124129A434E0EAFE27CA15AE6868CAEF6AB,0.0000488%,veSDT holder,
,0XBB9480FDB174063A2DEDF31B50A4F06AE13ED964,0.0000479%,veSDT holder,
,0XB0DB0A18BA8309B66AA54EA5BB55F4F457CA3EA8,0.0000474%,veSDT holder,
,0X68CC67E6899BE5A34002091449CB8860B132CCA3,0.0000471%,veSDT holder,
,0X8711AE1F332541209BC6109C2E7B9AE4A6C37E28,0.0000451%,veSDT holder,
,0X62661B101CA48734668669A9F1CB83C4889049F3,0.0000438%,veSDT holder,
,0X6AE7BF291028CCF52991BD020D2DC121B40BCE2A,0.0000434%,veSDT holder,
,0X040CA5DB945D561305EC64C74791B4349FC9D312,0.0000400%,veSDT holder,
,0XB730FC3417027601DC25462B6BA62D4FA68FAFE6,0.0000397%,veSDT holder,
,0X9DC9376052D13A7D746715273986D2414135EBBD,0.0000393%,veSDT holder,
,0X48A7E4F10B34AD5B74EEF2AE3F82B69783EC60C4,0.0000391%,veSDT holder,
,0X9A41DEA12BAC583FA1B5E86480E0410226E8D8F1,0.0000380%,veSDT holder,
,0X004B5427E5CDA44EEE0E4E94DFA97885C4799FAD,0.0000369%,veSDT holder,
,0XBA333F8FF556BF35D38E102A98DAF1C5F6D9D708,0.0000360%,veSDT holder,
,0XA2E4FFD7A02D0A8A8789BCDBE457C4F51264B7D8,0.0000358%,veSDT holder,
,0XF191E64BD21C20D9144106AC0480F1C9DDB17914,0.0000351%,veSDT holder,
,0X40026C0CC5E65AABBAB86DE90F0A8AE2310BB16C,0.0000347%,veSDT holder,
,0X99A5A6010E81D3EFA13D5832043E9C3B6C11EF3D,0.0000344%,veSDT holder,
,0X8A4868939F36B6A831A007544A0BE8E2519B33A0,0.0000327%,veSDT holder,
,0X7A1F36CD575FC2BBE5B3C87F943DE8A4BFC7E8D1,0.0000314%,veSDT holder,
,0XB91827AA6440A9D2522BCA80BF1FFA041C5F6AD4,0.0000306%,veSDT holder,
,0XC724E609D9A3968013EF8CE0BF2CB48971A9B01D,0.0000290%,veSDT holder,
,0X16EB858DAB2D249CAE9BD09109DBF494476E624F,0.0000284%,veSDT holder,
,0X60248F0456ED1CC70E94A266AEFB74F5504C0810,0.0000238%,veSDT holder,
,0X96DF52CC3F98855B107342566941D34E908AD448,0.0000234%,veSDT holder,
,0XC89721A64703E4A1830EA3B71E20DF9EAD5B19E9,0.0000233%,veSDT holder,
,0X510B0068C0756BBEFCBAFFB6567E467D661291FE,0.0000206%,veSDT holder,
,0XD31B976C6816D29C850ABE85C8E4D78FDA37490F,0.0000201%,veSDT holder,
,0XA4047F39FFA37DB63BDCBF477B6D5D0F58A3D57B,0.0000201%,veSDT holder,
,0XCB0592EE655A583D81615BCE029BE27015D11AB5,0.0000167%,veSDT holder,
,0X6F69286D7C51DE0F0CF5F3C03C8CA3EDA8A322F9,0.0000136%,veSDT holder,
,0X4D39A1758E3F5008123F81D4C1D2FBAA6EE27AAE,0.0000127%,veSDT holder,
,0XEA13007BAD6C6F84A123A6F4EF3BCD5590D7686E,0.0000116%,veSDT holder,
,0X5F2AAAE0C5617966024DE4D6732F72B093311FC9,0.0000116%,veSDT holder,
,0XAC6E453B964714200F353D2B435DF5BFD2393D71,0.0000101%,veSDT holder,
,0X2290C35A7AD1364C80A36A443C673172F61F843F,0.0000093%,veSDT holder,
,0X5F958513383E276400C5D22EC0C7FBCC39522768,0.0000090%,veSDT holder,
,0X0D5263094CEDFD5640AC91A498F325193FD5E742,0.0000068%,veSDT holder,
,0X7CC349484C624F9479E6D286A7C4DB9ACF550604,0.0000067%,veSDT holder,
,0X0630717C9C6BAEABD2B0852E09DF08FEBACCD227,0.0000060%,veSDT holder,
,0XF1048B7E1E861153EDD122CC10E27BDE2B88817D,0.0000060%,veSDT holder,
,0X11CB2CA2ACC4421D154EBE4C27C351511C1FDB09,0.0000059%,veSDT holder,
,0X23BFEE8E7CE1CFA06A1C3B2A86F287BB72A4DA91,0.0000056%,veSDT holder,
,0XE9A4FDF5553B1749ABB869B864E23DE0984944AD,0.0000053%,veSDT holder,
,0XB0AA56926BE166BCC5FB6CF1169F56D9FD7A25D7,0.0000048%,veSDT holder,
,0XA03DEDE2EECC86E590D343E42137940AB647D14B,0.0000043%,veSDT holder,
,0XEC2EDA1C4F981E468ABF62424A10B69B738B498E,0.0000042%,veSDT holder,
,0X526D542FFBAE26D510CD610B8050438586FD203C,0.0000042%,veSDT holder,
,0X554D9FDA5DF38CE610804764A8763F3DA4181606,0.0000019%,veSDT holder,
,0X5ED111041CDD9D6B9356FB20A248DBC7DF84EE0B,0.0000018%,veSDT holder,
,0X3006EF6777CCC79C3AF305101FE0B3D14BD47B59,0.0000009%,veSDT holder,
,0XEA4AC3B51E75FF58DE93D3ED6531D45C28A4C6C7,0.0000008%,veSDT holder,
,0XB7BFCDC3A2AA2AF3FE653C9E8A19830977E1993C,0.0000007%,veSDT holder,
,0X238643D4106C7C6206F8DC31ACB59CD24C979D12,0.0000005%,veSDT holder,
,0XE94A55769EA55C4353DC57DF5DBA510E17BB25ED,0.0000004%,veSDT holder,
,0X04A8C06AC6D06F25C657FE61106A485D2583BE71,0.0000001%,veSDT holder,
,0X8BE8263D9675E6E8D431649E78E07E5B8D14F701,0.2366127%,NFT holder,
,0XDDB50FFDBA4D89354E1088E4EA402DE895562173,0.2117061%,NFT holder,
,0X0B226B32F4C9E6C8B8A4EE255606924BE8FE9B0C,0.2117061%,NFT holder,
,0XC51D99D875D768BA2F26B5EAC261A8B279D0E7C8,0.1867995%,NFT holder,
,0X7E2A3694256E13705EB7924649E5E267F5BC5398,0.1743462%,NFT holder,
,0XD237637A4419327F7EF8238D3C95EB81B60EA081,0.1494396%,NFT holder,
,0XF2662F19C17400D57906661609AE38A69B3BF04E,0.1494396%,NFT holder,
,0X41AD5F8E6C123DC7A5577EE8263D761BA6F9D6EF,0.1494396%,NFT holder,
,0X32E5872AEE65EDF715FE5293A6E306F997801E9C,0.1369863%,NFT holder,
,0X1A162A5FDAEBB0113F7B83ED87A43BCF0B6A4D1E,0.1369863%,NFT holder,
,0XC301CD9448DC174A6C348F0F45EFF27F523E5C43,0.1245330%,NFT holder,
,0X5EDE2CBA38AE20EAC6DF5595651E4F8E5084940B,0.1245330%,NFT holder,
,0XB18FBFE3D34FDC227EB4508CDE437412B6233121,0.1245330%,NFT holder,
,0X5E5FFEF1103717F17A9A155D0C7646EC5E16551E,0.1120797%,NFT holder,
,0XB0E83C2D71A991017E0116D58C5765ABC57384AF,0.1120797%,NFT holder,
,0XC5D3D004A223299C4F95BB702534C14A32E8778C,0.0996264%,NFT holder,
,0X25431341A5800759268A6AC1D3CD91C029D7D9CA,0.0996264%,NFT holder,
,0X9824697F7C12CABADA9B57842060931C48DEA969,0.0871731%,NFT holder,
,0X82B8B659A4A98F69CB7899E1A07089EA3B90A894,0.0871731%,NFT holder,
,0XD02BB053D506E31F91285FA9DC7C9E58179C17EE,0.0871731%,NFT holder,
,0XF13A99222B7E613855CDBC9A667973AF7AA202FE,0.0871731%,NFT holder,
,0XD56B98FE204C467AE2ACDD585F19601A9456790E,0.0871731%,NFT holder,
,0X962FCB9ED4CE831A7692E9AA99CC8EDE8F2952E9,0.0871731%,NFT holder,
,0XD6137678698F5304BEF86262332BE671618D5D08,0.0747198%,NFT holder,
,0X85659407220A0D0BE9D142A578649759CE71533E,0.0747198%,NFT holder,
,0X8CC8B550D0F97C8CCE1E76BD7D0CB8D36C4FBA8F,0.0747198%,NFT holder,
,0X4D1467C312A83794C99B9DB678DFDFA743394EF7,0.0747198%,NFT holder,
,0X96B0425C29AB7664D80C4754B681F5907172EC7C,0.0747198%,NFT holder,
,0X8B90957C92CBED4C1149A483BAAC9BA8C5D1C16E,0.0747198%,NFT holder,
,0X607280F004486EA9AEE27B0878046A123680B5E5,0.0622665%,NFT holder,
,0X283CA084CD3FF3640B7F2436F5B98AA495870116,0.0622665%,NFT holder,
,0X1D9D7711A5F625F5867F81DCB99B39A08C0B10FE,0.0622665%,NFT holder,
,0X5B2815FCA0C58D88B5A350C16B8317FEBF0A4DE2,0.0622665%,NFT holder,
,0XF4A587311AAD1F2D6B0A86BD41566345B371534D,0.0622665%,NFT holder,
,0X37B1884205CC47C2BF5CF5A0248946C4C0C85724,0.0622665%,NFT holder,
,0X6453A526DAFA5788AD09CAC4A5EC9044D3684DE0,0.0622665%,NFT holder,
,0X4385EA82E381D1C61B414481B3CEFC43AF63217A,0.0498132%,NFT holder,
,0X6D75FFBFFD1E63E5072F0FFBF6C4EEFA16043967,0.0498132%,NFT holder,
,0X1157DB78F6502F91D75080FA0B7641FBC985232A,0.0498132%,NFT holder,
,0X6624D9A2456154F42BB2CEC6A2F0953FE62080AA,0.0498132%,NFT holder,
,0X9D3E7C85E1594492215770942DF30E7A93FE9E6C,0.0498132%,NFT holder,
,0X6CCFF7AE7C3F4B10BB46EC889719ECB034F746E4,0.0498132%,NFT holder,
,0XC3A1B0600BA577587B6F9441ABF5BAA9F0804819,0.0498132%,NFT holder,
,0X04976058A4755B8B0FDF2BF7445CC0881A753040,0.0498132%,NFT holder,
,0X7618329B8D67DD743EF8A2F966D60B4D6F39B18E,0.0498132%,NFT holder,
,0X5C5CF56F9C33A79295B1C5258769D11667B7892D,0.0498132%,NFT holder,
,0X8DF04D551E3F7F5B03A67DE79184BB919A97BBDE,0.0498132%,NFT holder,
,0X11142B91183A82B184B0457080D52F8904B2F687,0.0498132%,NFT holder,
,0X4801EB5A2A6E2D04F019098364878C70A05158F1,0.0373599%,NFT holder,
,0X992F8E145C5404E944AEB8F53660985DAF9DC827,0.0373599%,NFT holder,
,0X7EDE3C6FE8E68E420C23ADA6EB9CE9FE99F74241,0.0373599%,NFT holder,
,0XEDB75BA1D503A34A7C7F71C853924F4E29054F57,0.0373599%,NFT holder,
,0XAD286CF287B91719EE85D3BA5CF3DA483D631DBA,0.0373599%,NFT holder,
,0X327AE09AEFFC9A276529B61870E896E733933801,0.0373599%,NFT holder,
,0X1D8D739912AAE17819618E6E33580284C16785A9,0.0373599%,NFT holder,
,0X99E18243B0C1991FEDE00EFC319A16EBD6C224F4,0.0373599%,NFT holder,
,0X8DF352DDEAEE7ABC815674051B75F4734A87B622,0.0373599%,NFT holder,
,0XE71113A2DE36128A5D3258309E3F84C957BCA6F5,0.0373599%,NFT holder,
,0XBC6F1FFD1FC6AA7FA2B29D20D9B84EDC8887AA9F,0.0373599%,NFT holder,
,0X8AA25EF2C43F0AFC214ED7263B6ABD189DC18594,0.0373599%,NFT holder,
,0XF117090D28497127AFEFD499F0064690CD1CBE39,0.0373599%,NFT holder,
,0XEB74C6E3C046E16190DFEFB7D3CBA84DB5790CC4,0.0373599%,NFT holder,
,0XD785A0B9393F8280E1DA72C81B8E6D18EDA81DB6,0.0373599%,NFT holder,
,0X9A87A59040F86B5879CD21CF0B0C42A0C3E2A2AD,0.0373599%,NFT holder,
,0X5F69B0E3620AC82AE1BFF332828CE4B28C80F134,0.0373599%,NFT holder,
,0XC72AED14386158960D0E93FECB83642E68482E4B,0.0373599%,NFT holder,
,0X96C07D27D239758361AFAC650847D82E7D2A8480,0.0373599%,NFT holder,
,0X17ED9ED24F146DD26DF2B39AD7CB195E9B50571E,0.0373599%,NFT holder,
,0X09E329413234E621AA810481B271AB80E1FB4AE4,0.0373599%,NFT holder,
,0X66BB7C182672A4B4A1C5891B9FD708B241EF3622,0.0373599%,NFT holder,
,0XB7B1CC940CC88640089028D4910DE22E39E6D117,0.0373599%,NFT holder,
,0X4C37700D949DB46AA11A9F1627070F9AF31F8011,0.0373599%,NFT holder,
,0XC1133C83D409724727FF6699F14F040746E5AD01,0.0373599%,NFT holder,
,0XE335EA94352A4D9280AEF9232B3762C5234380D6,0.0373599%,NFT holder,
,0X0397D4A6F9078884A1815F9DBE1E3FDCCFDC4C50,0.0373599%,NFT holder,
,0X6BC03D43A138B295541739EBBF89B8BFDC2D00A5,0.0373599%,NFT holder,
,0X3AC892A09165516D98EC9C02B95FF840AB4BADAE,0.0373599%,NFT holder,
,0XCDE62DA282F2F027F772F92719EE79E8FC01D9EB,0.0373599%,NFT holder,
,0X10D98B4809EFE5E3A4269AFE6F5F4388CE4C38F1,0.0373599%,NFT holder,
,0X01EABAA6B6776F569CF5CC85C71EEC096C795779,0.0373599%,NFT holder,
,0X0183D9BE08DB4024C2DC9AEC10B9526FC6ADEEF7,0.0373599%,NFT holder,
,0X0DFB707527838C88C8491A08809B4818E49E40EE,0.0373599%,NFT holder,
,0XE3B83B5D42ACFBAF04F2110AFBB9F63216B343C8,0.0373599%,NFT holder,
,0X526517D55589A961CE7AD9072EBBB5F2FBA766F0,0.0373599%,NFT holder,
,0X3F08C81E05BFEFD005A593635CB735F32571FAB1,0.0373599%,NFT holder,
,0XA0F899B0D87510B33F0926F1CB09ED1CFA93BD2F,0.0249066%,NFT holder,
,0X3D606DD3A1B8E2519F9F955439E52184D4C80FA3,0.0249066%,NFT holder,
,0X0FC84E15AEB7907A76A221169D80D3EB06CDB44B,0.0249066%,NFT holder,
,0X5A60E52595CCD49CFFE02DAF191EF6C4D68F1A27,0.0249066%,NFT holder,
,0XFE202706E36F31AFBAF4B4543C2A8BBA4DDB2DEE,0.0249066%,NFT holder,
,0XBD9CE7102E0DDAC7BD27959CB9FC388158D26C67,0.0249066%,NFT holder,
,0X21D05071CA08593E13CD3AFD0B4869537E015C92,0.0249066%,NFT holder,
,0XC118AAD878CD75907CF14945326DFDA1A70835AF,0.0249066%,NFT holder,
,0XA09427E2DB1844B0D5D9B8BE9CFAA308D6CA893D,0.0249066%,NFT holder,
,0X5EB92E567D59CC2C49F7F462C16E461EF6FF7007,0.0249066%,NFT holder,
,0X9C5A5BF1C40B50EAE0C0BDFA044427661AAC2CD0,0.0249066%,NFT holder,
,0XA80172BFCAB0EB8E4DB8D44F90A35B18463B8607,0.0249066%,NFT holder,
,0X605D50F68E737EBF7F6054D6F7860010FC80971F,0.0249066%,NFT holder,
,0XDEA6FD4CC142C9D70FA01D7CCA511B9794CFC164,0.0249066%,NFT holder,
,0X0BAE7D98E1D67741BFCBA5D90B17A9856B1BF82E,0.0249066%,NFT holder,
,0XAC6E453B964714200F353D2B435DF5BFD2393D71,0.0249066%,NFT holder,
,0XB76951378AF8C5EBC1C93D0A41CC902ED19E729A,0.0249066%,NFT holder,
,0XF7EAB72EE14DAD3DFEF597420F669C25B39F938C,0.0249066%,NFT holder,
,0X280BF69D522BBCFB3AEB138C59D85A16E449057C,0.0249066%,NFT holder,
,0X296E0C21DB4061EBF971E55D5DB85011E7FF9797,0.0249066%,NFT holder,
,0X1931DB4F2AA47310C712156AA8C68BE444499AA1,0.0249066%,NFT holder,
,0X000000109781B8FE1EEEC8FB4507AA64BFCA5914,0.0249066%,NFT holder,
,0X8CD32134847E764A3784A87C5A5B4C13474F516F,0.0249066%,NFT holder,
,0X16B946273A1672D4BF213718F573F2F6AD1C874D,0.0249066%,NFT holder,
,0X34D6508B607AF072858E64C65CED6E7993225E32,0.0249066%,NFT holder,
,0XA38475EC707F358F338FC2DC393D92845276E568,0.0249066%,NFT holder,
,0X98992E1DC67B8A640F1C1045FBFB6FC766374847,0.0249066%,NFT holder,
,0X275925F9B49BFDA9AAF135FF89AB6EF6080B1203,0.0249066%,NFT holder,
,0X1F97D95BECADD87B399F465F4D15A158F5F48460,0.0249066%,NFT holder,
,0XC5076D409EE4F4E964A13D485BFD6B7C548DBA34,0.0249066%,NFT holder,
,0X64F8E38E19C1B6992969DCD5769C149951018AF1,0.0249066%,NFT holder,
,0XD7E612AFAE70671D5629DE0ECEBBFD435C9D1877,0.0249066%,NFT holder,
,0XD899826505BDC55ED622A3E017F9B54A5D4D6338,0.0249066%,NFT holder,
,0X044C53D8576D4D700E6327C954F88388EE03B8DB,0.0249066%,NFT holder,
,0X7B9DEFFCA9356A99F95759AFC6E709422D845A7C,0.0249066%,NFT holder,
,0XB7BFCDC3A2AA2AF3FE653C9E8A19830977E1993C,0.0249066%,NFT holder,
,0X0DEAE25FEA08FE58A26E534799F96978887F59C7,0.0249066%,NFT holder,
,0X83D5520FCD618FAE372EF597ACDAABCAD6871295,0.0249066%,NFT holder,
,0XA33D5408FCA096712E4B56E8E4F8B5ABF3EB26BF,0.0249066%,NFT holder,
,0XB07E261DD2068CE7BC632EAD3497DF169BA73B74,0.0249066%,NFT holder,
,0X499F39D4861F214808376C890AA7CF6E424FB05B,0.0249066%,NFT holder,
,0XA92DDA19AA92BF20867743EE631AFEE83524D835,0.0249066%,NFT holder,
,0X11E1B440E87D6A8C14620F06213B9E218A286271,0.0249066%,NFT holder,
,0X5EFF77571184427F5A9E951597571B5259820B48,0.0249066%,NFT holder,
,0X9F5E6AF744A137C9FEFEEDFB6B706B0640A57673,0.0249066%,NFT holder,
,0XAC9BA72FB61AA7C31A95DF0A8B6EBA6F41EF875E,0.0249066%,NFT holder,
,0X212079A02F4C6018A03AB6825D51DB0801CFFDC6,0.0249066%,NFT holder,
,0XFA5EC0F794D1A7B96B3EA6D8F8BD6474573DB0E6,0.0249066%,NFT holder,
,0XA423687DDF458A3A0AE4B738DC2CCA3C4312A742,0.0249066%,NFT holder,
,0X9169E947FD20FD3E0AFCD769BF70260743CCF490,0.0249066%,NFT holder,
,0XF4FF4A9D77307E312C2169E7C4C068E5B307348B,0.0249066%,NFT holder,
,0X34075FC94358BB3A231105F3F8AE663C3960200C,0.0249066%,NFT holder,
,0X270042A7623A90E6EBE6AE6E3263D61896B46906,0.0249066%,NFT holder,
,0XD2A881CA64522C2CCAC3A849EC8A8450FC96A808,0.0249066%,NFT holder,
,0X3E19D4696B2B6C6F3658FA2BCD3C65F52AEE0788,0.0249066%,NFT holder,
,0XEB8C65EA49563CA175A48052EE2894B6C961C6C5,0.0249066%,NFT holder,
,0XB7D49ADB031D6DBDF3E8E28F21C6DD3B6F231CD5,0.0249066%,NFT holder,
,0X4B502A08BC54C05772B2C63469E366C2E78459ED,0.0124533%,NFT holder,
,0XF43926AC96CCBD017B8B5F06BD4F1BCF11F4CA78,0.0124533%,NFT holder,
,0X36BF9C65C6EF2C8C319BD574C374DB09CBB622BC,0.0124533%,NFT holder,
,0X8A8623795270DC776C3B35E831118A4E3B75E474,0.0124533%,NFT holder,
,0XC13C37C6A3B077EF147C750A310CDE3635AC7C49,0.0124533%,NFT holder,
,0X9CBEF581B10B68F787AB27BFD22D765D3796F4C6,0.0124533%,NFT holder,
,0X276DB42276559999C60CC1983562619C07F643B2,0.0124533%,NFT holder,
,0X6580B4A8AF96532EEE64FC7079CA9DCD3DD1B815,0.0124533%,NFT holder,
,0X2D17B7967E1D938F3C3D41E2601FB408A3F0F60A,0.0124533%,NFT holder,
,0XC5F16770DCC9CE6E6F2E02F7AFDC101B28926308,0.0124533%,NFT holder,
,0X62E0466E04739EB2E7E81242B5A7FA05F61AFBCC,0.0124533%,NFT holder,
,0XD073CC577D5AD7B8910F27D566FDA1DE176DEF25,0.0124533%,NFT holder,
,0XF23ADCE99089BD884DFC860A4178046E26EFC79F,0.0124533%,NFT holder,
,0XE53131587A4F6F25D592F3B536513221DD312B4B,0.0124533%,NFT holder,
,0X9AEF7C447F6BC8D010B22AFF52D5B67785ED942C,0.0124533%,NFT holder,
,0XB51EC8B04F1DCA20CA294F05BC241ECC3AB7D32A,0.0124533%,NFT holder,
,0X3D73C35E09EDC42F2B7F1F77835E1996F5B18B45,0.0124533%,NFT holder,
,0X9B328488A8F0FA20628BB959769F0BA78DE06466,0.0124533%,NFT holder,
,0XFFF6B41A29881FC97BD6E8778529B1E37597D94A,0.0124533%,NFT holder,
,0XACE04952131A6C0F5C5A85DF5925F832678E1059,0.0124533%,NFT holder,
,0XD1DC596132CA7771A1522A5D47FB39F2DBF770C3,0.0124533%,NFT holder,
,0X0494F503912C101BFD76B88E4F5D8A33DE284D1A,0.0124533%,NFT holder,
,0X120C621D5241F32D2CBAF326BB7CA696CB7FF5DF,0.0124533%,NFT holder,
,0X30C3545C8DF984704C85A06312AEFA4D415A2468,0.0124533%,NFT holder,
,0X252D432E09D278D11AB16FADC5E02707DA3F056A,0.0124533%,NFT holder,
,0X359A8D0E742DD73FCDBAC0DE5D4BAC763D2B6762,0.0124533%,NFT holder,
,0XA7499AA6464C078EEB940DA2FC95C6ACD010C3CC,0.0124533%,NFT holder,
,0X77AA3D57E1252F06E59435D143C0B2358259097F,0.0124533%,NFT holder,
,0X64473E07C7A53A632DDE287CA2E6C3C1AC15AF29,0.0124533%,NFT holder,
,0X3E516CF3C9D4F29FAE6C1324C2414DC872FC9C09,0.0124533%,NFT holder,
,0XD5F7F73C97F8D22A3F6BF9F00476048191C18488,0.0124533%,NFT holder,
,0XE3F3D930B53A4C74C1B14504A4E4D9038F0255A6,0.0124533%,NFT holder,
,0XDB34EDC8C96608C64126600E0470D65173E9E741,0.0124533%,NFT holder,
,0XFA31F12BFE9A283BDC4E79E3695A397088DA4050,0.0124533%,NFT holder,
,0XDBDE6081017F0A9F88DB0B23EA731F75E5285242,0.0124533%,NFT holder,
,0XB9885554201A8EB57EB24DAC4F45640A13A41574,0.0124533%,NFT holder,
,0X60CFAA929457334FDC6C938B1BBD35206F49D9FF,0.0124533%,NFT holder,
,0XBDBC9751D73F29CFDDB285EBA08FFDB7B3395DFE,0.0124533%,NFT holder,
,0XC5B40CF8FB9152D4983825C4B384CCD9BA1F947F,0.0124533%,NFT holder,
,0X8022D66041075AC83D4CBEA30A60A6002E3067E1,0.0124533%,NFT holder,
,0X67557095BAD5DCA7499EE7B40A71E030FE511322,0.0124533%,NFT holder,
,0X33BD4078A040BAB546737EAA52C348367C3E9051,0.0124533%,NFT holder,
,0X55AFD368190257226228B89A1CD255248FB06981,0.0124533%,NFT holder,
,0XC38A6C87F4CDD4BCF69D657E33304D55D5720702,0.0124533%,NFT holder,
,0XB74125DF13CB9194D93D8B62E0DB30352F2B8001,0.0124533%,NFT holder,
,0X8AC2A92452472D36DA8C06921D4D04FCBCEF5D74,0.0124533%,NFT holder,
,0X11051020EC0EA1044BAEBCE288BD2BB32CC0A404,0.0124533%,NFT holder,
,0XEE7C5C1D372D39956801836433AFB307FC8D4C21,0.0124533%,NFT holder,
,0XA62A6496374933D58F4D5A4B5EFE44DA030B86D2,0.0124533%,NFT holder,
,0X61524303810F8BDD61AEF58AF39355AA353DEDD2,0.0124533%,NFT holder,
,0XB3E7E79CEA7958C4B05CA6A39ACAE2D814BC2542,0.0124533%,NFT holder,
,0X6977E753E022F65EBEB170D8267B2EA54A431523,0.0124533%,NFT holder,
,0XBB1E599E15F2BF248732EF060CADFFEB6363CC4C,0.0124533%,NFT holder,
,0X8D309DE16A745C15FFA00A46DA4EB3E044C54D63,0.0124533%,NFT holder,
,0XFE3E3AC01934577BB11A2DF9328533CF31AB90FC,0.0124533%,NFT holder,
,0X54C9CB3AC40EF11C56565E8490E7C3B4B17582AF,0.0124533%,NFT holder,
,0X88A481B7274E9AB297C8845D14596DF5BE1CDA44,0.0124533%,NFT holder,
,0XA5EB5D543FCA821ABFC3AE65BFC20EE9B83A0C02,0.0124533%,NFT holder,
,0X4E51A06E4643197E1BE2F050B6AF60F9AD3CEF06,0.0124533%,NFT holder,
,0XDCEB0BB3311342E3CE9E49F57AFFCE9DEAC40BA1,0.0124533%,NFT holder,
,0XA1CF8E58B33E28EB7405A309F1BFFA4DD8241EBA,0.0124533%,NFT holder,
,0X888851DC68C2F675C48B9967DD234DBE0E955FB7,0.0124533%,NFT holder,
,0X608946D910E0BBEEA32948238357C4302AE129D7,0.0124533%,NFT holder,
,0X933C6945DB5B11FA035C085512693239C7677A90,0.0124533%,NFT holder,
,0XCCF6C29D87EB2C0BAFEDE74F5DF35F84541F4549,0.0124533%,NFT holder,
,0XDB50FC5E275AA5D3CF7D31C6E101DB5F19227539,0.0124533%,NFT holder,
,0X2B8FE2F0D123B71AF0EB42956CEC7A6CEF1AE06D,0.0124533%,NFT holder,
,0X540C44FF7B71F2487CD11AAF53AEC1A85BFE8F7A,0.0124533%,NFT holder,
,0X6978B1CF0F4514199AFC427B01C57ED93004419D,0.0124533%,NFT holder,
,0X4FFBF03644792B5B1CC5B3C333C42B187F932669,0.0124533%,NFT holder,
,0XD5570FA040E1D5A7DF1CDD6C2397C800793FC495,0.0124533%,NFT holder,
,0X11F262D4154F7860DA5E4F595778087EB7434BCE,0.0124533%,NFT holder,
,0X1163E75D2BF3E0FFDB3602FBE0ABA099D5C20E3C,0.0124533%,NFT holder,
,0X187B9476F5108D8A2CCFA203A0FC448559E27B32,0.0124533%,NFT holder,
,0XB6A76CDAC112A9DE3D787E5429A4E112CE394371,0.0124533%,NFT holder,
,0X8989759B3E23511214AC89BE112F4EB52CB6DB3C,0.0124533%,NFT holder,
,0X12DD0AA708C22F662611B9BB585AEF9CB4C3D4D9,0.0124533%,NFT holder,
,0X4527C75DFC50A5390DC663F81B627C39E7B9ACAD,0.0124533%,NFT holder,
,0X2DE14DB256DB2597FE3C8EED46EF5B20BA390823,0.0124533%,NFT holder,
,0X45CD32A6F1424A73531D27A344D3D56A994FF076,0.0124533%,NFT holder,
,0X17134276CE356F3BACAD4E2B23222D9A088AC248,0.0124533%,NFT holder,
,0X576B1C2D113C634D5849181442AEC5A3A9148C1E,0.0124533%,NFT holder,
,0XE8B2D43EB45074B1DFAC494641E15791B32D27A6,0.0124533%,NFT holder,
,0X51A4F9ED8D1E6ED3285830E6AB055F4A5BEBC043,0.0124533%,NFT holder,
,0X299ACE548EF2885F8E38EC10C55B052D1CDC121E,0.0124533%,NFT holder,
,0X43B0D17CAD8A44AB824823F8FFD12CBE36D59728,0.0124533%,NFT holder,
,0X33F2B6E3047C97598E557FC1E8D29E1693AE5F15,0.0124533%,NFT holder,
,0X3EE9A33F55DB79F6E2DB2A58380B73B792FAF81A,0.0124533%,NFT holder,
,0X90BB81CC5A94843FED5A84F9A79D99D076F040EE,0.0124533%,NFT holder,
,0XE123C680A73C5141F4A31290683D1F4AF7DB13F1,0.0124533%,NFT holder,
,0XCBA1A275E2D858ECFFAF7A87F606F74B719A8A93,0.0124533%,NFT holder,
,0XDA7AB1CD50F3AF487CC76B422A3BDD8140C03A32,0.0124533%,NFT holder,
,0XAC4795D1EEC7757F92106828CD0631492C8977A0,0.0124533%,NFT holder,
,0X6330C0E50E86D9BB585D95DAE8F261D7F6B7FCE3,0.0124533%,NFT holder,
,0XDC7AA225964267C7E0EFB35F4931426209E90312,0.0124533%,NFT holder,
,0X78FB38348315AF1B51122CDB39386CD296DDBF8E,0.0124533%,NFT holder,
,0XF9DE636765681B817A9E1CD21F6400680333E36E,0.0124533%,NFT holder,
,0X8C1515E1E4A58CC883F005B5E7F5A3094E89C9A3,0.0124533%,NFT holder,
,0X3BDB6119802EF01EAB4E2A74BEDB5E0227BED49A,0.0124533%,NFT holder,
,0XB999041BBAD79E8435286DA3A56231E92E98F71A,0.0124533%,NFT holder,
,0X4CF94A4ABE4FC72C98A8ACE5FFD34EB39851F6E0,0.0124533%,NFT holder,
,0X44D6B319C256C03C0914EB399ACCA4C1E6788289,0.0124533%,NFT holder,
,0X946FB1B69A0F53599CB685A9A12F870F280C5BD9,0.0124533%,NFT holder,
,0XE52DFB1C7CCE4D88F37FCDFF81E851DB4B9C6E87,0.0124533%,NFT holder,
,0X6A83570AFAB55DA767C87B78BDE55A1461A1B759,0.0124533%,NFT holder,
,0XCDA1BC3BC70C92135891C0F334B270B689C1A0DF,0.0124533%,NFT holder,
,0XB3F3658BF332BA6C9C0CC5BC1201CABA7ADA819B,0.0124533%,NFT holder,
,0XFD43DD630D0D9F335BD24D4BA636F9C4AD411D02,0.0124533%,NFT holder,
,0X817F52906E5F5556CDED1AB7CA56BED3DF185C7E,0.0124533%,NFT holder,
,0XE07FE1C1E08556129111B00E5F29D6973FEE45DF,0.0124533%,NFT holder,
,0X0B24A0A60085C9EB84317A14A4859288920A806B,0.0124533%,NFT holder,
,0X428F148EA830B663676E797A089B9086DA549B6C,0.0124533%,NFT holder,
,0X510C0FCBD5FE56AF9F5B23F7B7C4AD0BFF2B5B00,0.0124533%,NFT holder,
,0XD415D2F890BFF9B238AA4FC893F6A254F06CB4D9,0.0124533%,NFT holder,
,0X792039B776044F4D42D3A0E38202EA4D1ED141CF,0.0124533%,NFT holder,
,0XAA9EA794DCF87846D6DA55B904A2F38FBB73A98A,0.0124533%,NFT holder,
,0XB978430C365422C670F33DCB3CBE08457A9933A2,0.0124533%,NFT holder,
,0X4A1F8CD64F79EF1DAA4C939A3BC23DFB26BC0503,0.0124533%,NFT holder,
,0X24EA5F00BBEBDC39130915C19BFBA05BE7333E59,0.0124533%,NFT holder,
,0X9E301190D0BDF64E287D6205D86C488FBD37D4F8,0.0124533%,NFT holder,
,0X27A7A5FF27CD29D39881F97737E4885DFF845DED,0.0124533%,NFT holder,
,0XE84ADC0964EE34CE0319DF3418636ED6A4117B97,0.0124533%,NFT holder,
,0X7C1124184C6F0952E5FB4ACD1246AD1197BFF1C7,0.0124533%,NFT holder,
,0XA13CB623A2C5D6AC97FFBE3E1874F097930CB7F7,0.0124533%,NFT holder,
,0X2BB8AB3C2A9837DE97A83C228A07E16928B4F07F,0.0124533%,NFT holder,
,0X21BFB456362763F0BF7EB8E6D71E6BBE4C584E12,0.0124533%,NFT holder,
,0XB99D45612548A9DDD4ED063BD1638CCB28957A6C,0.0124533%,NFT holder,
,0XD7B6F553D155A68213A376EEB82CDF7D8A14BB85,0.0124533%,NFT holder,
,0X6326F8D273C01112E76FE84886B58406A7FA2E39,0.0124533%,NFT holder,
,0X870DC279570833A8C5A72FC7972681DB9A96CFB7,0.0124533%,NFT holder,
,0XDB1345A4A059280FD1511339E372EFD026F2F6DB,0.0124533%,NFT holder,
,0X704E0D5F01E8BB08AFE3AD44820D6ADF008D01A7,0.0124533%,NFT holder,
,0X7C236A719C0AF04C78EC0074B44734C3573D71A1,0.0124533%,NFT holder,
,0X3E437F2874FB852093BDB39E1ED35F7ABD0FE53B,0.0124533%,NFT holder,
,0X1CEA244A27655AB086DA77E9B2B15859F133EBDE,0.0124533%,NFT holder,
,0XC5C82E213AD4BB873B964700B26253FE4DC4AE75,0.0124533%,NFT holder,
,0X569FEAA77CD01782A93D8533ACE4400EFD746D4A,0.0124533%,NFT holder,
,0X8183866223445441B6FB9206B9F0B583410977E6,0.0124533%,NFT holder,
,0X1302C202EF727FD656CB6356EF6E8B3AAB64AA58,0.0124533%,NFT holder,
,0XC9534B4BD96A32DAADDC247E9632044772862802,0.0124533%,NFT holder,
,0X57D98609D623B9885721A58B896D40C7871E1573,0.0124533%,NFT holder,
,0X8CBCDA0CD7DF045CF7FBF4B477DCBDEA3D88746F,0.0124533%,NFT holder,
,0X64623240360B6707F979F667E6137BB100B2CFEF,0.0124533%,NFT holder,
,0X96AF8AB2C6F74BF52701BFE58556204C581ADB73,0.0124533%,NFT holder,
,0X811570B8CD6605AA9F507623456C963765695D95,0.0124533%,NFT holder,
,0X359A1F4D57E15171332238345192129376085892,0.0124533%,NFT holder,
,0XF956F3712C123F4BC4691C856284A2CC03D938F5,0.0124533%,NFT holder,
,0X8ACD5ADF38D97F0C29A8374B3C3CF8A184DE4976,0.0124533%,NFT holder,
,0XA4A036EF65D81C9A2C67F72D49B4E32FCA9E1FEA,0.0124533%,NFT holder,
,0X18279B53E9039866F0C5272DDD68B68A5F0E3359,0.0124533%,NFT holder,
,0X6A9898D0109003806A86E102F6BC958C0CBAB337,0.0124533%,NFT holder,
,0X907866219DB0A1B913F19339CCAF340C2144676C,0.0124533%,NFT holder,
,0X5DCD83CF2DD90A4C7E1C189E74EC7DC072AD78E1,0.0124533%,NFT holder,
,0X03AA1742194EE09C233A07227DEC1E48A6134FF1,0.0124533%,NFT holder,
,0XFDEDF7B4F4A9A86FF6245CB1D044C92884850AF5,0.0124533%,NFT holder,
,0X7AEF2D7671EFB00A7196EB4BBD8EE7A2BA0E5DE2,0.0124533%,NFT holder,
,0XCAA2F38AF7A1BE797002D8B15B6D2782A6E4725B,0.0124533%,NFT holder,
,0X15D71EEBA991026A1278A012D94D4BBEE24FC0BF,0.0124533%,NFT holder,
,0XC2D86B88AA5A27EB1E71E4F634016C9BC3D5CCD5,0.0124533%,NFT holder,
,0XE36256F2E0CAE6E083E307C5E23E5CAA21A16ADF,0.0124533%,NFT holder,
,0X1A6E0306E3D8B32CE91F596293034B3A16E4A45D,0.0124533%,NFT holder,
,0XD1798B299D1C78054B4374EA535766A2AB1EE839,0.0124533%,NFT holder,
,0X16C19DCC764767909059B29CCCD0448F4C8819DF,0.0124533%,NFT holder,
,0X56898F5EB0D94FB5D5107BA68C3E8520B4694665,0.0124533%,NFT holder,
,0XD7C9FA90EDB7B40C34D6DE1D09C750146BA2E8EB,0.0124533%,NFT holder,
,0XE943BB1479665C18C0C0042374009413077DE6BE,0.0124533%,NFT holder,
,0X3F43A33BE58A84BFCA084D25328AF4AE41678620,0.0124533%,NFT holder,
,0XE698102E1DD3E4ADF2F10FC026A4130080FDDC10,0.0124533%,NFT holder,
,0X0783ABC1E6F1EB93B80024A056492E314D949986,0.0124533%,NFT holder,
,0XC14F631396F5E372E1E0B91E9C22B66A9918E174,0.0124533%,NFT holder,
,0X3F47751C0412FD3BF48CD3B29AEA249E58F0A959,0.0124533%,NFT holder,
,0X5DD50A088A62617694BD1AC86F43587806C0A8DE,0.0124533%,NFT holder,
,0X72BAFC1751A21C72C501DFC865065A98FC42D6CA,0.0124533%,NFT holder,
,0X55E1602C77E762742D69DBC57EE5F016DB83F2D5,0.0124533%,NFT holder,
,0XDE46215E67D35972F4C880D59969DD08A4C9FA28,0.0124533%,NFT holder,
,0X0F6143783B2891BFB0330239E823E24CD30DBE0E,0.0124533%,NFT holder,
,0XF339DF30CE5D9EC292DC9CD9E7851D56F174730F,0.0124533%,NFT holder,
,0XAC61B7D3A5D9805EC7EE0F32CE0BACB3C34F8AA3,0.0124533%,NFT holder,
,0X8036C45FFAC7980483862D8A8CE07635107E8C7C,0.0124533%,NFT holder,
,0XAABD5FBCB8AD62D4FBBB02A2E9769A9F2EE7E883,0.0124533%,NFT holder,
,0X86AB74CDFAD8A6E18B327A868D30907B0A87D6E1,0.0124533%,NFT holder,
,0XD7AA4BCC4D7939AD8A4BDF0AAF330CAF8C23BEAB,0.0124533%,NFT holder,
,0XB39CC120AC8943FF101752AD148BD4CB1173A819,0.0124533%,NFT holder,
,0X259086313DF3C935146C78B8CD23FD5E54FEB891,0.0124533%,NFT holder,
,0X50BBF827267C4E920B512F8AA6C1C9D1A465A128,0.0124533%,NFT holder,
,0X42E1020CD0F45C5C5B5A393989A7FE4FF23C4820,0.0124533%,NFT holder,
,0X8BEBA996BECDC95A6097FB0587F468FC3348CE2E,0.0124533%,NFT holder,
,0X0059EFCA9D24BF579EE0314E7BC2569674AA42E2,0.0124533%,NFT holder,
,0X0E79C644EC160AFE87EA8E87201C0FE35BA63E1F,0.0124533%,NFT holder,
,0X95801473B2429DD9548B3A9550B8BB9963A3A695,0.0124533%,NFT holder,
,0X329C54289FF5D6B7B7DAE13592C6B1EDA1543ED4,0.0124533%,NFT holder,
,0X3AA8440D4625F36A1C2CDD623BF269B820DE2AFB,0.0124533%,NFT holder,
,0XDBC9AF0B86644006DF192EB7D2D29C6378024AED,0.0124533%,NFT holder,
,0X983EC6D045713D1B87F110A7EDAB9FC7996EEFC0,0.0124533%,NFT holder,
,0X13253093C03B1634801A2B941B7BD0057B25D5C9,0.0124533%,NFT holder,
,0XC5C5B53438A7FC9CDDEA4F0DED2D12FBF75B6C76,0.0124533%,NFT holder,
,0XAD04782DE10BA6348D16E9FB80E44F736AB04A7D,0.0124533%,NFT holder,
,0XE1F7EAD40D33EEF30DCF15EB5EFC45409001AAB8,0.0124533%,NFT holder,
,0X76E369F2234EBE19EC498F5D93042467DC5ED3F7,0.0124533%,NFT holder,
,0X4251E3BCAEA5F1AB414237FDCB928090357B398D,0.0124533%,NFT holder,
,0X9C969485DCC2680EE879A8ACF0593DDFC8BE9886,0.0124533%,NFT holder,
,0XABE3BF5043ED0833D3DA5148CD58D0F946891E61,0.0124533%,NFT holder,
,0X58A24FA9AE8847CBCF245DD2EF7FCEF205927AF1,0.0124533%,NFT holder,
,0XB77CD1970963DACC0C44EC43497737D5EEF5E51E,0.0124533%,NFT holder,
,0XB8D570422C91E7BE1E6D2EBCC2F55ED5CE02837B,0.0124533%,NFT holder,
,0X07011CE35E62B2C3523D3792353283C2EF5E66D2,0.0124533%,NFT holder,
,0X6D38939DE57C10B880F1EB2227DA45FF9174A095,0.0124533%,NFT holder,
,0X16174273B883EC5B2AD3BD9AEEA08E67A2711D0D,0.0124533%,NFT holder,
,0XD0C7F624C39A2B03CBFE0E4416360BFBF3E8AC82,0.0124533%,NFT holder,
,0X02724D4F7DD933F8E4FC92CA811A53853DF42A98,0.0124533%,NFT holder,
,0XF4E262A2165527727CB51E6ECC0B103F14AC4CFC,0.0124533%,NFT holder,
,0X5658F4B362E95C0BC32D5CE0051457882DB92EE5,0.0124533%,NFT holder,
,0X8CC8AA103BFE1CD8755DC80C64539370B587909F,0.0124533%,NFT holder,