Addresses ,Allocation % ,Type,Sum
0xFE75070472fC00E2449aBCFD0D53f7Bd7C27F3C0,10.000000000000000%,Development Team,100.00%
0xd60dfe8c5fc55e8a992cee960f4c31b8af700803,0.191082802547771%,OFT Bridge Users,
0x7389ec65aaea60730627d87f97d5ac8cb8fe75a8,0.191082802547771%,OFT Bridge Users,
0x6ff592cc3965e645d15e9bd77507d51ad2cc376a,0.191082802547771%,OFT Bridge Users,
0xa8bc19424baa85cf9d137296de65acc3bf2609d3,0.191082802547771%,OFT Bridge Users,
0x18eea90e76a57c04b5e97035f1857d67fb04d0da,0.191082802547771%,OFT Bridge Users,
0x51a28341c2117b54ff80301f7432e3f361b10007,0.191082802547771%,OFT Bridge Users,
0x4f2d2ef9d4155321d3a89614742094a1454ade4d,0.191082802547771%,OFT Bridge Users,
0x9e69a6c8e5fcfe303efd0f8e96db6159a066cb88,0.191082802547771%,OFT Bridge Users,
0x992274e4df7eadc6a6d5df2efffbc960fcb081a2,0.191082802547771%,OFT Bridge Users,
0xca8ced62c82c33072851e94199550f8411e13e70,0.191082802547771%,OFT Bridge Users,
0xab1962d7a0031a1887d2e003e40f391db91fb8df,0.191082802547771%,OFT Bridge Users,
0x02c567f36b70b2e66215bdef8d243fcf0468f374,0.191082802547771%,OFT Bridge Users,
0xaf5743b1c7427562b8d56df696d5a61c8fe60d9d,0.191082802547771%,OFT Bridge Users,
0xaff7ede012fac41b8b6a1cb0fad96941498a176d,0.191082802547771%,OFT Bridge Users,
0x6a99fec57fbd1064b67d8efa50169e8be57633e9,0.191082802547771%,OFT Bridge Users,
0xd988b56fb442dfdc73c393a30b7edf0478ace8df,0.191082802547771%,OFT Bridge Users,
0x981767f9ca204f9257649b201c40375a050f3048,0.191082802547771%,OFT Bridge Users,
0xfb16d393f6b7f2988316fd2373c5e40e52907a94,0.191082802547771%,OFT Bridge Users,
0xef72ebfcb5dde540dc8cb819a4d112d6caff19be,0.191082802547771%,OFT Bridge Users,
0x3428a8a23e59e72df689105cba294357a467752f,0.191082802547771%,OFT Bridge Users,
0xb7de078d7dcc45581f5bd2a7d6dffbc5137467a8,0.191082802547771%,OFT Bridge Users,
0x30bacdcd57521d2d72a52794c973d4d93cbdfab3,0.191082802547771%,OFT Bridge Users,
0xed37a8637aa8c995e248f4867e60bb6ed96a62cf,0.191082802547771%,OFT Bridge Users,
0xe25bb9cda8c10b6f4feefb4b152cebe17d75992a,0.191082802547771%,OFT Bridge Users,
0x29695349e69ab78d2298860c17bf3af89415e3cd,0.191082802547771%,OFT Bridge Users,
0x836a20def8537cc6f2f777e5f2777d6d5ebe9eec,0.191082802547771%,OFT Bridge Users,
0x14eef436291dc77884d11617fe83919d13a12a67,0.191082802547771%,OFT Bridge Users,
0x33428a488db109ed8163e4942b904ce2c4713d21,0.191082802547771%,OFT Bridge Users,
0x8ea706f38aacabb6f2e287f76b6b9bcfba2081f0,0.191082802547771%,OFT Bridge Users,
0x17a72b92f39aebe14d932f92d7b0846593681354,0.191082802547771%,OFT Bridge Users,
0x9e3d3d007ceafc46ae6f046eb91911f207d68bed,0.191082802547771%,OFT Bridge Users,
0x899bc88c94c669f06bc5a6e0c3a29049e658b2af,0.191082802547771%,OFT Bridge Users,
0x2d837ca1b584af7ae4e0c88b7270e5d1eb28bde2,0.191082802547771%,OFT Bridge Users,
0x9b7523b5eb0e8be45bc809a3495bb7012dd5ebc4,0.191082802547771%,OFT Bridge Users,
0xa536b6e5dcca392e8a48ad309fa64be615df7f9f,0.191082802547771%,OFT Bridge Users,
0xcde357c682f637ee57328b2aa4511b1fdc09c97b,0.191082802547771%,OFT Bridge Users,
0x55b012330696501f749db76e1403c071496a91e0,0.191082802547771%,OFT Bridge Users,
0xb566abab96af4a2d968852df9e9a193f35e45a24,0.191082802547771%,OFT Bridge Users,
0xcd07c30463b7f0aa53d3fd3d4dd5119d93dbf694,0.191082802547771%,OFT Bridge Users,
0x2aea6c6c7a500ab10f6433a65f8de41a734686e2,0.191082802547771%,OFT Bridge Users,
0x0ab0c8227511c1280bf531157cc98820f3e00b97,0.191082802547771%,OFT Bridge Users,
0x2a3aed329e595db42e4210f9f01fb8b6046172e9,0.191082802547771%,OFT Bridge Users,
0x72f5a5a748ca02a86ac852a38f764d771c11f5f6,0.191082802547771%,OFT Bridge Users,
0x796d32bce6f5ce4b16ca25da8337310a8775f958,0.191082802547771%,OFT Bridge Users,
0x88344eac4a38d8ca1309651aa5d3a43f4d010646,0.191082802547771%,OFT Bridge Users,
0x2e0d90a39ec2ed373a7b4150bb761c77d6943a6c,0.191082802547771%,OFT Bridge Users,
0x7b64ca3f3f6e448c973556f4bea923edc2a8a970,0.191082802547771%,OFT Bridge Users,
0x4154c94d57d60a687fd925e3302203848b4a9f5f,0.191082802547771%,OFT Bridge Users,
0xf0c389135f8b6afcd1e2ffbe14dc272ef36f395a,0.191082802547771%,OFT Bridge Users,
0x69863db4514fe351c076cb2a381a56e00e7ff11e,0.191082802547771%,OFT Bridge Users,
0x5bc4451d8482526ba948e5a5f9bc4671be9e82a9,0.191082802547771%,OFT Bridge Users,
0x24128479b5e07332d57d24bac5c150d438cdeb9d,0.191082802547771%,OFT Bridge Users,
0x8e8f564749403680259b69978b7d87db8ec584bd,0.191082802547771%,OFT Bridge Users,
0x49632c211c6ba9ca97741da2be69976bb8dde249,0.191082802547771%,OFT Bridge Users,
0x3f74eca33d052f87afa87364aa4a7fae35d4883e,0.191082802547771%,OFT Bridge Users,
0xc9cc7ef4aa7e093efc7d01b64b6b995fbc8a1b17,0.191082802547771%,OFT Bridge Users,
0x5bb67c895513be52774b1d0ae6971780b8c655c3,0.191082802547771%,OFT Bridge Users,
0x54e4ba8e3d90027b765c007c8344acbff0b44559,0.191082802547771%,OFT Bridge Users,
0x2adfbf1ad12337ce9e96411f9818be6665fe79af,0.191082802547771%,OFT Bridge Users,
0x9f5c860ee753ccae7caf355901ee81322d78e9d7,0.191082802547771%,OFT Bridge Users,
0xa01f58c0ea137927fddb15b357127c06f51c1054,0.191082802547771%,OFT Bridge Users,
0xe89f08d23d128e2bc8ba5ba7fef11bd339a36b80,0.191082802547771%,OFT Bridge Users,
0xd2ba03b0c0fdd297381568a4a26739de1434e70a,0.191082802547771%,OFT Bridge Users,
0x5526f52098d3dd66b4f3fa160f37d169998d690f,0.191082802547771%,OFT Bridge Users,
0xae9afdd5895a8e56346a8b4322821b862f70ee4a,0.191082802547771%,OFT Bridge Users,
0xa9ca155405357678e2e2c28894659f75a6b6c155,0.191082802547771%,OFT Bridge Users,
0x82e078161eb56da47d8e00bc120e2e9980bafbf4,0.191082802547771%,OFT Bridge Users,
0x4db92447c79fccba0d5024fa49f69faad67a4e99,0.191082802547771%,OFT Bridge Users,
0x557dff80b5793df9ab93ad502cd84a774ae067e3,0.191082802547771%,OFT Bridge Users,
0xaaa05e7f7815d5d5341ad4071381533d1e1ce02d,0.191082802547771%,OFT Bridge Users,
0xaaa4fed47a2e24010cbf4db0db02633e3664afea,0.191082802547771%,OFT Bridge Users,
0x30cc35b20a33542dbe493be4cb559501708ef4ea,0.191082802547771%,OFT Bridge Users,
0xa5819ee0493f6deb45b909d75a9dcf87cb8b7812,0.191082802547771%,OFT Bridge Users,
0x6b0d315fb1d307a24a2ab5364d78aebd3a4c4f1d,0.191082802547771%,OFT Bridge Users,
0xb1e2dabfdd6431811e889255947bca184d1a44e0,0.191082802547771%,OFT Bridge Users,
0xe844f98d65af0c2de89144ba2930bee7ea9c7d20,0.191082802547771%,OFT Bridge Users,
0xbb8601196eecb8c52f343b82a1a60b65d9638bd3,0.191082802547771%,OFT Bridge Users,
0x196b6b1ca1cdef30a024e041e0aecee15974791f,0.191082802547771%,OFT Bridge Users,
0xb81154f7bc7b478554b70f5b587cf6a8b16da82e,0.191082802547771%,OFT Bridge Users,
0x562e2edb89bc920531ce43cb16aae9f8a599733a,0.191082802547771%,OFT Bridge Users,
0x56ccd457679218ecceaee549e4f92c2ce5376f5f,0.191082802547771%,OFT Bridge Users,
0xe5b3e55a2102450a2bc271fbd729a2ebb9ab810f,0.191082802547771%,OFT Bridge Users,
0xbe593259fbd665b35e39b22c25bef56dcb770831,0.191082802547771%,OFT Bridge Users,
0xd17afc431dd734993dfa5b2a1ecfea81ac6e7b55,0.191082802547771%,OFT Bridge Users,
0xa0954ae7794fc61bb5e1a672aa5a8e5a2abd627e,0.191082802547771%,OFT Bridge Users,
0x65aad05e9039bec2e1da4025fc7dcaa0f06d2cc7,0.191082802547771%,OFT Bridge Users,
0x2f7e55e29b350338c5e13f14a9cdd7f3f6391a81,0.191082802547771%,OFT Bridge Users,
0x148a00d9b3c4ee578298f19fa189178022b0f0a9,0.191082802547771%,OFT Bridge Users,
0x7efa1a0f646c0a077e5444808612c5f9ba7017ed,0.191082802547771%,OFT Bridge Users,
0xc47ac6f6b389fda85c7cd926bec28c16afe0394d,0.191082802547771%,OFT Bridge Users,
0xc595471cfea3f2886334a4d970447c508ff13142,0.191082802547771%,OFT Bridge Users,
0x4339254dc8c26fb009a807ea39f8b8d11ddc1f46,0.191082802547771%,OFT Bridge Users,
0x42aef8ae0c5cb211d3942a3241b22f3ebce619c9,0.191082802547771%,OFT Bridge Users,
0x6709a716af977922f64dea6760f6fd978280707e,0.191082802547771%,OFT Bridge Users,
0xd5608afea1f9e30d731a7964b5a0bb0a2e89a7ef,0.191082802547771%,OFT Bridge Users,
0x0d497f2b8cf7c33ec61a72af29e098e7f5c93bd1,0.191082802547771%,OFT Bridge Users,
0xebb4adcad9772accd27815782a6ab2afe3938319,0.191082802547771%,OFT Bridge Users,
0x307719096253f85e61adf7a192e21cc4a99fac22,0.191082802547771%,OFT Bridge Users,
0xf7a9418fb73a45449128a78b721baae8b3c6d4c9,0.191082802547771%,OFT Bridge Users,
0x802f0cf58f747c5d1eb9102ba8c75b3c7ac25643,0.191082802547771%,OFT Bridge Users,
0x0b455745a99947ebf8d3623edd066cf2d3a1eb79,0.191082802547771%,OFT Bridge Users,
0x9218bf1e3731b79204d056c0f35a87c228f0d2ed,0.191082802547771%,OFT Bridge Users,
0x2d7829355915115535a3ae011f29e095ff00fbb5,0.191082802547771%,OFT Bridge Users,
0xf8392234d2e429e178ba1a3e2543129305c3be0e,0.191082802547771%,OFT Bridge Users,
0xb60097c8392e2484c12ec2f0f88ffc5cb6e1609f,0.191082802547771%,OFT Bridge Users,
0x2118c5d86c01190d7da5a40b654def60b09ab623,0.191082802547771%,OFT Bridge Users,
0xe5196d72d9d00990882ccc47c967e6589e91287d,0.191082802547771%,OFT Bridge Users,
0x87597550dce9cf8312128803d12872c7b7a585c8,0.191082802547771%,OFT Bridge Users,
0x96be74f2e57a400a88314dfee04b8e96afd22ab4,0.191082802547771%,OFT Bridge Users,
0xdc74acd869fbeab743362e56272d057d5ac3be62,0.191082802547771%,OFT Bridge Users,
0xf7a00ed8c836fb08e51871709da053d6391bec53,0.191082802547771%,OFT Bridge Users,
0x5378917a3ec12b87700f2f381e75b90636971281,0.191082802547771%,OFT Bridge Users,
0xe05e6b9cc406799b516a7499c50edc9c18b31726,0.191082802547771%,OFT Bridge Users,
0x76eea432ba24a46ca53c2b8b1f7e0995f598ccf2,0.191082802547771%,OFT Bridge Users,
0xf7884a94f8c2bc38f90e8397beacf48e91844f7d,0.191082802547771%,OFT Bridge Users,
0xb18e2938f8b8e6b5f9135b934a426892e2a6ccc8,0.191082802547771%,OFT Bridge Users,
0xce4a9ca04cc425af15035a09403ed4103df35e7d,0.191082802547771%,OFT Bridge Users,
0xae83751fd1defae6385a90ab93230b54d1ee006e,0.191082802547771%,OFT Bridge Users,
0xc06bd07ec04e1a4cf6b6e57294822b9db1294401,0.191082802547771%,OFT Bridge Users,
0xd78f67894a445cb7aa9b86a06a58da4db6d05243,0.191082802547771%,OFT Bridge Users,
0x70e41e758f3c8d223da18228a55d91f445cb7ccc,0.191082802547771%,OFT Bridge Users,
0xe18c8721c933ce8ed9a0b0bfc8120e55f522c9ee,0.191082802547771%,OFT Bridge Users,
0x09004e2b0433bc6782e4fba2a5b2cb4adbe37650,0.191082802547771%,OFT Bridge Users,
0xfd72e50d4a40802feb89c26fc3ae0f96e09bf041,0.191082802547771%,OFT Bridge Users,
0xa92798a947cba98dcf6f72db909dd115a728448a,0.191082802547771%,OFT Bridge Users,
0x46d3f1e020d29b293c9c11ddb91dd9bccec18d82,0.191082802547771%,OFT Bridge Users,
0x8a624aed2dacbd30f1954e70c6a346541cdc2caf,0.191082802547771%,OFT Bridge Users,
0x81e3cf7bd785f93358ebb899b49ca175e21d9396,0.191082802547771%,OFT Bridge Users,
0x68f3cf0363f7e8793ad01acf2a4f5867164b4375,0.191082802547771%,OFT Bridge Users,
0x6434195512228feeb36807e59ce4fd2bcca96094,0.191082802547771%,OFT Bridge Users,
0xfc72d6af3400c65d4c23dd2a7a39a11b45fd0c80,0.191082802547771%,OFT Bridge Users,
0xf2edfff7120f8fc7f6adc1152dbf78610c4ca4ec,0.191082802547771%,OFT Bridge Users,
0xad2438b005de92429256dd2a5403a0ba243714f8,0.191082802547771%,OFT Bridge Users,
0xe996fb3adc0d86dea1d725b472431168332af41d,0.191082802547771%,OFT Bridge Users,
0x8010e7ca3af92b5333e4ada84de7150aa33b7e54,0.191082802547771%,OFT Bridge Users,
0x501e65a294c3063829ac9e9180fecbe2aa164f54,0.191082802547771%,OFT Bridge Users,
0x780ee57c9bea2d80c3b33d565497dd8acfef797a,0.191082802547771%,OFT Bridge Users,
0xa521d8ba6d05386516df90fa11470fe2361630aa,0.191082802547771%,OFT Bridge Users,
0xefe9db238d33de1e7aa377b2cde3acf98e233a1e,0.191082802547771%,OFT Bridge Users,
0x91d763519adea4d6376102381e32415a73d80c7c,0.191082802547771%,OFT Bridge Users,
0x8601515d0e24e24cfda320ca50bd372ed5da817c,0.191082802547771%,OFT Bridge Users,
0x5b760abc271419c42757ca7ce8f19b79bc296e31,0.191082802547771%,OFT Bridge Users,
0x6078c75d989e7612013c3369cdf5cfb5f66bf82c,0.191082802547771%,OFT Bridge Users,
0x43d96414abdc785ea5633be59f5c612bf2463696,0.191082802547771%,OFT Bridge Users,
0xb36218cacc3580628ae0645c98bdc6a08716073d,0.191082802547771%,OFT Bridge Users,
0xb93a7069b24ea79d62a2fd5b446c236404522a1e,0.191082802547771%,OFT Bridge Users,
0x4104beca557e9799b0527aae4755eda4f64432d6,0.191082802547771%,OFT Bridge Users,
0x4f9b78e176f287c302763fe56e1a2e1b4a559df3,0.191082802547771%,OFT Bridge Users,
0x3d803fbe3db27e6e3b56ed2df36813953c2603ea,0.191082802547771%,OFT Bridge Users,
0xf4979ae0302d8a940cb695da518c2c6abf9dc70d,0.191082802547771%,OFT Bridge Users,
0x3a8603914924643a11e0551da48aac4336a5cf32,0.191082802547771%,OFT Bridge Users,
0xcb155ea55bedad1c89e36ac554d34a08bfd4b6df,0.191082802547771%,OFT Bridge Users,
0xd37d9ce7b1c4731e62e3aa6865c8f4222dc53345,0.191082802547771%,OFT Bridge Users,
0x878f2886c704c67bc30a028e795625e8fa1e3e08,0.191082802547771%,OFT Bridge Users,
0xdd5e912a49eaa2a1ac68917b71026953ea07f63f,0.191082802547771%,OFT Bridge Users,
0xec4367d8b728873146b528eed91612e88a70489c,0.191082802547771%,OFT Bridge Users,
0x07d5a563f42e49e0fce2d391f3897346a38156ae,0.191082802547771%,OFT Bridge Users,
0xff2950b261488b24615ccb59cc51948d9f903cbd,0.191082802547771%,OFT Bridge Users,
0xabdca6a812d6322b55d9a564a7789cbb7fe73acb,0.191082802547771%,OFT Bridge Users,
0x1be78d41a05e9536c1dd42065b2614ccdfe07f50,0.191082802547771%,OFT Bridge Users,
0xa7ad305b4237dfc616d19ce41ada300233ec665a,0.191082802547771%,OFT Bridge Users,
0xc7e4125ce9f849a2bc58536c15bafc3ada0ae8e2,0.191082802547771%,OFT Bridge Users,
0x3867b55201a63987f881d2f2acfa44e3e9b8e4f1,0.191082802547771%,OFT Bridge Users,
0x1d24a75a477d830853828c0a4bee0eb57fb0ff5f,0.191082802547771%,OFT Bridge Users,
0x2175766ab303d06aa5ed2bcd01721fb9a90eb8d5,0.191082802547771%,OFT Bridge Users,
0xe4f457d7a1053d92c5f613375559aca9e4e792fc,0.191082802547771%,OFT Bridge Users,
0xb6f42c28c7f96c3724d495095cf6eb37db0636e6,0.191082802547771%,OFT Bridge Users,
0x377c505e68c43b367ff6fadfdbf0fe391431ef01,0.191082802547771%,OFT Bridge Users,
0x94eeafe2448312ade8ce3103c733207552e02119,0.191082802547771%,OFT Bridge Users,
0x71a0c496a3e66265f9666b71b36362748283a048,0.191082802547771%,OFT Bridge Users,
0xea6907706d92eb739ffd78fabed8ca395a4f8f0e,0.191082802547771%,OFT Bridge Users,
0xf7393624f042d09cfd68933faf3f0f016dc1efa6,0.191082802547771%,OFT Bridge Users,
0x9520c7a0a0f58f793446553735fdf380e42028cb,0.191082802547771%,OFT Bridge Users,
0x0501a4c8081287865317e3ee01514af5cd9d5c4b,0.191082802547771%,OFT Bridge Users,
0xb12709b1175a03ff49768bd94279771ccf24dd28,0.191082802547771%,OFT Bridge Users,
0x26ce9c8493cf359faa7afb6f755219544c662b96,0.191082802547771%,OFT Bridge Users,
0xa9ba35ff4fa8526062f84e36ba01b2935b2d35f4,0.191082802547771%,OFT Bridge Users,
0x3d51859228c6af804fc6d5a14449eef0b8284c97,0.191082802547771%,OFT Bridge Users,
0x723cc2f21150c8887b58d53d98d68ca4a986c91f,0.191082802547771%,OFT Bridge Users,
0x3e4cef05054d05acbbd6966fac4f5e884eefa8b0,0.191082802547771%,OFT Bridge Users,
0xc16af92d4fde73e4e84e5ea17f3a9f42682e434b,0.191082802547771%,OFT Bridge Users,
0x7ec1915bf8e9166b6a0164559bb3bba16bfe8382,0.191082802547771%,OFT Bridge Users,
0x4e03c4e7fc7b5615934b58ced3067ebe19807fb4,0.191082802547771%,OFT Bridge Users,
0x646c043fcb466c63240419e0dc1f79df5c499b13,0.191082802547771%,OFT Bridge Users,
0x872f9b34e7cbd48369616976b223fb1fe91e6bd7,0.191082802547771%,OFT Bridge Users,
0xa339405d5f99a9df0317e7da3dbb18d0aea582f8,0.191082802547771%,OFT Bridge Users,
0x6257b8c443a2f1098bd71481f6ca7e94926886ea,0.191082802547771%,OFT Bridge Users,
0xc1e2031f18e2e7b7b09f749c4417db47954c18cf,0.191082802547771%,OFT Bridge Users,
0x4d24ea56c30c079ea4e98a44f5400018e1902029,0.191082802547771%,OFT Bridge Users,
0x7e574fab4e2c104e182c3c74bcc7a17be70f0b62,0.191082802547771%,OFT Bridge Users,
0xad16e2a104b4cb55000740c677c0676fdeca8fef,0.191082802547771%,OFT Bridge Users,
0xbad6a059b772a44d64f1831f5c1e8f69c3693b1f,0.191082802547771%,OFT Bridge Users,
0xbf8cef36576f0d3e71847a5f2e3d50d3e1884c9a,0.191082802547771%,OFT Bridge Users,
0xed7c380f8bb90607a29e2463abea498f0db2b3ee,0.191082802547771%,OFT Bridge Users,
0x05a013e8c4933e82d2e6da6188b880928e6d8e78,0.191082802547771%,OFT Bridge Users,
0x9692e7b24aa1f05528b60c00b557815a4b94d8f2,0.191082802547771%,OFT Bridge Users,
0x327460c300f4f992768b31836c8cacfbba494763,0.191082802547771%,OFT Bridge Users,
0x65dac0bf61c544853f213bc071871eab147e26cb,0.191082802547771%,OFT Bridge Users,
0xef59f380e28c1effc83f4a927cd139c12a84d0bb,0.191082802547771%,OFT Bridge Users,
0x17cd24cd8b0bfe22fc0ae8543613555f2ec3f644,0.191082802547771%,OFT Bridge Users,
0xaa819b46fd958de10d7a60ad5dc8739351d9cb16,0.191082802547771%,OFT Bridge Users,
0x410fbbfd9ad972132d6cc26406b9be16e04eec31,0.191082802547771%,OFT Bridge Users,
0xbd70ceb62f094a8ffde3a08d6024015a802642b8,0.191082802547771%,OFT Bridge Users,
0x7dfbfc591455fb91de2a3a75aabb119f6870fd36,0.191082802547771%,OFT Bridge Users,
0xfe88079edb2b0299493af766673b7e487f694de2,0.191082802547771%,OFT Bridge Users,
0x84131d6e0923b7c866c20abf5616d17908b37982,0.191082802547771%,OFT Bridge Users,
0x9a3184b53391aaa4bd4bbbd4a71e9868d9b9526c,0.191082802547771%,OFT Bridge Users,
0x2bab0bffde8d61b46a363c617304021d02128933,0.191082802547771%,OFT Bridge Users,
0xd064880e3065a6e91897f6eed4ceab8bab1d8c93,0.191082802547771%,OFT Bridge Users,
0xcd68bf72454980c8176aaf69b2ab8b49ecfbb1da,0.191082802547771%,OFT Bridge Users,
0x30828ca3d73116bfdd8bd75fe5f9798c13a9acbe,0.191082802547771%,OFT Bridge Users,
0xa8a480e278000cb0d459a5a54fac10126586e913,0.191082802547771%,OFT Bridge Users,
0x5eeb6704dce66117c690fa25a492b9d170af038d,0.191082802547771%,OFT Bridge Users,
0xc73eae5ea6e58f8ad8d633e02e1f657bbedab786,0.191082802547771%,OFT Bridge Users,
0x0adc30a4a7318e955ab9269d6760a77a342ac84c,0.191082802547771%,OFT Bridge Users,
0x7850ff3c4f7ae137d4c3b329e04a58c6c642c4d8,0.191082802547771%,OFT Bridge Users,
0x9289bd30ff474ad640c85ea222e4664ed754ea8a,0.191082802547771%,OFT Bridge Users,
0x8448fa27d9e6cb8bd4dfa3dcf2fda9338573d1f3,0.191082802547771%,OFT Bridge Users,
0x490ca708b711fee11b785851a19c700f5e846db4,0.191082802547771%,OFT Bridge Users,
0xa86dce5ea32d15bc0fbe9e89a3a6c24402f4eb06,0.191082802547771%,OFT Bridge Users,
0x5e15bc09ec3377d1bbff90ea4639f4f6296638db,0.191082802547771%,OFT Bridge Users,
0xea6ea238b08bd2e92b1b14984a8d94f48ab7541f,0.191082802547771%,OFT Bridge Users,
0xf9b59b680540471710eb858c01f3f63e6529209e,0.191082802547771%,OFT Bridge Users,
0x0cafbc1f2ec9018976c7585df93ebcc30da9a400,0.191082802547771%,OFT Bridge Users,
0x09f648e6848c2ed84b12e22fe4544c979bf3c1a3,0.191082802547771%,OFT Bridge Users,
0x2de5aae328ee447f001b5198e3c890750ecfc225,0.191082802547771%,OFT Bridge Users,
0xe45d18150d7d9411f79d0cb85abbdb1e864c0d3d,0.191082802547771%,OFT Bridge Users,
0xe9399dd8ad00a959a342dfbe9f19bae712682470,0.191082802547771%,OFT Bridge Users,
0x37575a90fd87267318b65f9a7f1ae58db8641abe,0.191082802547771%,OFT Bridge Users,
0x9a90301479268848c26bde356dc37192a9bde3dc,0.191082802547771%,OFT Bridge Users,
0x9fd0258cde56a57e79ed96cca5c80ef42986e507,0.191082802547771%,OFT Bridge Users,
0x272de96d1421644a03a8a7ebb2488bf71a65e99a,0.191082802547771%,OFT Bridge Users,
0x1e2457c150b91454569d8df90616b51bcde7e837,0.191082802547771%,OFT Bridge Users,
0x8c2284aad29483d1450f890b071010f66b9a5f03,0.191082802547771%,OFT Bridge Users,
0x3d6af3cf8b33121b6bfb270966cf80188f2c69e1,0.191082802547771%,OFT Bridge Users,
0xcbe372e152213341e8e9da58f2f96e56400691ab,0.191082802547771%,OFT Bridge Users,
0x3f7eb0fc3cf18b09a421312e2b3aebe825cdd950,0.191082802547771%,OFT Bridge Users,
0x8b04c964f999540c4bba9ee83de2633d4c836157,0.191082802547771%,OFT Bridge Users,
0xf6631aa0a6f1b484f30b5014bd0cb7eb48789d90,0.191082802547771%,OFT Bridge Users,
0xeb5a67fbccb54b35ed3af967d424f99ae30c291f,0.191082802547771%,OFT Bridge Users,
0x359d5c159e086670a155271cadd66377b0a71b47,0.191082802547771%,OFT Bridge Users,
0xb1a18e62c8c7eb5b339b3ae9e5e5f7f8c99dfa18,0.191082802547771%,OFT Bridge Users,
0x7712bf82239b1d1871b93dc9866f80f2a630fb1e,0.191082802547771%,OFT Bridge Users,
0x0436ffb976c48f769a575ff3c4587a59504637d0,0.191082802547771%,OFT Bridge Users,
0xf248dc9071c3e6b4eb1a69b8007d0f44ff3da1aa,0.191082802547771%,OFT Bridge Users,
0x9b8508ba9724f7b14fe501a0f51c1e0d5da4a334,0.191082802547771%,OFT Bridge Users,
0x43ca7c7738336106407fd2ac18308414ae3f782c,0.191082802547771%,OFT Bridge Users,
0xa872106223d873063e4b51484babc9d9ba616f68,0.191082802547771%,OFT Bridge Users,
0x44e70cb6a9dc61a9454727570ab97aef33ce8e7a,0.191082802547771%,OFT Bridge Users,
0x554a359384732f25670ab996bdb141b26b2be83e,0.191082802547771%,OFT Bridge Users,
0x4937b115881c092b31f31a3c6271f4e6614b13a8,0.191082802547771%,OFT Bridge Users,
0xcbc98177ec6eb16f68471e6ef459ae9e6b943d4a,0.191082802547771%,OFT Bridge Users,
0x5ed306bd399ef1a134e60e23861918d5ffcc0bef,0.191082802547771%,OFT Bridge Users,
0x6b6bde57e659ad5e95cfb20550e77329c73bcb76,0.191082802547771%,OFT Bridge Users,
0x1ed490fe3c88380eb8a8fdc84a82472d246f54f4,0.191082802547771%,OFT Bridge Users,
0xae42e6df045596261663d06d0c0bfbdc7b62457d,0.191082802547771%,OFT Bridge Users,
0xaa3a71b16a4cfac2489a762156ac30fac8aca9f7,0.191082802547771%,OFT Bridge Users,
0xe211d559bf78ca5744320234170522ec80e55fe1,0.191082802547771%,OFT Bridge Users,
0xc66ab5337e8b53fb3b6254a11af1de53c7c31b8a,0.191082802547771%,OFT Bridge Users,
0xf69e57b74595fd5b2dee102aec0f540606e25c98,0.191082802547771%,OFT Bridge Users,
0xd9394bf0c0d7a0e5aaeda74079c1ed403e172cbd,0.191082802547771%,OFT Bridge Users,
0xa30a8aaf371e842ea6204220e277e48a198c3f0b,0.191082802547771%,OFT Bridge Users,
0x0a207e2d3d3edc45589bd02bbca750fc576c5c50,0.191082802547771%,OFT Bridge Users,
0x8120d3cb93604005078b7f9730e3893c805ea9bb,0.191082802547771%,OFT Bridge Users,
0xfc773c1fb97cd572d3d2a6ce9c78724a9949298c,0.191082802547771%,OFT Bridge Users,
0x14194cd72b5bf31a4e58fe35ffcb8be4bcb7f385,0.191082802547771%,OFT Bridge Users,
0xf671725c753d2fde985fef6b7bc73e28d791232d,0.191082802547771%,OFT Bridge Users,
0xee0fa05e4e68598cf04241008d3771a2389a8e7a,0.191082802547771%,OFT Bridge Users,
0x3ce7aad097d2193c69c1c14ca4c5f9f0d79a3a1a,0.191082802547771%,OFT Bridge Users,
0x8cc2fce159c669601208b386eb52612d2d51c03f,0.191082802547771%,OFT Bridge Users,
0x8446481fdd805ee27a0558113ef7bc1d6303a98b,0.191082802547771%,OFT Bridge Users,
0xd5788ea804bb4b0511ec516cc0523710110467ea,0.191082802547771%,OFT Bridge Users,
0x7b93e67de1fcb3ee221f95162217ce650ad02ba8,0.191082802547771%,OFT Bridge Users,
0x9d11aba87359e324122cbfc99fd2d4cdaf12883c,0.191082802547771%,OFT Bridge Users,
0xc989400eb228aed4df3da3ccbde38c5095d3de32,0.191082802547771%,OFT Bridge Users,
0x13f6b5e292b6e76549fab6211f097864452d9885,0.191082802547771%,OFT Bridge Users,
0xf8570625dc3d901ef133f380ef059a1f0ac47cfe,0.191082802547771%,OFT Bridge Users,
0x191eec9b34a94c3c31c8acb9394816f05ad71bb9,0.191082802547771%,OFT Bridge Users,
0xb9dbba40c064f922a5c088025618649c41546091,0.191082802547771%,OFT Bridge Users,
0x9fcde96f8aae6884dc94d7eef88f5a2ce40316e2,0.191082802547771%,OFT Bridge Users,
0x994c55a30f2ab7172552919d70c91c2654e72dbf,0.191082802547771%,OFT Bridge Users,
0x716e494957c6abe11fac080efc9deed268b6db87,0.191082802547771%,OFT Bridge Users,
0x56458f848996f072e69fb65d6c343462ec4eac7b,0.191082802547771%,OFT Bridge Users,
0xc756caaba583770624237b520fcf20c6c541f5a3,0.191082802547771%,OFT Bridge Users,
0x1ea5b5e2658050995c5007a356b970e83237bf55,0.191082802547771%,OFT Bridge Users,
0xf113833cb086ac8ecc98c58bca0b42b19650f2a7,0.191082802547771%,OFT Bridge Users,
0x5d8d5e70e06ed8c8bdbb4b30c720daf02a17fe6e,0.191082802547771%,OFT Bridge Users,
0x9ef7634f6070e73cacd61e8d34046f605bf66c67,0.191082802547771%,OFT Bridge Users,
0xae58d9e275ceb8f60fa5b44edf01b57d80ce1cb1,0.191082802547771%,OFT Bridge Users,
0x9c9de23751037cb616e15e5779b202410385407a,0.191082802547771%,OFT Bridge Users,
0xb1f302104dc735dda55e4ba01c1b2987a19b99fe,0.191082802547771%,OFT Bridge Users,
0x747bd381ae547665bbf5d7a989d4c128ec7744b8,0.191082802547771%,OFT Bridge Users,
0x3c7fb3f5786b44b8fc59976abd443664e57265c0,0.191082802547771%,OFT Bridge Users,
0xe7d9c23f63b0e94143532bbb5e33b7cead0c8b7e,0.191082802547771%,OFT Bridge Users,
0x6dba8f7f1549651cedd803f995e0d9fb1145baa8,0.191082802547771%,OFT Bridge Users,
0xb1df25fb9862f4622a07412b71a95944e6064cb1,0.191082802547771%,OFT Bridge Users,
0x97f7f3043120def6073bb8d36be27c35459b0d79,0.191082802547771%,OFT Bridge Users,
0x7a05ca1a9a8f271c4abac9f5f29b8fb521f4490e,0.191082802547771%,OFT Bridge Users,
0x132572036bf99dde389e7ff0aad8c0896dc6d07f,0.191082802547771%,OFT Bridge Users,
0x88dafbb94d0885d7ed024c196a877ae1d3871a9f,0.191082802547771%,OFT Bridge Users,
0xfbede3b576ed74236563f73c842f10959fd4018d,0.191082802547771%,OFT Bridge Users,
0x27400455b2865ed1f922111de6284e5943ccce0c,0.191082802547771%,OFT Bridge Users,
0x8511732e2448715250a314047a73f2b21c30fb67,0.191082802547771%,OFT Bridge Users,
0xaec013175815627e4b8f30a081d68dcd56486ebb,0.191082802547771%,OFT Bridge Users,
0xa78c00b2ffebbb82cf61ad2044984f652a67ee20,0.191082802547771%,OFT Bridge Users,
0x2fc44deb21c47ed4151777336333f388ada1f0a1,0.191082802547771%,OFT Bridge Users,
0x956469d84a9120c3b2b3acb758e59c9d0ed003f2,0.191082802547771%,OFT Bridge Users,
0x6806c263d5587c0079cc2c3a1b6ede9779d57e65,0.191082802547771%,OFT Bridge Users,
0x003b7f79e8a0b349b5f1905b541a1eb188a64b0c,0.191082802547771%,OFT Bridge Users,
0xe9677e3c3be1696677d426e07f57a9300bd5725c,0.191082802547771%,OFT Bridge Users,
0xf1e36ffe85da23a1f11334160515297bac5d820c,0.191082802547771%,OFT Bridge Users,
0xc660852b93010883f66e2530321b78c7a0d8ce1b,0.191082802547771%,OFT Bridge Users,
0x7230e23b8ecb76329f20f7d5f7bad1fc3f4202c6,0.191082802547771%,OFT Bridge Users,
0xf37d433fc3a2735255aa73a06bb7c913c24b9e61,0.191082802547771%,OFT Bridge Users,
0xb66a44a32253b77fadba7d3b835eb687f293f1d7,0.191082802547771%,OFT Bridge Users,
0xd3c03a6015e6ab7abe52b30335ee39c562ecd09d,0.191082802547771%,OFT Bridge Users,
0x176424bdf4ce5689af48f09143233c81297dadb3,0.191082802547771%,OFT Bridge Users,
0xf0938d9b92e39aeeae026adbcebf04e6bf955fb5,0.191082802547771%,OFT Bridge Users,
0xe235995cb766a951c9113cc8402551f1185a02b6,0.191082802547771%,OFT Bridge Users,
0x58c5f8795b98861f25828d0288ab328db4f8e960,0.191082802547771%,OFT Bridge Users,
0x068611af3a3621bd21b427d0c0b57590b14900e0,0.191082802547771%,OFT Bridge Users,
0x1ac44fb6bdf735ff022d018174c5d683437a5414,0.191082802547771%,OFT Bridge Users,
0x04acc6f12242879d2a370e14ffee553f49c44718,0.191082802547771%,OFT Bridge Users,
0x32acf8c7e8886d1081bba1acd1d0f6a2a03197d7,0.191082802547771%,OFT Bridge Users,
0x117114f87988eeee2bc9e450da302141ad73f30e,0.191082802547771%,OFT Bridge Users,
0x1e4fedf2226e3f95461da03de2ceb9e16e4d8352,0.191082802547771%,OFT Bridge Users,
0x4e03a74e51ebf3ab614a0574398e17a687f3609b,0.191082802547771%,OFT Bridge Users,
0x35d1f52ac3765ab699ce03e8d9abdb94836d3ffc,0.191082802547771%,OFT Bridge Users,
0xdf19069ac9e0fcd7057e7a33787e3d3096991ab6,0.191082802547771%,OFT Bridge Users,
0x4ebbbc00e8c1822523170ff413ed8ff788300e9c,0.191082802547771%,OFT Bridge Users,
0xe443f61c688205b23f0f75877bbc1ab151571af3,0.191082802547771%,OFT Bridge Users,
0xcc4bbc64de572aa1e82b36a6f1020cd0f759021d,0.191082802547771%,OFT Bridge Users,
0x7b86ace59c8d6ec7310560b1606892369959c263,0.191082802547771%,OFT Bridge Users,
0x95a6c2bd26088b46db475492517c22904ece134b,0.191082802547771%,OFT Bridge Users,
0xb5c66a73fee013fc3004f4d914ce052ed971d86c,0.191082802547771%,OFT Bridge Users,
0xe1bc1f05c730112de3a387c8ab7d95efeb28f73f,0.191082802547771%,OFT Bridge Users,
0xe0e820d528706f73cfa48477e6a51e22b2888891,0.191082802547771%,OFT Bridge Users,
0x2a70e52983374dc42aa9dc8055c7cc3f12fddbce,0.191082802547771%,OFT Bridge Users,
0x47a744bf2b3ed37458e1248fd842749debe27f38,0.191082802547771%,OFT Bridge Users,
0x94aad8b9e890b84f4f9e659a7e32e63d188ec061,0.191082802547771%,OFT Bridge Users,
0xb9b524f47770c0b49ba1edc1ee5e8c93cdd2e7cb,0.191082802547771%,OFT Bridge Users,
0x3f51a892bedcc55f3246dd93fc21ae05dbcaafc0,0.191082802547771%,OFT Bridge Users,
0x4135f253f6675bca54e2796117704cbbb475ebdd,0.191082802547771%,OFT Bridge Users,
0xa611af087e87e193c0530ca7d857884b73d99eb3,0.191082802547771%,OFT Bridge Users,
0x7e5bcd3a62525b0e5f6f0e888054241474c0f43c,0.191082802547771%,OFT Bridge Users,
0x745b21884ed72188add2c8b185fec1da9b8ca423,0.191082802547771%,OFT Bridge Users,
0xce36fd3c7d1195c807ea0389967df0e6f649fdcf,0.191082802547771%,OFT Bridge Users,
0x3e3e26836e8807b321619ed1c3e79a191476deb6,0.191082802547771%,OFT Bridge Users,
0x1e1f1f7c735be4af3ac654e0483b13333da90076,0.191082802547771%,OFT Bridge Users,
0x20c1faf796cc3d9e6ab22bc149696399371ca14f,0.191082802547771%,OFT Bridge Users,
0x26a43c00d21cda0a47e9d2dee588765b8f3c7744,0.191082802547771%,OFT Bridge Users,
0x94f95f417d9542ac08c357b1ad18c9e1ae0072e1,0.191082802547771%,OFT Bridge Users,
0x0606bc2da2444c6a20cde8a0a1bbbdb8e6fb70f0,0.191082802547771%,OFT Bridge Users,
0x33514c3581e016aa5a67cab98ca46dea36bd887d,0.191082802547771%,OFT Bridge Users,
0x1058423626c04834665894ad22aaab8fa2163469,0.191082802547771%,OFT Bridge Users,
0x1c0e3de7db855c054f5399bef078d09d2dc00973,0.191082802547771%,OFT Bridge Users,
0x4e21a682bd4bd1576421ba055c1ed824063ee844,0.191082802547771%,OFT Bridge Users,
0xf5a49343f7a6b456688e2b8365831817105e2a21,0.191082802547771%,OFT Bridge Users,
0xac991af38081c7f501f976f0a9be97a20fee2094,0.191082802547771%,OFT Bridge Users,
0x39f55a216be9f96529d85aa2be8d938e54476369,0.191082802547771%,OFT Bridge Users,
0x4713af39cf13132869d9082575f63dd1138bf74f,0.191082802547771%,OFT Bridge Users,
0x9fbd8e52a8b455132807ea6bf1ad176fa889a622,0.191082802547771%,OFT Bridge Users,
0x71a496624106384c27836c3a48b080eabe9d3de9,0.191082802547771%,OFT Bridge Users,
0x80666fc6ae4426ebe398f97b9137dd62f122e5d2,0.191082802547771%,OFT Bridge Users,
0xa113e0dc3b939714298581b254646d19ceee28a6,0.191082802547771%,OFT Bridge Users,
0x21b396cda3be229c9abd5fad6aedcc67e882d591,0.191082802547771%,OFT Bridge Users,
0x52971308cb544bd617598f300609fbab6ec49a9c,0.191082802547771%,OFT Bridge Users,
0x12649d9876e83f875afcb0ef962a960606d3c5d7,0.191082802547771%,OFT Bridge Users,
0x3db993810fead4d9c000933764d332d7d6049daf,0.191082802547771%,OFT Bridge Users,
0x3fe8a7f2d6cf93890306590a8fa43b15adaac6f5,0.191082802547771%,OFT Bridge Users,
0xc81fc84324f4b36dc06852893f4fc3b4279fd77b,0.191082802547771%,OFT Bridge Users,
0xecc9e9dca8fb88d2f39a963620ca4da1d2c4a023,0.191082802547771%,OFT Bridge Users,
0x0fcf318de86d5b07af179c4d9e76edff0c95a753,0.191082802547771%,OFT Bridge Users,
0x7fbf564fb1fda229a9de8a2b696592fc5402efab,0.191082802547771%,OFT Bridge Users,
0x64bbeed2fef3bc13ad6bf193479afc4d516ea282,0.191082802547771%,OFT Bridge Users,
0xdcbd5668066bf428cc6e8f66beaac76d73f6492d,0.191082802547771%,OFT Bridge Users,
0xaf377daa82c4ab9ebd458e06545d00c377f98d2d,0.191082802547771%,OFT Bridge Users,
0x6db48fa6976662de8d437694c260d1f510353046,0.191082802547771%,OFT Bridge Users,
0x42fae14536cc127fab17a9fbe6a3e84c28d74e70,0.191082802547771%,OFT Bridge Users,
0x188f68f87a49bbf5998ea2af33658ae1d6f1fb09,0.191082802547771%,OFT Bridge Users,
0xe27d0f7281a96e49393aa53e63abc7ae3a8c6681,0.191082802547771%,OFT Bridge Users,
0x1a892a5da4446bfb31929873e13e815514217a98,0.191082802547771%,OFT Bridge Users,
0xb2dc7a2dd24f18c65c1813b5eff743b7721c13dc,0.191082802547771%,OFT Bridge Users,
0xe59a50b4154f375825280951d73af196122fda80,0.191082802547771%,OFT Bridge Users,
0x59cd0de193db424b9a24bff27c817c31873931ab,0.191082802547771%,OFT Bridge Users,
0x3a22781b2197bdaed806eacf452b81304d7d5907,0.191082802547771%,OFT Bridge Users,
0xa74e4549c2db53acc6d8390916cc447f01e95098,0.191082802547771%,OFT Bridge Users,
0xcab449118f1f467d02476ec192d449a786b36655,0.191082802547771%,OFT Bridge Users,
0xfa4bd5ed667a9f732fe48a54b502b780ad7dd14d,0.191082802547771%,OFT Bridge Users,
0x05e7db465bc0681a3865a587e4d283961808d9d5,0.191082802547771%,OFT Bridge Users,
0xa1bf014ea36b329add1bbbf91e8ad6c225002feb,0.191082802547771%,OFT Bridge Users,
0xc6d98bee1eebedc0a3f027ef0fc3a6f687e1dca1,0.191082802547771%,OFT Bridge Users,
0x7131893ea0820ed3eb3651e8e080450f36014e44,0.191082802547771%,OFT Bridge Users,
0x923973f84f55d0a4c5f1a3b5c5414cc485c229cd,0.191082802547771%,OFT Bridge Users,
0xde252d8e3c6e398addb26e849334c08d234b774b,0.191082802547771%,OFT Bridge Users,
0xfdaabbf582e15d85389620e9c7bdf12002dd1583,0.191082802547771%,OFT Bridge Users,
0x6b0483dafbfc85f05171af7821eca9f9a7d83f39,0.191082802547771%,OFT Bridge Users,
0x7d6314b732898624e7ef9810526781630e95ca0f,0.191082802547771%,OFT Bridge Users,
0xa037daa8888966ec32c85346c8881e749fd004c3,0.191082802547771%,OFT Bridge Users,
0x953497cd34061d42c41b3e2d44f4ff814a0607b6,0.191082802547771%,OFT Bridge Users,
0x2368fbb598e64bec8e53de6878367737e7428eb7,0.191082802547771%,OFT Bridge Users,
0xba0d1984c3119b0d618a65148601aff025f76178,0.191082802547771%,OFT Bridge Users,
0xcf003a2cf93895c649bf508490dfae86ffacfd54,0.191082802547771%,OFT Bridge Users,
0x7b9e31cfd753fad6e1f9eebdc574256ef4fb6a39,0.191082802547771%,OFT Bridge Users,
0xe73eb228556635dddc2b6a7dca3ca97ce1ae729e,0.191082802547771%,OFT Bridge Users,
0xff61170bfd904784a6513c82a188e2cdb0827df6,0.191082802547771%,OFT Bridge Users,
0x54a764ede5145050f1470f13b29afb1303227cea,0.191082802547771%,OFT Bridge Users,
0x806e594a078a76b59b71df51315cde939165b731,0.191082802547771%,OFT Bridge Users,
0x078bf4a2fbe60f4907d39c09ecc2e26c1694fb61,0.191082802547771%,OFT Bridge Users,
0x8f823dea781f7e95190835cc8db2018587dbb13b,0.191082802547771%,OFT Bridge Users,
0x0c31a30b2e081bba03bcb62db128eaafe75a264f,0.191082802547771%,OFT Bridge Users,
0x6a4839c583eb0c3257c2d29feb1192111f3e9c4f,0.191082802547771%,OFT Bridge Users,
0x9d89ec0215cb260490d873408fd8faf29c09ca19,0.191082802547771%,OFT Bridge Users,
0x36a3159a9334c19668976b871742a4cd1f369d8e,0.191082802547771%,OFT Bridge Users,
0x6e3b82e0897833f744d8838819cfbaa17ef1528c,0.191082802547771%,OFT Bridge Users,
0xe43cba7108be960c8ecb866211a36e077643e11b,0.191082802547771%,OFT Bridge Users,
0x1d7bb43d254d001467b362e50c2317ea0b06afc0,0.191082802547771%,OFT Bridge Users,
0x81e526fa1c6687484851b378d66507a43cb55add,0.191082802547771%,OFT Bridge Users,
0xadbe1bda11745e3059323b87930145c8e082a646,0.191082802547771%,OFT Bridge Users,
0xdbfe017dc0caa8d2a99cd8e240d64b70d78e5e44,0.191082802547771%,OFT Bridge Users,
0xb34257e49a445168208a545e40e8ab744048a099,0.191082802547771%,OFT Bridge Users,
0xcd822081f61792b17b0a89d2640656757d35a9ec,0.191082802547771%,OFT Bridge Users,
0xcb1696a8d46ac0b6184a26a148d6a22b8185f787,0.191082802547771%,OFT Bridge Users,
0x3dd3b848d1a5551a429f29b6d21541c34dc0841a,0.191082802547771%,OFT Bridge Users,
0xaab46c87dcf4915605e4a887592909cafd3070b2,0.191082802547771%,OFT Bridge Users,
0xd6eac5c1fc00975044853d4401cb19d7076dcf45,0.191082802547771%,OFT Bridge Users,
0x99664b05f9f5d3b10612dd9cbbbb5f05e8709c4f,0.191082802547771%,OFT Bridge Users,
0xdcdb5e658edffc23fa6fd3d37620224c31da4ae3,0.191082802547771%,OFT Bridge Users,
0x320848ec30e5e2f9f38aa74b9d8ebe88389d8d91,0.191082802547771%,OFT Bridge Users,
0xd4be876bc8b90f8b031f7714273530eb724aebf2,0.191082802547771%,OFT Bridge Users,
0x5182a9e63554f91cdde645f3372817492585dda5,0.191082802547771%,OFT Bridge Users,
0xebe9ceecd53d38a18a90af7ef604682c7191f947,0.191082802547771%,OFT Bridge Users,
0x21d536070b9fc13e243adfeff14be4b9c6c484d7,0.191082802547771%,OFT Bridge Users,
0x1b91be10a572d86c34c47b1069da9f13e55ac693,0.191082802547771%,OFT Bridge Users,
0x46b7d69fa472028d0ec066fb120ac689e7f53366,0.191082802547771%,OFT Bridge Users,
0xca970873a7d6d5e8e4601f5625156a2a0d2f634d,0.191082802547771%,OFT Bridge Users,
0xac65b6383f5d7bda6208a31bace6e062e1de7c4c,0.191082802547771%,OFT Bridge Users,
0x3198b8a718a027c3e17c3b78ed406fe726668984,0.191082802547771%,OFT Bridge Users,
0x6c459e7059c7e8e363fb67bc8c9f89d89a5fbad4,0.191082802547771%,OFT Bridge Users,
0xc58ab66b7837a17ad26266550d9f414adbc581ff,0.191082802547771%,OFT Bridge Users,
0x66b4dec2187a9db4b1d6b07bb583864a2265f1e7,0.191082802547771%,OFT Bridge Users,
0xf1c31d0251df04900869e6a726365aeba0be96ad,0.191082802547771%,OFT Bridge Users,
0xeb2550fcc50276940acc40049ec1852c885703d3,0.191082802547771%,OFT Bridge Users,
0x33c035dfa60bc1cd1273a0bbde9f8af373d7042f,0.191082802547771%,OFT Bridge Users,
0x45762922a507712236cdc8b18de81d18ab42382f,0.191082802547771%,OFT Bridge Users,
0x1d1c82b8e4c506ac042e6b13351ec8c13b82113a,0.191082802547771%,OFT Bridge Users,
0xd9ebf6a30dc2ab9dc60adea59d7321e380a440f7,0.191082802547771%,OFT Bridge Users,
0xfc54db5975466a9db1d54b31a573df48e1b4a73f,0.191082802547771%,OFT Bridge Users,
0xe827c408e1301d5c858cb1f117c8de080babc446,0.191082802547771%,OFT Bridge Users,
0x8689123036bd6f303674ea55505b2ab14478da1d,0.191082802547771%,OFT Bridge Users,
0xfd4243369e35203f4cfd6d11d11399561627d9f9,0.191082802547771%,OFT Bridge Users,
0xd1e72dfb92574dee9a20f50f2fdf8c0a92affec0,0.191082802547771%,OFT Bridge Users,
0x984915d3b068ec8d0ad8f279e3bc52cc48fe06b3,0.191082802547771%,OFT Bridge Users,
0xe8271f01222aa317f19d6c877a777ae4dc6f3bec,0.191082802547771%,OFT Bridge Users,
0xab33b2957231736ef6f1af5b81ec484c259cab9d,0.191082802547771%,OFT Bridge Users,
0x4d227419ed60d737669578566d31a2b48ac7aca0,0.191082802547771%,OFT Bridge Users,
0x5b1d3a840495ef1d656f37e09d9d33aed1267003,0.191082802547771%,OFT Bridge Users,
0x30a075c0271db0de6c6a6d76df4598c6cf493f69,0.191082802547771%,OFT Bridge Users,
0x42f58a63dee6da15c7df032d1753ad6cb3a09573,0.191082802547771%,OFT Bridge Users,
0x51fe3ee43ca0f713470e0121c15f3401ec7bba6b,0.191082802547771%,OFT Bridge Users,
0x5b96cdbdecb6bfa91f6e7a5ddb2c526076a11c4b,0.191082802547771%,OFT Bridge Users,
0xd85b1c78128813a2b82371c70784b3623bea5bd8,0.191082802547771%,OFT Bridge Users,
0x3971f85f86e7233fa97a31b73d2f435bf4ff4c59,0.191082802547771%,OFT Bridge Users,
0x06b28998e949281f4e698e187b19127f8d4dcff3,0.191082802547771%,OFT Bridge Users,
0x387718c9d60c77b1099bbe0e13db727261bb0d41,0.191082802547771%,OFT Bridge Users,
0xc93ebab0cf79a0470b2531f450eb40abbafa9612,0.191082802547771%,OFT Bridge Users,
0x8ba5f07c6d6d85da9e8eca5ef2178be8beb9c579,0.191082802547771%,OFT Bridge Users,
0x2d59c33dc1238a032d3acd1dc4e3aa3713b55337,0.191082802547771%,OFT Bridge Users,
0x7894234c61aff71cf903b4d5efd3fa1e52d84d6a,0.191082802547771%,OFT Bridge Users,
0x5bc005b3f53915427b025794b1c03ed8871299cd,0.191082802547771%,OFT Bridge Users,
0x77243d151d07ae0b7da1060afd4a62d947f302f2,0.191082802547771%,OFT Bridge Users,