Address,Allocation %,Type,Sum,,,
0x2E5d207a4C0F7e7C52F6622DCC6EB44bC0fE1A13,10%,dev,100%,,,
0x879c2ee5adc372d0542d65d80ebfe647ac1a5f10,5.31%,User,,,,
0xbcc324d812c940e8188ac9f38a0526235b6b75c6,3.53%,User,,,,
0xc337ecd232378b66737b1dfef2e63635f4c7c62c,3.52%,User,,,,
0x4a10fece68df9453493eb28d1db09c826c7ccf9e,3.20%,User,,,,
0xc337ecd232378b66737b1dfef2e63635f4c7c62c,3.17%,User,,,,
0xaf1de295a3ae5b8f08a01172ccefe137ad88b30d,2.79%,User,,,,
0xb5ca2dddf8cd15e11a58d4c02825cd9a82d56d5d,2.10%,User,,,,
0xf5e0e56bdeaa89be9ba6166fac3c62cce793754e,1.93%,User,,,,
0xc2c04667483a95b597acc6c347a0c57723bbf2ec,1.91%,User,,,,
0x6ee1f779c3aceb46e5d9f4e7b05c6badb9eb1307,1.82%,User,,,,
0xb66db9afc247d81c0ad6ea6c883422a33b4f6770,1.77%,User,,,,
0x2d41511ef16d6abfd9b5cdaaeba6bda914b02229,1.75%,User,,,,
0xd7ceecc70693b8268ab3652f8358ed19a36f7aae,1.60%,User,,,,
0xe61880588f183cfd9c65f5ce3fcbfdb1f4765a81,1.54%,User,,,,
0xa86e8f0538eb17ebac1c712581a399623fbfc678,1.41%,User,,,,
0xbe8c604c99c7bae4ccd6876c4a528945a107e05d,1.41%,User,,,,
0xc2280f7c7eb261ca7f45d13768d6d62c543e3d90,1.30%,User,,,,
0xa228224e8808733461ac8c15f9a7fd49dd4c18c8,1.25%,User,,,,
0x5261a4601f8e3016555a31f5b281d8ad57e1233d,1.24%,User,,,,
0x83cf51a12258848540e862d1ab8b2fe05518f716,1.11%,User,,,,
0x5cf5d2187fac6ac2802455234f8d14f8df8126b4,1.08%,User,,,,
0xf5ff296d4b9c856bed217ead0373cbd6480cce8b,1.06%,User,,,,
0x6ca0fd370ba5018d4e13224c5c94ea2f87dee2f8,1.04%,User,,,,
0x72fe8e0352c1228499377154087fc370db177a90,0.89%,User,,,,
0x50c87700c30d4bb5f6822860cc5e49501c4575b0,0.86%,User,,,,
0x879c2ee5adc372d0542d65d80ebfe647ac1a5f10,0.84%,User,,,,
0x50c87700c30d4bb5f6822860cc5e49501c4575b0,0.83%,User,,,,
0x879c2ee5adc372d0542d65d80ebfe647ac1a5f10,0.75%,User,,,,
0xed80f39cc520f4258813cb4aaae6563661e19b12,0.74%,User,,,,
0x912d956984da69c53c778d58bad72fc3ccfb1ed2,0.73%,User,,,,
0x933d2914c26ba56aeeee6e13df7c89bccac6a785,0.72%,User,,,,
0x5f57794b240e6f2830f7e67e4afb4be8aaf7d59b,0.71%,User,,,,
0xf5ff296d4b9c856bed217ead0373cbd6480cce8b,0.70%,User,,,,
0xd3341df90952d22f88e3852400ca97c5c5ade361,0.70%,User,,,,
0x1ff64f22d924c414de06163fd0183321ca6d4df3,0.68%,User,,,,
0x31b41f54ea283e9fabc73f2c23bc2e28c224c41c,0.64%,User,,,,
0x2d41511ef16d6abfd9b5cdaaeba6bda914b02229,0.62%,User,,,,
0x3e880e87fca9a7d6c080983693ba5cec8ac9cb8f,0.59%,User,,,,
0x12a1e8f498501c2cce0967f8b9717b28492fc668,0.58%,User,,,,
0x04e0946d2bf513218411466025e36fdf86f48ad1,0.52%,User,,,,
0xd7bd673d6e1b35a3e1c3c5f1060ca26865404f46,0.51%,User,,,,
0xed71f08edf6c724b192c372bc016dc74d7a6bf53,0.50%,User,,,,
0x04e0946d2bf513218411466025e36fdf86f48ad1,0.49%,User,,,,
0x31b41f54ea283e9fabc73f2c23bc2e28c224c41c,0.48%,User,,,,
0x03b3d42950a39ce68b68b88590c8baa6aa277070,0.47%,User,,,,
0xa1cc29254b8bdd0de72c41ffdb84c83d0c754c45,0.47%,User,,,,
0x04e0946d2bf513218411466025e36fdf86f48ad1,0.46%,User,,,,
0xae7f0b8eb55efc0a3fa377a6cebce3e2cd746088,0.46%,User,,,,
0x5238d190aaa506b0b606d92fb30a3d7395ef162c,0.46%,User,,,,
0xd7ceecc70693b8268ab3652f8358ed19a36f7aae,0.45%,User,,,,
0x2c7fb10b8cf82d1ea7288eef1433e80936c35ee2,0.45%,User,,,,
0x3a1cd795aeace1db3e1f184d37350107d02dd6bf,0.45%,User,,,,
0xbde01a1082f89852fa057a9a48cebcf6667b4d9a,0.43%,User,,,,
0xb56aa0e4685d7c48f214883ad4f355d830df3184,0.42%,User,,,,
0x760e80b39ffa1d25d594cea5aed8e60c8bb139cb,0.41%,User,,,,
0x1a394e1d9c95ce9912f2ddd6dd0fbd0e766b7326,0.40%,User,,,,
0xa0bb7dfee2dcc67f2c2c4b275624078f21ca88bc,0.39%,User,,,,
0xc437b7985468ec7fc14f2a810b852f400a918392,0.39%,User,,,,
0x9f55c71e7130ef3dc56020a9d1a9951089ec503f,0.39%,User,,,,
0x4c0692910afc2f6b0f6599e14e31e09955074063,0.39%,User,,,,
0xc2c7cee751cf4aa7e67cf2fd73c1f04716d66100,0.38%,User,,,,
0x4740d05f4cfcbdff07b78a02950da7b134d30445,0.38%,User,,,,
0x1d777634e65cc2fee82fecbd8019eda62036a212,0.36%,User,,,,
0x79460c048d72cfa52296dfeda5131a81524ed4b1,0.36%,User,,,,
0x47346c16a52e2f6b654daf69835b0186aca11bb9,0.35%,User,,,,
0xd6760bdef7e06640988559159bb579b92fe2ec4c,0.35%,User,,,,
0xde9bbabcb7a5bc78cba433bed6f9a646db157adf,0.35%,User,,,,
0x7dbe28e793cf29f07e69aa2980b8d30d566bf29e,0.33%,User,,,,
0xe11eb143cf0eaaf12f922b32d706a73caa5f37a1,0.30%,User,,,,
0x4c0692910afc2f6b0f6599e14e31e09955074063,0.30%,User,,,,
0x89c6c6ccbde62dee7825a3ab37f007247d73808a,0.30%,User,,,,
0x04904154919eeb80a9850bc95a29b977917c732e,0.29%,User,,,,
0x9b5a717dbb8dfe8972bea35443b33bcdf79b485a,0.29%,User,,,,
0xbdf81b19af7848f7384c38e68208885ff0c9f390,0.28%,User,,,,
0x4e07b51aee406f38fb800e81f1c1817349a5d00d,0.27%,User,,,,
0x3c85f013cea5cb27cd81317df527f7085b18f337,0.26%,User,,,,
0x4037c798f8be4467b33adf4fee84eefa091c3cd3,0.26%,User,,,,
0xff0fa1ea333d66a38a03ece567bf821fe43d678c,0.25%,User,,,,
0xc465190b8940c2f3d83728bc0b43aab1cc00ff72,0.25%,User,,,,
0x793a602210c82f0a109a918cfe9706a173471532,0.25%,User,,,,
0x14050ecd612907b38372396fd7d368137906dec4,0.23%,User,,,,
0x6b6cd9b3d7399dd2978c8eea35ab25d99e79be6a,0.23%,User,,,,
0xb2d6502fcfc61330141e6112abae43182d946662,0.23%,User,,,,
0x1995b18f87ef0173e1166e61e6ee53b7139efde6,0.23%,User,,,,
0xa20f9874dd1edccbec1beda894f98f45069e4205,0.22%,User,,,,
0x285fed35cbea271a711681e84ffd83c68a596a75,0.22%,User,,,,
0x8af7e4af401aadc9879b4e3ee900a7d329eaf5f4,0.22%,User,,,,
0xb9665a8ba6e62204f54850a23135a92024b676d6,0.22%,User,,,,
0x2d5c27cafca134e942482ce4316f46e31f6808e4,0.22%,User,,,,
0xfa329d83afb80ffcb7bce9a1aa8350a00e0939de,0.22%,User,,,,
0x5a213d99ab5f92dc9414357c12b86a6b0a41c3e9,0.21%,User,,,,
0xfc0d525a11bd84d3990abc575b93eb4139ac63bc,0.21%,User,,,,
0xebc0b8222b7324a359a7d102b273a76b0e5d3ca3,0.21%,User,,,,
0x74ecfaeb4298c725c0079136dec6c1b35394d7d1,0.19%,User,,,,
0x4cb6f0ef0eeb503f8065af1a6e6d5dd46197d3d9,0.19%,User,,,,
0x8aadeaf8ee72b0665cef04d45aca1fa85e844ece,0.19%,User,,,,
0x8d655b1af80200a6b81e11482fdea66328b16e05,0.19%,User,,,,
0x04e0946d2bf513218411466025e36fdf86f48ad1,0.19%,User,,,,
0x605088609f9ac2f1f4571c4ed57a9318dd381f0a,0.18%,User,,,,
0xcba1a275e2d858ecffaf7a87f606f74b719a8a93,0.18%,User,,,,
0x969056b11a15408db99916644c2d9e83219081a4,0.18%,User,,,,
0x8db2f5250371e83d11e2538097fe3ce3552e2b29,0.18%,User,,,,
0xbde8bf5de45338c3f0cba476343968489f9f888c,0.18%,User,,,,
0x04e0946d2bf513218411466025e36fdf86f48ad1,0.18%,User,,,,
0x47979e8775732f0f9f4d02676f054ecfc71e72b3,0.18%,User,,,,
0xf5ff296d4b9c856bed217ead0373cbd6480cce8b,0.16%,User,,,,
0x7c75d096ffe6ad3f01c6b222a9a4144913cc2e7e,0.16%,User,,,,
0xbcf97b812f055de65194342123054fb927709493,0.16%,User,,,,
0x77406bb617fbf147b0da1f3d01232fb54df78415,0.15%,User,,,,
0xa0adbfd7e6876b87f85cc332a8749ca970496a77,0.15%,User,,,,
0x1cf49a2c24656ce6be770c92f2cbef871a247f51,0.15%,User,,,,
0x8c128f336b479b142429a5f351af225457a987fa,0.15%,User,,,,
0x2bdfd0c77ecac63fabacb225fde5e3e078a4eae3,0.14%,User,,,,
0x1cf49a2c24656ce6be770c92f2cbef871a247f51,0.14%,User,,,,
0xe222ed3ca9f878ff2816ddda5987de728dca5ca0,0.14%,User,,,,
0x6717e74e32618209caa4ebaaa30f3eff40f49917,0.14%,User,,,,
0x4679d674d22f72ac0aa045d8138a269202aaa2b5,0.14%,User,,,,
0x724d304928f680aa5215a9fa4318a971949f84c6,0.13%,User,,,,
0x0195a312367441a87a861bfea62fcdbcd1e7f1e1,0.13%,User,,,,
0x64fb85a18988552473327f389f14e10518758ce9,0.13%,User,,,,
0xe605f5b2a084ca7c72c89f99d86c0fed1c0f5812,0.13%,User,,,,
0xf085548d7bbf66b8731e1a16bd891cad98cb102a,0.12%,User,,,,
0x3e3314979a1d142633ff3bbd45f9c9d963334bc4,0.12%,User,,,,
0x6a048b8ee0eb64bc2a307f14d3db317567f36898,0.12%,User,,,,
0x7532a096be1a39a87af68e3b27e06dde7065e87f,0.12%,User,,,,
0x4cb6f0ef0eeb503f8065af1a6e6d5dd46197d3d9,0.11%,User,,,,
0x627cf7fe2ee4e2406505e074c03b31e421a2ad25,0.11%,User,,,,
0x985199f8ee417573b0e9c25b88d556f12b59812f,0.11%,User,,,,
0x24e172d48b434dffd3215f36a09882180af2b85d,0.11%,User,,,,
0x775c5edbec648e67b2f04e37f5ca5deccffd1ce3,0.11%,User,,,,
0x1bc09946b7c42a61617f64c2e1e0dc7ed9cf6167,0.10%,User,,,,
0x0a8f0c109912b80047273b5bb0e94afc2bb05aec,0.10%,User,,,,
0x94e08736426948c5f463ac243416f0473f680b2b,0.10%,User,,,,
0x5e7f69efd594f3509039e9eb8229af90756470d0,0.10%,User,,,,
0x93f610bfd3b85bfd91f8a7af7bc13554a99b357f,0.10%,User,,,,
0x4abfcb3e2b16e788047dda9bce1d2289e8120bb7,0.09%,User,,,,
0x7acc3a5d12acba48f836e6ac5359990b085cf844,0.09%,User,,,,
0x4a79a80479399ca396c5e106a41af292e7038f96,0.09%,User,,,,
0xb32ffb6e7c0e2a55be9506eaca3799d5d10aee94,0.09%,User,,,,
0xb32ffb6e7c0e2a55be9506eaca3799d5d10aee94,0.09%,User,,,,
0xc209106ce5a15879e982da0a66bd88f5ad5e6403,0.09%,User,,,,
0x5be66f4095f89bd18abe4ae9d2acd5021ec433bc,0.09%,User,,,,
0x82e18803b9369c8210390f70cd0237480f7eb1ec,0.09%,User,,,,
0xcba1a275e2d858ecffaf7a87f606f74b719a8a93,0.09%,User,,,,
0xc660e42b0646114d4979472b30bb54fd0ffa2e89,0.09%,User,,,,
0xbde01a1082f89852fa057a9a48cebcf6667b4d9a,0.08%,User,,,,
0xa53a3b30b82aa5d998f95cab58ed5afa37730804,0.08%,User,,,,
0x4007af5c02ea3640bc008ed93d0df67de6e29ed7,0.08%,User,,,,
0xdeb7aa6e7f5b8daa43126628daecd79e853478da,0.08%,User,,,,
0x1bfd08c135cb19d4177fbc6d5ada9dfb7795ea98,0.08%,User,,,,
0xd187bf6279986d99b9dccc3fb59dc2944f4539f1,0.08%,User,,,,
0xe126c916abe6e5e673d965e8bc6c5c0b5ead4ffb,0.07%,User,,,,
0xa311f7ca3eb2fb98123a807f9b8e4bbbdbdcb2ee,0.07%,User,,,,
0xfbe8d0396f2751fac611a7256217b8d5737b7085,0.07%,User,,,,
0x04e0946d2bf513218411466025e36fdf86f48ad1,0.07%,User,,,,
0xedc5ffc0278ff657307516630fd6c9db5e34a3ea,0.07%,User,,,,
0xecb7e6f3b6d3ba068cef7c79b73629af79ea6f40,0.07%,User,,,,
0x793a602210c82f0a109a918cfe9706a173471532,0.07%,User,,,,
0xd6a0e451362a5398996b45a6450f0e62d75ddbf7,0.07%,User,,,,
0x29109f6812e50e24ee66abe4b3f2e597646053c5,0.07%,User,,,,
0xa1cc29254b8bdd0de72c41ffdb84c83d0c754c45,0.07%,User,,,,
0xfbe20a8267b1a58e3ce1fd16be2ecc0164d99078,0.07%,User,,,,
0x1476cb6fc1980774fb968f9a0ea6880d44792364,0.07%,User,,,,
0xed80f39cc520f4258813cb4aaae6563661e19b12,0.07%,User,,,,
0xebc0b8222b7324a359a7d102b273a76b0e5d3ca3,0.06%,User,,,,
0xc437b7985468ec7fc14f2a810b852f400a918392,0.06%,User,,,,
0xc209106ce5a15879e982da0a66bd88f5ad5e6403,0.06%,User,,,,
0x94e08736426948c5f463ac243416f0473f680b2b,0.06%,User,,,,
0xbea511073f3a1381c47c51a87c761180b64d9a13,0.06%,User,,,,
0x24b57ac26285757914f29900c65b2dbd3222860b,0.06%,User,,,,
0x03b3d42950a39ce68b68b88590c8baa6aa277070,0.06%,User,,,,
0xaa3279f1e2f9d53ed621e84137b48882caf7fa0a,0.06%,User,,,,
0xb64c6bbbce0dfb639be6154a7619dff5f20436c2,0.06%,User,,,,
0xf7eea9316ef65b9644cea56ed191df259723f57c,0.06%,User,,,,
0x33c821a01cfadb52b91e8c6454fc3e4ff322212d,0.06%,User,,,,
0x17ea85484cd4e97be63fc02f20a196edeaa937a9,0.06%,User,,,,
0x04a71a3ba3b400981bc9538891a9e65d37675dd4,0.06%,User,,,,
0x424ae2307681f3afa8de17088dabb24b6d1e78a1,0.06%,User,,,,
0x9eeceec01ac7be64c747b235552a2357af8534c1,0.06%,User,,,,
0xa94a8ee6c1aca180fb0f60542eb9a6303b48110a,0.06%,User,,,,
0x44d60c43aa495fa89c13efa2b5be734a12367f5f,0.06%,User,,,,
0xffebf6d66311148429a29ece5745c75d02b331f9,0.06%,User,,,,
0x7dbe28e793cf29f07e69aa2980b8d30d566bf29e,0.06%,User,,,,
0xbde8bf5de45338c3f0cba476343968489f9f888c,0.06%,User,,,,
0xe9b8f3225983eef3653c3618f4d9dd7a8745a744,0.06%,User,,,,
0xe9191dc0376a01b13751df0ff0cef710bcdf506e,0.05%,User,,,,
0xd7ceecc70693b8268ab3652f8358ed19a36f7aae,0.05%,User,,,,
0x94e08736426948c5f463ac243416f0473f680b2b,0.05%,User,,,,
0x8d655b1af80200a6b81e11482fdea66328b16e05,0.05%,User,,,,
0xe65ee5600293aee2b70a60a48cd44a492ebb6974,0.05%,User,,,,
0x831d6f8ec19c9ac1253930c34dd9aa736ab4f589,0.05%,User,,,,
0x5f57794b240e6f2830f7e67e4afb4be8aaf7d59b,0.05%,User,,,,
0x3c85f013cea5cb27cd81317df527f7085b18f337,0.05%,User,,,,
0xfb17d5cd85854b6bee89e714591de521f3169de5,0.05%,User,,,,
0x26866093247471273f57eeb5420133994e68314e,0.05%,User,,,,
0x8af7e4af401aadc9879b4e3ee900a7d329eaf5f4,0.04%,User,,,,
0x48b6020fbb62bd1b042124b9402740e3f1f9c8f6,0.04%,User,,,,
0x432fcd67815d5cc72808a7815a02373fdee7d740,0.04%,User,,,,
0x012f3976c93260f7e4ce1289638278a870b6678d,0.04%,User,,,,
0xe222ed3ca9f878ff2816ddda5987de728dca5ca0,0.04%,User,,,,
0x94e08736426948c5f463ac243416f0473f680b2b,0.04%,User,,,,
0xf36cb8284ae2d1b6f92302c2d9fa30410e6ac257,0.04%,User,,,,
0x79ce77cd2ff35730c7a2b05ec7e017849e271607,0.04%,User,,,,
0x5ef39ba28d8cab3c9ab9aaabb4f12b1fd777fbf7,0.04%,User,,,,
0x95870eb7b925be6c42f50ba48dd369a9f6a87708,0.04%,User,,,,
0xa97284b4cff5363dd55e63900650ebadb203ac09,0.04%,User,,,,
0x270ead552f7ab60774b3b89f5b05c575f7d682c4,0.04%,User,,,,
0xe77829a44c9331a2b4db1ac9e6ddfb6fdcf24eaa,0.04%,User,,,,
0x4b0c6e0427015bc916bf7c122f764eee32043b72,0.04%,User,,,,
0x3c85f013cea5cb27cd81317df527f7085b18f337,0.04%,User,,,,
0xb8b0cc3793bbbfdb997fec45828f172e5423d3e2,0.04%,User,,,,
0x9a87fa7ce625d0bf7bd923955b831805cb329bbc,0.04%,User,,,,
0x4f717fea71e014d756cfa07177d95fd750465e82,0.04%,User,,,,
0xfa5821b238d98fdde185fb7f830b5c94318eb346,0.04%,User,,,,
0x011092475af86fff3d3497ddc06d6148a927f01a,0.04%,User,,,,
0x90bd818ca73bd410d93c0b8b9370e708d68b09a1,0.04%,User,,,,
0x29e294fa813918b5be9ad181760790536fd024d6,0.03%,User,,,,
0x990c49a35058883205c856e5a4d23658e0403cad,0.03%,User,,,,
0x7806c2745f8995cb1f6472f353d0b2d19147a6d2,0.03%,User,,,,
0x4564d6d107a19d3ab3d734a7bae61eb63dc3d30f,0.03%,User,,,,
0xe0654abc5fb4917ac59237f8b9f75316982cf0bf,0.03%,User,,,,
0x786f1476582fa1aa66bbb7a64e77ee677d75990d,0.03%,User,,,,
0x9a72deaf6089d0664a7712fd16e26522bbecc7da,0.03%,User,,,,
0xbcb03d9452118c431bc1202cf1d8af0cfc6368f9,0.03%,User,,,,
0x74ff1c26291e9849b2708847a11f737b4a421e83,0.03%,User,,,,
0x79632ce537c16a3395ce330dc037ae09e08b0f18,0.03%,User,,,,
0x656c651c47c470289aa4e2eb9facc6b9ef6d9509,0.03%,User,,,,
0x7e01f82d474c720ee694eb1bb4ff0229b580338c,0.03%,User,,,,
0xf63155a644e3dabf7a59a12ba4799c065ed7381d,0.03%,User,,,,
0x44bfeb943fece46d5c4e79781930f9b833baa3a8,0.03%,User,,,,
0x13f210c8baf5f5dbaff3e917e2e5a49e73bbaf12,0.03%,User,,,,
0x9f09d9ba9d2813a12b358b4462358a56a877446f,0.03%,User,,,,
0xbfe24b4d8b1e421ca8794f6416946db505d6dbd7,0.03%,User,,,,
0xdee517bfc5db0122e56ffdd605286f87b81b83de,0.03%,User,,,,
0x9e37af1c6d3a14d0da1259726ef6fe774058eba1,0.03%,User,,,,
0x9ba8248d1f9789607ce1b58293677b390774313b,0.03%,User,,,,
0xbfe4891e8df6a676148ec550be6d72c2950b655b,0.03%,User,,,,
0x4cb6f0ef0eeb503f8065af1a6e6d5dd46197d3d9,0.03%,User,,,,
0x3aaa31aa2fba1d1dbbc3a7f6e59b4a5b6fd5a607,0.03%,User,,,,
0x7be34d48fa5b65f192c912668dfa592876103f5b,0.03%,User,,,,
0x50f3ce0bfd94d3b7c112bba5d51e9a0e84ba20f0,0.03%,User,,,,
0x3470bc0a155e7b98cec9ea982b3c224a038fc4a9,0.02%,User,,,,
0xe70c79107bb5938298dc703653da5e3c4e9f7beb,0.02%,User,,,,
0x9d5695e7a6736b81f465e053bcf734b1816356bd,0.02%,User,,,,
0xa6a2ad1320cec227f24f404fccc120b71b41757d,0.02%,User,,,,
0xb3a24d1a0816836b0e094599ff835775edc7ff78,0.02%,User,,,,
0x3bd0623bd490b8bdb7e6e0f54a09b84f39389d63,0.02%,User,,,,
0x39e800942478d590f819db7f21c1a1727e1019c2,0.02%,User,,,,
0x1c3d9432765dd7d8865a9fef866053f1ffcdb546,0.02%,User,,,,
0xe8a4900bf1f3e498d6069f96158bcc132dbb7b44,0.02%,User,,,,
0x64fb85a18988552473327f389f14e10518758ce9,0.02%,User,,,,
0xa9fc6b72c9847d6990777a42a7df2c57fb08d869,0.02%,User,,,,
0x185d7273b630403b8204c10c911c54e90014ff26,0.02%,User,,,,
0xdf93a8253ca2fabdb8d1b5c19fc372f3f9a49284,0.02%,User,,,,
0xf8ba07c9bdb1165f348a7e20c20aa670088c2984,0.02%,User,,,,
0xbf4ea3863f29de431ddc83d66abe16beb63b5016,0.02%,User,,,,
0x294ad3bfda6832e83f51bda2a12a0e925d3dfbc7,0.02%,User,,,,
0xbe0f5502af2d96bff8cfc4441418c3a863de2bad,0.02%,User,,,,
0x3bd0623bd490b8bdb7e6e0f54a09b84f39389d63,0.02%,User,,,,
0x579218a63057ca4974e72164253d62dd83c84e49,0.02%,User,,,,
0x86735c571c6cbee0535301e91fb1e741e79e13e0,0.02%,User,,,,
0xbea7622cd1dc23b97c4ec44fdd1afa9f1eeffaef,0.02%,User,,,,
0x7c293364f42425add2cf2ae1450ea36075076e0a,0.02%,User,,,,
0x2e945441a061fa5bfb52a66654332dc62a48bb12,0.02%,User,,,,
0xFF93c3662B447Ec4577B51b08C6689A5518417D9,0.02%,User,,,,
0x0e662567ed3e0d9494a5bd10f69a1db7dcab6116,0.02%,User,,,,
0x5b919da7b1b7b45f84cb3e1b4b77987701ec5037,0.02%,User,,,,
0xe958f5388c44ce1fbaa16c1c6ae9dba98fcf59e4,0.02%,User,,,,
0xb149d3a6f895b87353a8e6f41cc424c5e517390d,0.02%,User,,,,
0x9c9a0a21d13a50b28188f8831125c0716386f227,0.02%,User,,,,
0xa0d795bc676d891b683901b2591a8c6a3004edaa,0.02%,User,,,,
0xdee517bfc5db0122e56ffdd605286f87b81b83de,0.02%,User,,,,
0xbfe24b4d8b1e421ca8794f6416946db505d6dbd7,0.02%,User,,,,
0x06bbb810cb898a4f38245aaa42144ad1ea81cbcd,0.02%,User,,,,
0x285fed35cbea271a711681e84ffd83c68a596a75,0.02%,User,,,,
0x935891bdcbda993c3fff2171e17b0fdd3d70c288,0.02%,User,,,,
0x3e3314979a1d142633ff3bbd45f9c9d963334bc4,0.02%,User,,,,
0x9b09baf2478ef9beae9e1a35696b23063bee16ac,0.02%,User,,,,
0x53d7ecdcbf8793c49f38e6f99e2b850bb112e02d,0.02%,User,,,,
0xbe8c604c99c7bae4ccd6876c4a528945a107e05d,0.02%,User,,,,
0x09933fd6288b75611489569e5aadaa198414e44b,0.02%,User,,,,
0xc2a2d3ff66283acefeb41533331d539b4020b86c,0.02%,User,,,,
0x1563cf31424cf6aae088d3223830dc4dfae82b5a,0.01%,User,,,,
0x9aed217131326044fc10417553aafb0f6a39f03b,0.01%,User,,,,
0xdac3f0e0283a112fbe6deb5fb666b174767ba7ca,0.01%,User,,,,
0xa8992310f620dc8f23f9cf4fad90a2f2380d8d6a,0.01%,User,,,,
0x8770dbd97a61c39a7c4c5ed256076135d64a242a,0.01%,User,,,,
0x5261a4601f8e3016555a31f5b281d8ad57e1233d,0.01%,User,,,,
0xbc928b094e56decc44e00af4e8d0fb9bfb425adb,0.01%,User,,,,
0xbde8bf5de45338c3f0cba476343968489f9f888c,0.01%,User,,,,
0x8d655b1af80200a6b81e11482fdea66328b16e05,0.01%,User,,,,
0xba133a363d3aa68b0373a7b6f32e3b779e2634ac,0.01%,User,,,,
0x9541587c25cad9ddda3dffbe80287a3fd7ef7241,0.01%,User,,,,
0x85f0fb69bcb44d231884fbe0014fd95d16d659a4,0.01%,User,,,,
0x5be66f4095f89bd18abe4ae9d2acd5021ec433bc,0.01%,User,,,,
0xb556575e8c28bab34d1dae7735b78111ec46936d,0.01%,User,,,,
0xdeb7aa6e7f5b8daa43126628daecd79e853478da,0.01%,User,,,,
0x5bd39d83f9b832bd9aa951c6ea3bf1cc00c2871b,0.01%,User,,,,
0xba133a363d3aa68b0373a7b6f32e3b779e2634ac,0.01%,User,,,,
0xf6f023649eca853ded6cf6d5a32e27a0eacb857e,0.01%,User,,,,
0x0243d1863b29155ddde9c83b8e040835140970e2,0.01%,User,,,,
0x759a4fa4ed5e2b5255cad626712a45418d283498,0.01%,User,,,,
0x3a1cd795aeace1db3e1f184d37350107d02dd6bf,0.01%,User,,,,
0x15dffa44f628c22f60a74a1342298b0abca8c293,0.01%,User,,,,
0xfbdf96020c596847a2f789df3d9dacf93b89ba7c,0.01%,User,,,,
0x0bc49f0fa5830b0fddb99af623e90d3c416861d6,0.01%,User,,,,
0x54ac8656a41519b83d5d8d677fb10ee01527fe9c,0.01%,User,,,,
0xc12de812ae612b6d514b52d529f97f6acb524c8e,0.01%,User,,,,
0xefd44dbcdc013fefac7616d0ed604287c3b47bf3,0.01%,User,,,,
0xbf203ef16425aeec796b58ea3266b3271805d2f1,0.01%,User,,,,
0xbcc324d812c940e8188ac9f38a0526235b6b75c6,0.01%,User,,,,
0xcc6f1c93a0ee04dfd90d04ad00b4f6e705a5bf60,0.01%,User,,,,
0xa60b37dfa9ab86ed7ef9045f037fb1b024c96bc3,0.01%,User,,,,
0xddc60d163015cf5ca1369d557a2ca1cc2de1f1e3,0.01%,User,,,,
0xd9ab21a6dfd41381be958cebf90e081ca1420651,0.01%,User,,,,
0x54bf5834b8ac11a33f98dd3283e496d89768f490,0.01%,User,,,,
0xfc85908508aad055baea748b3dadc795591aa0bf,0.01%,User,,,,
0xfd614a920e650d66fa066cf54252cf20f61c9eff,0.01%,User,,,,
0xf570088ecc1eafa73bb649f5c79a724e4ae10af6,0.01%,User,,,,
0xb9f84ec4dd749f92b01bf31461cc3777b2055f48,0.01%,User,,,,
0xc437b7985468ec7fc14f2a810b852f400a918392,0.01%,User,,,,
0x46ab107b3632fc7140e7b2294e5d803774eb9c88,0.01%,User,,,,
0xa98274c60ea63f55344c2fcfbe6d6dcc16454bc4,0.01%,User,,,,
0xcb3b366ced5ab2170d2ac72a5a97c4747e9186d8,0.01%,User,,,,
0x50e0429c15751e4a082c112f33cb3af4cac19e0e,0.01%,User,,,,
0x2ba6c95b61c8d44eb5ed18029150beba0cfb7a3a,0.01%,User,,,,
0xa80d2908abdfef9c3462cda142d23d291512de38,0.01%,User,,,,
0xb1d009a27f194ad430430469c27aadfea7a0bd6b,0.01%,User,,,,
0x37df42e38fb750891e9d00dd4474671483177f64,0.01%,User,,,,
0x436c26b06cf08e2a194326785f3f849565f87d99,0.01%,User,,,,
0x34cdf14ba087397c2b3c69e8461b6010a67604f4,0.01%,User,,,,
0x17609008d5bda9bc103dd19af1ebebe9ffaa05ba,0.01%,User,,,,
0xc3740cb3712a5a46d13a14ba0a996e919dd9e3a0,0.01%,User,,,,
0x3a652f60622d22cde49de3d9b5e9d0dcd4d6c32a,0.01%,User,,,,
0x7fa77bb7346514062b43e732c4b299067cab15b9,0.01%,User,,,,
0x7c293364f42425add2cf2ae1450ea36075076e0a,0.01%,User,,,,
0x87a774178d49c919be273f1022de2ae106e2581e,0.01%,User,,,,
0x56c4832edb1f32c1b20f1d490ff73859823d3666,0.01%,User,,,,
0x9ee0c94a4e5b8622d0765da1e93bce27f01b37ff,0.01%,User,,,,
0xeb2156fb13b8eead7fa457628800a4cc89839690,0.01%,User,,,,
0xfd71b5e157d7a57c0c2f8a5d31e4e0656984f23f,0.01%,User,,,,
0xba133a363d3aa68b0373a7b6f32e3b779e2634ac,0.01%,User,,,,
0xc7345920898ec678117f1cf80dc35a4353fb9cc7,0.01%,User,,,,
0x034d5da0a84f1653c4f64b1164708bd167f46157,0.01%,User,,,,
0xa440e2aa4dcc96f48fe7b982990a231dc82221c0,0.01%,User,,,,
0xcd8d5a5d105dfb1d5c165ebe6cfa1e25deae1d5e,0.01%,User,,,,
0x7306fbb5713f658eb977f60d0983b5969b479c92,0.01%,User,,,,
0xe11fff35697c2a578fb9dc753595e7d1c0ad68de,0.00%,User,,,,
0x7d0a940d81ce63ce716a1e3cd7372f78f79d2414,0.00%,User,,,,
0x5908df4c5b673d4c0c3666c529f79104700a582e,0.00%,User,,,,
0xce8be16722764c11a9fb6a17fb0c0defe70a48f5,0.00%,User,,,,
0xe90172d7c019a720edaaae2e470a955d1fa96d53,0.00%,User,,,,
0xfb17d5cd85854b6bee89e714591de521f3169de5,0.00%,User,,,,
0xca423977156bb05b13a2ba3b76bc5419e2fe9680,0.00%,User,,,,
0xff93c3662b447ec4577b51b08c6689a5518417d9,0.00%,User,,,,
0x352ecd24f8552f31106b00409e095f7f16480105,0.00%,User,,,,
0x70f733edb26e1de8ec9cd7dc5640db74519cc6d3,0.00%,User,,,,
0x2a724be1b63caec1c3ef95834fdd443c3347ee1d,0.00%,User,,,,
0xb5ca2dddf8cd15e11a58d4c02825cd9a82d56d5d,0.00%,User,,,,
0x20D630cF1f5628285BfB91DfaC8C89eB9087BE1A,0.00%,User,,,,
0xb578603d3fb9216158c29488c1a902dd0300c115,0.00%,User,,,,
0x2c7fb10b8cf82d1ea7288eef1433e80936c35ee2,0.00%,User,,,,
0x70f733edb26e1de8ec9cd7dc5640db74519cc6d3,0.00%,User,,,,
0x9130ff09a8211fccbcced69e66607b1f216a5b8d,0.00%,User,,,,
0xd3341df90952d22f88e3852400ca97c5c5ade361,0.00%,User,,,,
0xcb13ded4ed645a3546524cb36efae78c5c8fb0ac,0.00%,User,,,,
0x5805641e589cf538004a0ccfc31a57ac1ba2cb02,0.00%,User,,,,
0x1aef849826c6bbffc8a0865321f1275d7c214b5b,0.00%,User,,,,
0x1fdaf3d9e830182c06317985164519aabdccd1e5,0.00%,User,,,,
0xb833b1b0ef7f2b2183076868c18cf9a20661ac7e,0.00%,User,,,,
0xdf204031cd2c66973c14be1bce061103411239ea,0.00%,User,,,,
0x2bbb0b409b0ebd24180bcb21177bf636d0b774bb,0.00%,User,,,,
0x053539cd2ee7ebe71734c73c5f0c3d76abbb3c14,0.00%,User,,,,
0xaf8f9dd1d5562e3e37ed8964c5a6a60fe8d24a1f,0.00%,User,,,,
0x9bbb59ec55bb158ad5452b05038f83e38a13d86d,0.00%,User,,,,
0xe43fa6cbb7dda0bd863593c5e75fae9b4dcd5cd4,0.00%,User,,,,
0xb9d24761ebb3e3a88b8cf20e77f56ccf026a2044,0.00%,User,,,,
0x43145ef508601d6743792f4a9d775a8589fbb3e5,0.00%,User,,,,
0x8a119a6204c1699ff4d8ccafb318923603e3598b,0.00%,User,,,,
0x7f4c37f867f072c71f3ff0ffc90821a7bf3c4ad0,0.00%,User,,,,
0xd3341df90952d22f88e3852400ca97c5c5ade361,0.00%,User,,,,
0xee33e09ae46d84587a8a89bb7a74e70f8961058b,0.00%,User,,,,
0xa94bd82943412f48e3b87bf16a85f759f9a498dd,0.00%,User,,,,
0x01cf799ac566ebdc359eefbf61a7da5943b68fbb,0.00%,User,,,,
0x48c86b41ac4646aca368fcb3313b26aa279351e3,0.00%,User,,,,
0xf694f71dfc3dfe7c7532d5f075f85e2a496e550c,0.00%,User,,,,
0x94E08736426948C5f463ac243416f0473F680b2B,0.00%,User,,,,
0x7c640426ccdf1ead6e9d89e1d474d392e336f077,0.00%,User,,,,
0x2e996cb036a1db59960f6df42b2ab5a57998f518,0.00%,User,,,,
0x912d956984da69c53c778d58bad72fc3ccfb1ed2,0.00%,User,,,,
0x061939f9fa0bb160314833685467a1927680576b,0.00%,User,,,,
0xed80f39cc520f4258813cb4aaae6563661e19b12,0.00%,User,,,,
0xc465190b8940c2f3d83728bc0b43aab1cc00ff72,0.00%,User,,,,
0xbe06c20fea69a7b0bd970e32bc0830cc8b698e25,0.00%,User,,,,
0x672f66580b5f4b3bd6908cc7cb66ba1cc582e2bc,0.00%,User,,,,
0xfdf45e7d16bdb5df94ac2f1ef36c34984787b0f9,0.00%,User,,,,
0x6bc3e3c85aaeb06406e82834b6f8db7a784cf6a5,0.00%,User,,,,
0x5a213d99ab5f92dc9414357c12b86a6b0a41c3e9,0.00%,User,,,,
0x54bf5834b8ac11a33f98dd3283e496d89768f490,0.00%,User,,,,
0x9824b53f4bb78bad831c20e888cd12bc040803f3,0.00%,User,,,,
0x6bf97f2534be2242ddb3a29bfb24d498212dcded,0.00%,User,,,,
0x638f371b46bfc1e8c62059cf4e902dd742658d55,0.00%,User,,,,
0x8008145df53e1db0f22737523b029320f6922e41,0.00%,User,,,,
0x28431a1446c86434ded04f7f8ba6808649329f4d,0.00%,User,,,,
0xbe93d14c5defb8f41af8fb092f58e3c71c712b85,0.00%,User,,,,
0xc6add3836557aee327bb4b885c877cf64592c3f5,0.00%,User,,,,
0xb5ca2dddf8cd15e11a58d4c02825cd9a82d56d5d,0.00%,User,,,,
0x24793c54e2d4fa71a9f721b2e4c757dcefdf9970,0.00%,User,,,,
0x34e490571c55070bf61a98ab2241b23f16edccb0,0.00%,User,,,,
0x8fd98d54f057b1fe77ac2c67c9de6c3c14097487,0.00%,User,,,,
0x5984bb82f11171cb1dc2287e2a6935c44d491538,0.00%,User,,,,
0xd3287048c93e523e74aed68cee9132d3ae9fe5d1,0.00%,User,,,,
0xc2ecbad563ed79af01b0fb8ff36e34543d134ee8,0.00%,User,,,,
0xc2676fb5f442bd21d79b9140e7b05e99b3b78b76,0.00%,User,,,,
0xc8625b9f080f944f12ba72bc151dc6d019097be8,0.00%,User,,,,
0x9b8100e2245c04b6937d3cdc42df3ed3f099ccec,0.00%,User,,,,
0x667ba5399e6ef0414bd31d639e10c59542f25371,0.00%,User,,,,
0x395f44f73a8428aca51d2347d8bed4a194f9d8ba,0.00%,User,,,,
0x7c8f39f35ba890be972d2ccabab0e3dc99a82001,0.00%,User,,,,
0xb56aa0e4685d7c48f214883ad4f355d830df3184,0.00%,User,,,,
0x65a8f07bd9a8598e1b5b6c0a88f4779dbc077675,0.00%,User,,,,
0x33b11d548a51f2b7e3c4398101e0e0cfb07dff7e,0.00%,User,,,,
0x6bc6b9bfcb9f723bd47176343cd67cb16ab653af,0.00%,User,,,,
0x38adbe49dbd4d82c761b54206876595f839e071d,0.00%,User,,,,
0xb2d41414f387ab85970182d30510b19b61f0a071,0.00%,User,,,,
0x9667c5826eacfc3fcaf8cad805c2e3f56ee5933d,0.00%,User,,,,
0x11ebee2bf244325b5559f0f583722d35659ddce8,0.00%,User,,,,
0x579218a63057ca4974e72164253d62dd83c84e49,0.00%,User,,,,
0x053539cd2ee7ebe71734c73c5f0c3d76abbb3c14,0.00%,User,,,,
0x6cac24af694dea7f598621188e6bb432d7f0e3a4,0.00%,User,,,,
0x3631e591a117cd71ea786dc39dd8011d189e0b9d,0.00%,User,,,,
0xd9ee7c6ce8f656b6c28756c50d9e3e46ecf1d149,0.00%,User,,,,
0x610a01da700829e8ee4f5ec39589d4947a12d2a1,0.00%,User,,,,
0x7ce0dd0f38ac8800cbefef738d2d225abd15c06c,0.00%,User,,,,
0xc4b4691d8c9194e9f98e2609e6f8481ba713dd2a,0.00%,User,,,,
0x0030adccdbe3c6142d012ce39e6587cee1a49be4,0.00%,User,,,,
0x9150d0a199882057c5b36fe9d09e9e845f14bc25,0.00%,User,,,,
0xd7bd673d6e1b35a3e1c3c5f1060ca26865404f46,0.00%,User,,,,
0x34ff77a853a14579d2120ac08c5e342cee08ad71,0.00%,User,,,,
0xc724505fe1bceaeb8b7d00899b834460f07f3f6e,0.00%,User,,,,
0x5082dc20afe9935c068fb94cb7666959390c479b,0.00%,User,,,,
0xddc34e3745adb986a42392cebfa2c24f72e24d4a,0.00%,User,,,,
0xbfe4891e8df6a676148ec550be6d72c2950b655b,0.00%,User,,,,
0xcd8d5a5d105dfb1d5c165ebe6cfa1e25deae1d5e,0.00%,User,,,,
0x099ddb48277dcb302ca68499982f06618df08216,0.00%,User,,,,
0x18f1543844a3bf0497b7320c0ea6a75beba50374,0.00%,User,,,,
0x325bda1b0f487e1310cdfe4a8f63c32c3789bd28,0.00%,User,,,,
0x1d777634e65cc2fee82fecbd8019eda62036a212,0.00%,User,,,,
0x96f0e639d9cce5eef8d907153ee2d3bd94a6ccfb,0.00%,User,,,,
0x4c0544d2e0cf53f2bd06a296b80b5039dc26c97c,0.00%,User,,,,
0x873b0b3453bb68bfa9fe6fb46e557f8fc187130a,0.00%,User,,,,
0x27c74be60b246784bb8682dc6e2ffefafcb8f77b,0.00%,User,,,,
0xbe7019f8333b0b3cfc707ac353ebc2123140134c,0.00%,User,,,,
0xf776df1b5a318de84fbe6250c86f61ac649cb61a,0.00%,User,,,,
0x13973ddea749b72de69fb3b444c1ec4cb4dff15c,0.00%,User,,,,
0x66f6d639199342619caf8617bf80ea738e5960a3,0.00%,User,,,,
0xee68dfc2f8bd430ae212cf80372be051d542cbe5,0.00%,User,,,,
0xde9bbabcb7a5bc78cba433bed6f9a646db157adf,0.00%,User,,,,
0x00fc07f94ba7ebee91eed35cb7417a54981f15b9,0.00%,User,,,,
0x57879899d40207daf0fdcd38ceb5687fb211d4ba,0.00%,User,,,,
0x609c27c149bf3eca902044945746dfc5269f01f8,0.00%,User,,,,
0x8452f039e833b68ef48fe137d57854fc1c2e3337,0.00%,User,,,,
0xcd70a36a0509f5f0b0c1c6273f04eaed777ff9bd,0.00%,User,,,,
0x33349c2180e0d31a46279a789e9c43d472827d9a,0.00%,User,,,,
0xc2c7cee751cf4aa7e67cf2fd73c1f04716d66100,0.00%,User,,,,
0x89CD44BF370E6889f3E1400002455D5916Fd459e,0.00%,User,,,,
0x8d655b1af80200a6b81e11482fdea66328b16e05,0.00%,User,,,,
0x89c6c6ccbde62dee7825a3ab37f007247d73808a,0.00%,User,,,,
0x0c2737c678132f5eb73f7813bbb667e7e9c76677,0.00%,User,,,,
0xe56e015eb0405089bd7e89a172bcd3a83b3d1c27,0.00%,User,,,,
0xd0a4297f433a642912583b2b644801a6e250031e,0.00%,User,,,,
0xb774f5267cfebcde7f0a3cc9d7a01f7f4da62e5f,0.00%,User,,,,
0x44e4ebd4b00d9d3d388e1efd9ac9e9f8eb41010a,0.00%,User,,,,
0xf7b916e86ca4bbc7cc3d0e15a958439920827804,0.00%,User,,,,
0xBeC519a5E3A079Fe63aFEA8E900350aDC50d9269,0.00%,User,,,,
0xbfb088027bb44d523a35d88a83fb9bd065a0b5d7,0.00%,User,,,,
0x4536050a723154758401f7d3909c4c8ca27b9ad9,0.00%,User,,,,
0x7e62b57d9a3542c10bd47a9b5ac06476eb065c13,0.00%,User,,,,
0x0986EC1D1DB8A842374262e2030678E359511884,0.00%,User,,,,
0x5a8f5eb65d79bd8b102692ca22af29f40ad36c4a,0.00%,User,,,,
0x0bc49f0fa5830b0fddb99af623e90d3c416861d6,0.00%,User,,,,
0xae7dd2f1aaaca4b5b5bd68f26500431bfe7fa8e6,0.00%,User,,,,
0x0ce75b1df476a6073796b9218d524c7c320f8723,0.00%,User,,,,
0x6d79f5c80dbf3aaaf1f0278d1d1d4511db3f991b,0.00%,User,,,,
0x4eb99017ce408c576bd9c42285af97afc8127cff,0.00%,User,,,,
0xddc60d163015cf5ca1369d557a2ca1cc2de1f1e3,0.00%,User,,,,
0xef52f55116badd0b2f00af07421f6d57bbb98f22,0.00%,User,,,,
0x5179ff3a72f1868950ebdf46daaf3b5d697d1558,0.00%,User,,,,
0x6DF66ABe84987165e123e57B0Cc3641715DA8b3c,0.00%,User,,,,
0xffafe4d780c7496fefd8e910056bf8e34e5049e1,0.00%,User,,,,
0x3aaa31aa2fba1d1dbbc3a7f6e59b4a5b6fd5a607,0.00%,User,,,,
0xfc0d525a11bd84d3990abc575b93eb4139ac63bc,0.00%,User,,,,
0x87a4801a771ed2412a4d08dbc8d0bf2f640d62ee,0.00%,User,,,,
0x559160997eb3eff9190ed62d7b4f3cafff9408f4,0.00%,User,,,,
0xaf8f9dd1d5562e3e37ed8964c5a6a60fe8d24a1f,0.00%,User,,,,
0x8aadeaf8ee72b0665cef04d45aca1fa85e844ece,0.00%,User,,,,
0x59abca795e0020dee8f29ef9c9ac5334de75496b,0.00%,User,,,,
0x4ffd0a59a26cb2aa76d403215e4cc2845c053994,0.00%,User,,,,
0xf791a4dc03bf89bf6b20482163db794ae3590aaf,0.00%,User,,,,
0x832b5b2021b56c56d4d7d3a76b20b702603a6133,0.00%,User,,,,
0x986c2ecc041d1af8c94d0e630f06b1ae08e5ea4c,0.00%,User,,,,
0x0d6d251710e1494984e64297c41a2dedfd9a1adb,0.00%,User,,,,
0x50d303f9b1925b7c646765ad1b98e8981f180a89,0.00%,User,,,,
0x7c75d096ffe6ad3f01c6b222a9a4144913cc2e7e,0.00%,User,,,,
0xb6b76abafdc2839382ed75fd54d7df3ae4b19ff7,0.00%,User,,,,
0xee5ff7d52af2576b27ff9037d993c4f60431af59,0.00%,User,,,,
0xeb5b05985ca1c9db83b2dfb775476af561842e96,0.00%,User,,,,
0x51e432df264c3315bb0d1aa70d265cdf0792c679,0.00%,User,,,,
0x6e77cb7ef371d24b0d7286f139e062d57caba1c8,0.00%,User,,,,
0x6d75db0ba97c2f447a4206ac64de050462e1e6b9,0.00%,User,,,,
0x8ded713600ef76e30db4dd249c22566c494fe773,0.00%,User,,,,
0x6a46ed0e6fd90e5f05d59699811b4adbeb94645f,0.00%,User,,,,
0x3efec9925973afe87cbfe219dfe31fbba4266369,0.00%,User,,,,
0x44bdb19db1cd29d546597af7dc0549e7f6f9e480,0.00%,User,,,,
0x6df66abe84987165e123e57b0cc3641715da8b3c,0.00%,User,,,,
0x8d655b1af80200a6b81e11482fdea66328b16e05,0.00%,User,,,,
0x4c05fc0a8871e781d1609bb84e64828fcfa3fc8f,0.00%,User,,,,
0x2bdfd0c77ecac63fabacb225fde5e3e078a4eae3,0.00%,User,,,,
0xb78e27260c74e35a70287b57bfe6e3029356c5cb,0.00%,User,,,,
0xa9fc6b72c9847d6990777a42a7df2c57fb08d869,0.00%,User,,,,
0x93b42ebb8deca01912f0c7e72deb6f2b4e3bff5e,0.00%,User,,,,
0x56c4832edb1f32c1b20f1d490ff73859823d3666,0.00%,User,,,,
0x88f08753d440abe800f46f7114fba8045b0022a2,0.00%,User,,,,
0xadfbf9eccee2c330d7a045fb5533b978ff5ff2b2,0.00%,User,,,,
0xf156508251e3972cdf6044b2bac2ab6f5d699c7a,0.00%,User,,,,
0x40b4d405a6688bac177d7d3800477cf4151a1b21,0.00%,User,,,,
0xdde346eaecec99ff62b8454fbd721593d40e2fbc,0.00%,User,,,,
0x8e9c804db3b270b1e8713eb893ba2db5b1b41d99,0.00%,User,,,,
0xaee5cb72da840cf679ebec780e31295b6bfc746d,0.00%,User,,,,
0x3f127e4ff625d2f87def960ffb4e68aa6c1c540a,0.00%,User,,,,
0xabc096ef05da1f4901e973cb0620aadb57ecd181,0.00%,User,,,,
0xf00fbd1ed015f8a084fdadd422627bb1e6123a56,0.00%,User,,,,
0xa7cf9b6a8071bdd78e2b51bb3ef863af974c4b40,0.00%,User,,,,
0xF3D756A3431182eE75e9e41652e21dA76f2d97e0,0.00%,User,,,,
0x1cf48e8f99acca12c9a71f1162ca62f902cd5938,0.00%,User,,,,
0x4007af5c02ea3640bc008ed93d0df67de6e29ed7,0.00%,User,,,,
0x9afbf9dc0211ab0337a963f6d1ff94989410b630,0.00%,User,,,,
0xa96e96c6045431075608c3e8f20cb6468e974e75,0.00%,User,,,,
0x2616d77012a99be6f688e4cdb548449332694aff,0.00%,User,,,,
0x7995246917222ac87c4e394ebd4805b3730e3831,0.00%,User,,,,
0x7193aa2988ac598ef6ccc357d203fd4eaebb1068,0.00%,User,,,,
0x3c0527943a808d7bc41687783c9cc9d470ffef9f,0.00%,User,,,,
0xf6bd976ed9a64e8ae287c024583b17b68f243dd0,0.00%,User,,,,
0xc3c2a85272201f941f38e9c15fcd68cbf26cb09d,0.00%,User,,,,
0xf17a21a1b7e3f66517e8e8f7fa64f4742d78e11d,0.00%,User,,,,
0xeb4576fe753dab07635c0bb6c8f0a355e1db5d31,0.00%,User,,,,
0x1a77abd08956b73ab2fd7d9a2c25fac53495bef5,0.00%,User,,,,
0x36cc7b13029b5dee4034745fb4f24034f3f2ffc6,0.00%,User,,,,
0xb84224a645adbed0f98aebd13e1b2030d722e36b,0.00%,User,,,,
0x3d9e679a8221e4e7dde9c2a59eadd9e2502f1bf7,0.00%,User,,,,
0x75da83b1c5d8fd2fbd9d16c00832ee934fa1f048,0.00%,User,,,,
0x9b15dd12cabf6ea0b9ea30bdfcbdb7b4a646b96f,0.00%,User,,,,
0x154ec74a47656f30c537427aaa13bae5eb18e78b,0.00%,User,,,,
0x35d25b8bf5f72c9e862433805385908ddebeebc8,0.00%,User,,,,
0x0e3c284102fb51be9b7e9c90017057df4b053e6c,0.00%,User,,,,
0xdf632ea5ba8283488aae8538e17a2f802243a61a,0.00%,User,,,,
0xa1c3a7f70383deb7e94efa54234d293784ad5abf,0.00%,User,,,,
0x68c09d16d59bf174418a406005f08fe8a198aff5,0.00%,User,,,,
0x93b42ebb8deca01912f0c7e72deb6f2b4e3bff5e,0.00%,User,,,,
0x8844126ca5defee105ae50e5089933768ccf9999,0.00%,User,,,,
0x765282599ac7155b8d06d12fef2a857978f2486c,0.00%,User,,,,
0x015efb351919f30f1820e4118a09dcf6759288d4,0.00%,User,,,,
0x4C02Ff2DA876a4B96b1779Fd2Aa6A9a6aA0c747e,0.00%,User,,,,
0xe4a6dc804dfa465f6e560f906aff9ad6726bcba7,0.00%,User,,,,
0xf27bc1927e60033341886deac1926aecac388ff1,0.00%,User,,,,
0xaf02fed043940022de75be24b712546d2761e903,0.00%,User,,,,
0x18ca2e2642d86393b75567f4e96acc10efd92a67,0.00%,User,,,,
0xd1275eb5d5ea553bb52f00cf8025f07b50a66329,0.00%,User,,,,
0xa619347818f603140091cc7d00536bd232c57586,0.00%,User,,,,
0x8fdd0cf22012a5fecdbf77ef30d9e9834dc1bf0a,0.00%,User,,,,
0x584a1a4ca984541656322b2d641d8e3d578ff61b,0.00%,User,,,,
0x555ce236c0220695b68341bc48c68d52210cc35b,0.00%,User,,,,
0x0281bb7b4525f1d26b533e814da080ab6d2c0d37,0.00%,User,,,,
0x68e8958cefd8c960688a1a95ce18ed0f91576e13,0.00%,User,,,,
0x74ecA6B366964f5F1E9Ab3132bDFA58C05bCB78a,0.00%,User,,,,
0xffeb122a31cd9bba428adcc1427c33dfca3aeb10,0.00%,User,,,,
0x6f732a1abce45e31d2429449e2f2802cab844301,0.00%,User,,,,
0x6f3df414e1f7c4272e2b7ce0c81d2bbdf313dabb,0.00%,User,,,,
0x512ea837027d408219bb72be61fd08812bcae534,0.00%,User,,,,
0x259f35530902c36f15fbbbe05815da0ed93aceb5,0.00%,User,,,,
0xc61e9e5bced04f76cd4df1d7806ea0e1c583cc98,0.00%,User,,,,
0xa9818b3fdce6ce00cf3cf4ac3a0ae8f72dad7704,0.00%,User,,,,
0x672c3d2cf6e85fd757abe557132cdca985a3f2cd,0.00%,User,,,,
0xf4d35da7591b2fa0d497b3c79ad196813aa4b80e,0.00%,User,,,,
0x1995b18f87ef0173e1166e61e6ee53b7139efde6,0.00%,User,,,,
0xaa6d4c5c05d7cf48556c6b4f1b4360b3f5712cfb,0.00%,User,,,,
0x7604a8e91e0070420a4c8286a4106f61c361ffa3,0.00%,User,,,,
0x064639038d7a4ae293ffeb244fbb500646a72e89,0.00%,User,,,,
0x4007af5c02ea3640bc008ed93d0df67de6e29ed7,0.00%,User,,,,
0xaec661a58928e60f52976f1886cd27845789d90f,0.00%,User,,,,
0xaa4c3f5fbe7013cc83761c67346082914686238a,0.00%,User,,,,
0xb9665a8ba6e62204f54850a23135a92024b676d6,0.00%,User,,,,
0x03b0e4a19f357a112be59d658ec4e2834d510f39,0.00%,User,,,,
0xe40ee5f9d0832e074fd1ce1c0e1ee7505f1d438d,0.00%,User,,,,
0xd3837be2b8e1be1c676c96535163f3bb78c86a93,0.00%,User,,,,
0x3609e5b561088d0ddbe2be61142fe55658b1c42d,0.00%,User,,,,
0xb3654d8cb57f03410ea7e0a699fa3261394dcbcf,0.00%,User,,,,
0x72fc2f0cceec498ee01ab302b62cb6f78ac36bee,0.00%,User,,,,
0x298cdb50b05274db0c68ca6d654052dd9405470d,0.00%,User,,,,
0x9c9a0a21d13a50b28188f8831125c0716386f227,0.00%,User,,,,
0xcb9cc7edf4b08516e5faf5899eb9d415c603046a,0.00%,User,,,,
0x76d0aa158c3df9a6733d8aacffa7a48fb2251dfd,0.00%,User,,,,
0xa3f29fec3bef12b3e31a719ea57bdd06e354964b,0.00%,User,,,,
0xabcabc4fe6986a31758362a7aa1ab14c86981b18,0.00%,User,,,,
0xbb179f078bac0ff4f181f6e01606ccae883ef74d,0.00%,User,,,,
0x337c9cddfe6681c1ea2d7da67dd4380227ef993d,0.00%,User,,,,
0x90509390cb0f4ccb9b84e58ce15ac9b22d196cc9,0.00%,User,,,,
0x6d3b2be3879fd86e025f8541d806e7d8cf80d2a9,0.00%,User,,,,
0xa30d4c07c4d8c2bca7d20e955d3573af1b0bedc0,0.00%,User,,,,
0x26b21138f9dbbfd9aed8f8833eb0756a8aa46393,0.00%,User,,,,
0x260d02e0dac4711c1e796cfa0324b227ea06eda6,0.00%,User,,,,
0x317162dffd6fda9bd363f9e6f2a6d939875385cc,0.00%,User,,,,
0x096fa26115ccc2df89445e8e9b249bff794137a9,0.00%,User,,,,
0x1e5785393c7d5a876a76a881d1e68a2ca8bb8f23,0.00%,User,,,,
0x1de73e041de47ad56c698d3951638152e0ca8fa4,0.00%,User,,,,
0x22fed9d09459fe4cf00142233dbf2c96d77b7ee4,0.00%,User,,,,
0xbf0354c962702de60790b1261e5880a691c8033c,0.00%,User,,,,
0x7b660fbafdadf78ab7bfe83475841712ae774066,0.00%,User,,,,
0x8caf81347a9db4b4d3417fe800e192ef05fdfea8,0.00%,User,,,,
0x061939f9fa0bb160314833685467a1927680576b,0.00%,User,,,,
0xe52431d5db91a0e50b6b071bbf4b816e7d1735d8,0.00%,User,,,,
0xb64c6bbbce0dfb639be6154a7619dff5f20436c2,0.00%,User,,,,
0xfdc39e84f80a6ae1fd9d1f4acf22ee527ab85de9,0.00%,User,,,,
0x5b49b8b585e145bb4762285cce16fb8e974fe377,0.00%,User,,,,
0xe4da8809f9a6d8ffc92f303d2c30bb7a4a788e5d,0.00%,User,,,,
0x461Fea1498225Dcd3dC4Fb95FE4f27f787fB80CB,0.00%,User,,,,
0xbc34ef44599ae8555d0e9f08c69df5804663ad9b,0.00%,User,,,,
0x34c10d84c421f848996d144b5b9bfc1d5d75a4fc,0.00%,User,,,,
0x424ae2307681f3afa8de17088dabb24b6d1e78a1,0.00%,User,,,,
0x04a71a3ba3b400981bc9538891a9e65d37675dd4,0.00%,User,,,,
0xba559c370b8bf9de313b182ff3c29bca8d754ef5,0.00%,User,,,,
0xf3b9555d70b169a2c0d725902dee3bb5ae666554,0.00%,User,,,,
0xb4d74e277bf4eabc407acb6f6a3f07a335403542,0.00%,User,,,,
0x38631c49b53d1e5b1c0148648fa72be4e30f1e25,0.00%,User,,,,
0x4ffd0a59a26cb2aa76d403215e4cc2845c053994,0.00%,User,,,,
0x406cbfc2d391bed42078138165465128b4e0cb06,0.00%,User,,,,
0x178e269dcd058492ccf40bc96e8e9dffa1126fe6,0.00%,User,,,,
0x95e479fa91806563b630d56c4b9d5e53ceb2710d,0.00%,User,,,,
0xf7f645Bfb72F9a183e2F13A050Ad04Bd7bFAE9B1,0.00%,User,,,,
0x81409e4c1a55c034ec86f64a75d18d911a8b0071,0.00%,User,,,,
0x4612630c1d36eb7277949511d8b837dc6a17a96c,0.00%,User,,,,
0x2947deb6c75960bfa054a65d805619eb3bc8b3b5,0.00%,User,,,,
0x746164eef43f58f11f6e86f6e4b08f3d3d4d2721,0.00%,User,,,,
0x4f82e73edb06d29ff62c91ec8f5ff06571bdeb29,0.00%,User,,,,
0x71acd5dca90fd1c13626209a5cc13c21dbe2b13c,0.00%,User,,,,
0xe9b8f3225983eef3653c3618f4d9dd7a8745a744,0.00%,User,,,,
0xce2a3d35e37c27c965f121d74d57a7678eb615d4,0.00%,User,,,,
0x16030796ba82679369de2f90182dfc60931b1a61,0.00%,User,,,,
0xe9191dc0376a01b13751df0ff0cef710bcdf506e,0.00%,User,,,,
0xc9de3f376745160f14d1e2ca91f68cda67a2208b,0.00%,User,,,,
0x52092a09c1afb46ec81dfa713fb9a6a6f961918d,0.00%,User,,,,
0x86daa4ef025314a15a50801ddc5ca039c7009b13,0.00%,User,,,,
0x6f38e15e9af902712043bac4eb4139ca5e096335,0.00%,User,,,,
0x1762ff1d0c7b177371ecd4cbd6896591b79a76f3,0.00%,User,,,,
0xfe8681fdde7dc4b83468aaedd8889ea2aff32c08,0.00%,User,,,,
0x315eeb7a601dad278d64d6bcf2585ffcdd25a78f,0.00%,User,,,,
0x14b1b3ff91525dd00e8fb8ce000097ce7d1cb251,0.00%,User,,,,
0x831d6f8ec19c9ac1253930c34dd9aa736ab4f589,0.00%,User,,,,
0x516a0c5faad3210c0a850fe106b008b6f0814d4f,0.00%,User,,,,
0x2F1E5295e5764a3931061D62df2c45E4316F11eb,0.00%,User,,,,
0x9eeceec01ac7be64c747b235552a2357af8534c1,0.00%,User,,,,
0xd613a4cc742267dd51259d9679cc0d1ad83f7776,0.00%,User,,,,
0x9111a3c1fca875febd14a31479ab4d1d908b66e4,0.00%,User,,,,
0xc5ca8f8bfd914d3ad7e26fbd6348c612a90332e0,0.00%,User,,,,
0xb1890cb3f37a0bc0c4dce94e66ca0c29d8bb73f7,0.00%,User,,,,
0xf0dee94e75c7282391f11614604e250931d0a7ef,0.00%,User,,,,
0xcd464ef9bc58b581a36902736cfd9db366ef9ca6,0.00%,User,,,,
0xf6ddf9d68a37ac04a15a243e4f07f05e09c775d9,0.00%,User,,,,
0xf8535a7506a9203f75e969eda06447c92edeeca5,0.00%,User,,,,
0x41edff3041f13322f218ff4ac0bf5847db1fd93c,0.00%,User,,,,
0xbddfd862d21f748e0d648a6d8809733b598598b6,0.00%,User,,,,
0x84d1e7a6697e51a3eea7c131b8a755433071ce8b,0.00%,User,,,,
0x77640a11e0cc9a1f3283c1a09d341d47819d2a1a,0.00%,User,,,,
0x3e880e87fca9a7d6c080983693ba5cec8ac9cb8f,0.00%,User,,,,
0x299d6036fd980df4f7ccc123b59765677e43302d,0.00%,User,,,,
0x2d6b114c77f3355f204c37f657c680157e85dfa5,0.00%,User,,,,
0x226fa898550ef48313d359d90f69914018a89f73,0.00%,User,,,,
0x97da8d79dfa262467c839800acba92754c52c797,0.00%,User,,,,
0xcafa291e42437ca4e5862e81e261cceadcff3e8e,0.00%,User,,,,
0x13cbd624af484c4c695ff0e1d0b7e125d45f2c76,0.00%,User,,,,
0xa3eafd20c46c2a435816f0f9ae1184ed31223131,0.00%,User,,,,
0x7989de18fcc90c84febb287ecfe8c2bf6da34d26,0.00%,User,,,,
0x025c62433ecf89ed45edf7f41bf05318204d0b2b,0.00%,User,,,,
0xf3866853d33ac3dcdef0df1756e57464e6a6a197,0.00%,User,,,,
0xd1e4a32679216f4a4dd38e45dab9bc4b8a45e592,0.00%,User,,,,
0xa1d891f83788386a67be855c499e239a6dac62e9,0.00%,User,,,,
0x93d3a8d032fb58b6ee9f185a3986810a83db6c56,0.00%,User,,,,
0xb2ed621fc6323389b326df265861c1938bc6b6fb,0.00%,User,,,,
0xf36cb8284ae2d1b6f92302c2d9fa30410e6ac257,0.00%,User,,,,
0x3CD19b965212aa1abD650c64444C4A06Ea645F1a,0.00%,User,,,,
0xac79cd0bd367f91d3497175d036836232aa4d48f,0.00%,User,,,,
0x43335a49c528e262bbdf31b19d321a82c965eea2,0.00%,User,,,,
0xc84a20a356349463b04f6514279eae768c510098,0.00%,User,,,,
0x1ece4e5a0db923734a210bc0733f1206c1b95c7c,0.00%,User,,,,
0xd58bef55aef5b09494a5af207e6f57427cd06c25,0.00%,User,,,,
0xac6d3a1c8f29a2c64dd24db057c15e02c967effe,0.00%,User,,,,
0x21e54e2b9b02d2c0ad2197d7ac85c34151674012,0.00%,User,,,,
0x4fa599547efbeaf59658b38d0a0a4c154e1d5171,0.00%,User,,,,
0x51b0b7ab0af8ba0e689299f00a733de2f7080569,0.00%,User,,,,
0x4b0c6e0427015bc916bf7c122f764eee32043b72,0.00%,User,,,,
0x8326f558f95d4aa279e58070639fafaac39c567d,0.00%,User,,,,
0x02867114b27d686f3565e2060424e985a1e565f5,0.00%,User,,,,
0x9b6ad3558ea4dd6af9d1bc3cfdbd20c1d599c840,0.00%,User,,,,
0x947ebecd725e07bac225363f328de957aa5819b3,0.00%,User,,,,
0x701266165442eee717d4f3e4e3e8d19364fbf9d3,0.00%,User,,,,
0x22cc041818ecf71a2d60177cd30113b5b5ca7093,0.00%,User,,,,
0xfb557c305ad1cc7be73838b1929c43910db31e49,0.00%,User,,,,
0xce075ac8749f64698fa9f12df6866bf0ac08f07c,0.00%,User,,,,
0x9a87fa7ce625d0bf7bd923955b831805cb329bbc,0.00%,User,,,,
0x49716dd98e634a26b7f93107dceca0307da139c7,0.00%,User,,,,
0x3c61fefc6798898b26b038c94d93d3f5d4a30c35,0.00%,User,,,,
0xf5ff296d4b9c856bed217ead0373cbd6480cce8b,0.00%,User,,,,
0xc99f40453b4ef2630261344220394740da47beab,0.00%,User,,,,
0xee782d885ec919a991a379d7e222dce29ae876d0,0.00%,User,,,,
0xfa5821b238d98fdde185fb7f830b5c94318eb346,0.00%,User,,,,
0x642078fcc20130ea8999d7fe55368922fd38971a,0.00%,User,,,,
0x4e45f36d5c386e918bc498a630932801e72c716d,0.00%,User,,,,
0x51f1c44865113870dc6badcfca25fcaad6eef1b5,0.00%,User,,,,
0x9ede93e0d5cf38a5797b18ebcb8bb5675dec2d41,0.00%,User,,,,
0x011092475af86fff3d3497ddc06d6148a927f01a,0.00%,User,,,,
0xc331a4ad88cf4addace07bcfd899cd1e47ffff35,0.00%,User,,,,
0x8006005034ed4563bd0a5db3b5d4c752205262ab,0.00%,User,,,,
0xc24ee9ca6bacf046df7bdc4a243b69a171533bbd,0.00%,User,,,,
0x1cae301fcb184fbbfbd51448872235a4fbe88b91,0.00%,User,,,,
0x8ca5037416ad66b9f98f46e6ad9b6bdf4aeb4ba3,0.00%,User,,,,
0x29e294fa813918b5be9ad181760790536fd024d6,0.00%,User,,,,
0x544d293870387bd0dc0b19e7c8d636676cc863e5,0.00%,User,,,,
0xd68a6c08a10ee8db1441b0883a9ebbd4cdf67baa,0.00%,User,,,,
0x12c44c668d48dc25e44e1ef6e4aae864922e352a,0.00%,User,,,,
0x1cbd4704f528cc2293b9822c6ed2eb52fdaaa845,0.00%,User,,,,
0xefa1e18472a505a1537942aba165ae41951f6dc6,0.00%,User,,,,
0x79ce1d4af749f67d52fb1c61a39ff7a2d7b5e064,0.00%,User,,,,
0x5de19584ee87854cb71f13bace85768e9da5313b,0.00%,User,,,,
0x13a32809026c7e3d8cfe89e30ccc5e039244f529,0.00%,User,,,,
0xa0d49e6c9b5f988f89a3c25535eb360e99a8281a,0.00%,User,,,,
0xfbe8d0396f2751fac611a7256217b8d5737b7085,0.00%,User,,,,
0x460167850c7727579c4ca2a03729568f3af95aeb,0.00%,User,,,,
0x656c651c47c470289aa4e2eb9facc6b9ef6d9509,0.00%,User,,,,
0xd77900479ef30963f4b5aa7d752b15795192ee15,0.00%,User,,,,
0x04ace11c063b42d65a75cca2855361723ab4191e,0.00%,User,,,,
0xdf8aaf9dd1ee63fd82f1dc3e7a1380e76c242884,0.00%,User,,,,
0x11ef8f3f57b7c2a317a420854cecdd8a88f6cb64,0.00%,User,,,,
0x50eae247a86ff11f357137de257c5c469c563487,0.00%,User,,,,
0x5e56130cf39d536bfc801bb248cd0bd17b955df8,0.00%,User,,,,
0x491b7c1b4f3be6567aa905925d1c884378f86faf,0.00%,User,,,,
0x000000000000000000000000000000000000dead,0.00%,User,,,,
0xc1e354e996c45b7484d072049fe03e71cf067acb,0.00%,User,,,,
0xc228dba4929918e0d19ccf51f4e3861610312d4d,0.00%,User,,,,
0xc055355b48d1f685b49318056bf0744cbc05b61f,0.00%,User,,,,
0x9f09d9ba9d2813a12b358b4462358a56a877446f,0.00%,User,,,,
0xf5c48c46e02c1060b3e055b022b9ed9f5e6e101b,0.00%,User,,,,
0xe7db5b77dab6043bf66eb19ace455078c2828e35,0.00%,User,,,,
0xc2b0457b2a2902210a8290b36bbfd32b7000eaf8,0.00%,User,,,,
0x405f3119f7871d99565ad3aab992246bff625f3f,0.00%,User,,,,
0xe691f592ee083b375eb36e3345843dc5b5c02d23,0.00%,User,,,,
0x9aee8ff1c44f6b59036c65b882162b2bb0e4085e,0.00%,User,,,,
0x53e213da8c28d85dc6663c3b5e35bb0ffbb05752,0.00%,User,,,,
0xe2c8f78c4a73c71ab3744434addcf2b516ec602c,0.00%,User,,,,
0xd0b49376903cadc2426e73e06de21142f2b9c673,0.00%,User,,,,
0xaa3695877e0fabc100a9404b78e7fd9969dbfb92,0.00%,User,,,,
0x0a6695815b0d5231bdf59e0d93334036a5a53af3,0.00%,User,,,,
0x8f37d7105b12d42af6fb1d71d0da7ebad1856d72,0.00%,User,,,,
0xd9e69372770a585463a6620e7d8bc4f085fb22be,0.00%,User,,,,
0xc14c5d1d981f4b0205b7f7c0a2ffc69b7871a9ee,0.00%,User,,,,
0x86d398fc52e85479f32acd1094b354e7cf1fa483,0.00%,User,,,,
0x3d25cf7120fe43b751b8a46a8dc5556360eb9fce,0.00%,User,,,,
0x5365c1a59b3881f5abfd439ae5a05e30e5d7a6aa,0.00%,User,,,,
0x083cb19fae57a1fb2b6e14f4a283ab5c5bc6576c,0.00%,User,,,,
0x0ef45edeaf2a9927d3b69cf2c8ea1befe10eb986,0.00%,User,,,,
0x8cadb20a4811f363dadb863a190708bed26245f8,0.00%,User,,,,
0x7ce439e41df40fe48a54266b4fe607cb0fffbbd5,0.00%,User,,,,
0x9cb08b82e1710d73d1cf9af6b6915a27cf8c8d3d,0.00%,User,,,,
0x68119d720d5f19bd087af74725071598d03c0e41,0.00%,User,,,,
0x86b0c6f2985bd1e2a7dad3f06104462bb0a3bbe1,0.00%,User,,,,
0x3a4aff744c0ca772e4bef70ebf3ecb5d14244613,0.00%,User,,,,
0x582404e07313c5d38c5ee5dab996a29098a84bf3,0.00%,User,,,,
0x8399953ab01861d98ee2dcdee2147db3fdebfadb,0.00%,User,,,,
0x47cbc62d8bf5adf1b0cdc5b30c3e981dfe7513d9,0.00%,User,,,,
0x39f4aea820b5c2072664f2e52bc289a60756c53a,0.00%,User,,,,
0x28bc33c61382a9e5895b4d1a892333ca7cbdc3d3,0.00%,User,,,,
0xd8a005fbd4aabfa98c9495532d4cb8adb12c040d,0.00%,User,,,,
0xf9d1e7017c2b9f76b734a624fe7cfdfcf3cfd0ce,0.00%,User,,,,
0xf514803409f4c1e6ff7b40e8ac10ec0d84ec9276,0.00%,User,,,,
0x699d82763e727015e2a984e09bcafb7874fe530a,0.00%,User,,,,
0x899b2d61a5943dd2452cbc9ff5d158c63a2275dd,0.00%,User,,,,
0x639f0c162f34b04f155966573862658a72d62231,0.00%,User,,,,
0x0a1a8a13fd2c3094B8F563B4944Db4e18bFcF90C,0.00%,User,,,,
0x4baee5027ac8643ff1e53468e5c4d3ca278554dc,0.00%,User,,,,
0x2cdb4ddc8457221178548de412d2ec1cfbef7db9,0.00%,User,,,,
0xa10b06d539bfcbe7ad776d38453b39d3a5b2e3ee,0.00%,User,,,,
0x84c93e00daad4d991a9f2a926b29a28c25f0913c,0.00%,User,,,,
0x6f5e99fa4cc74b702f93bb2fff31067f157d846b,0.00%,User,,,,
0x6c30d71d2c0738594de1314ddd6c6797066550b1,0.00%,User,,,,
0xc5e516607ef2a286bee831c14824e79221920e6f,0.00%,User,,,,
0x7c16ece9f1a4de5a3afa455492e3afd9c98f36be,0.00%,User,,,,
0x4e967856f67ad931151fb707e8565d0381f9ffdd,0.00%,User,,,,
0x69aad835cb3f62e435fc693443ce49bfe74b6dbe,0.00%,User,,,,
0x5b3ffbaffc6c072a4326eb263a944ad41c8c4d3e,0.00%,User,,,,
0x6dd93f62e209533888afd02421a69312d4b9b275,0.00%,User,,,,
0xaf0c58e6bfc2e22dad6b4dfb469e18135259d2d8,0.00%,User,,,,
0xb083faa3104190f6e21e792ee76a51da0082e15b,0.00%,User,,,,
0xd33f37eb835ac6f313068126a2396392adc00909,0.00%,User,,,,
0x0e52e7bafbaead033de5d667725cce84cd64cb27,0.00%,User,,,,
0x663b033e0db1e9440ea72dc22b1d2c81aaa173b3,0.00%,User,,,,
0x5bd2a0b3fc3ccf8f671e12a5cdcab12ee9ea5733,0.00%,User,,,,
0x1db30c74a4d16cdfee29680ca4637ec12ac55ec7,0.00%,User,,,,
0x185d7273b630403b8204c10c911c54e90014ff26,0.00%,User,,,,
0x3b13242d006f62d8feb523c242725a6226e97808,0.00%,User,,,,
0x193eaf2921dc04902432d6ccf175b3a832d45b45,0.00%,User,,,,
0x6337b9b88293d995b0313a9a2e4df529be14354e,0.00%,User,,,,
0xa3115ee62ee8d08f8829f916da1038ff3526a592,0.00%,User,,,,
0xf0d64a4c2325c2d53b871650e23d3747c4806f47,0.00%,User,,,,
0x0577ffa4361b0c6f9909c5f3d2e43987de910ad1,0.00%,User,,,,
0x2bba7926930f5191e80d3dd088bfa3eafdab45ed,0.00%,User,,,,
0x28ae278b0c7df8790b3de2066515eaec2704a0ae,0.00%,User,,,,
0x31999352548886b1f5fc47556c434414ca49f6be,0.00%,User,,,,
0xf8ba07c9bdb1165f348a7e20c20aa670088c2984,0.00%,User,,,,
0x1ba6b82641c77ab1fc7bc734c5c3628199a8967d,0.00%,User,,,,
0x8f212180bf6b8178559a67268502057fb0043dd9,0.00%,User,,,,
0x1bb6d78d3f1fb29994ce106fcb3893a888193385,0.00%,User,,,,
0x0e8b562acbe811a0c474096f919d106266451b84,0.00%,User,,,,
0x7ae8da59b5bc252c926056f10f1977d88281101f,0.00%,User,,,,
0x5bda07dc85e64be444b44702b9c848dc4c4caa23,0.00%,User,,,,
0x5607b8a5d253f77e51a589e8c085b3c6c7191e13,0.00%,User,,,,
0xc7b9885e087bfd7d420dc12b93150906c71dae44,0.00%,User,,,,
0x2cc64d23bfba790c8648a4c6422a834c10607ade,0.00%,User,,,,
0x778b430ab19f4d330f4833a6aea0f5f4f4bd5b06,0.00%,User,,,,
0x824a9d49ad1b1677af646a161e21f8dbc9ca8fa2,0.00%,User,,,,
0xc66bbeceeb7bcbeb0523277d63b7ed6cc19d4f32,0.00%,User,,,,
0x0cf18ee5e0f88d3f95844af66042461c2c0a4439,0.00%,User,,,,
0x2860ce83720bab73b28e0179f64f2eaf810fd995,0.00%,User,,,,
0xfb634a3409fb20166d622a34ffaa0f45c72883f0,0.00%,User,,,,
0x21b2d2b9044b55a9ae176de7df67a4fee15a6ae3,0.00%,User,,,,
0xcb928017e3695d0ae6f2f2b8e494eb1842df350c,0.00%,User,,,,
0xd61b8ec2d34fb8ccffbf5429f2649ad75cadd088,0.00%,User,,,,
0x5b919da7b1b7b45f84cb3e1b4b77987701ec5037,0.00%,User,,,,
0x65086ca13981687a8c4ace560209a02dc8a7fb80,0.00%,User,,,,
0x4ec92589c7cb12402a930ee44c238804e6197467,0.00%,User,,,,
0x75da49ead3ab6dcbfd0c394fcd3aa8971497c68f,0.00%,User,,,,
0xc723a41fe6108c376ef771df4da4894a0374f94b,0.00%,User,,,,
0xbeafc34c5963ff266623004d4145b6addb769401,0.00%,User,,,,
0x2e21a3bf4873ca722209eca359b1673ba92a0005,0.00%,User,,,,
0x8489db983bc30d7813ce850c415deecce8b9e5a3,0.00%,User,,,,
0xa0d795bc676d891b683901b2591a8c6a3004edaa,0.00%,User,,,,
0x8b6e8ccdea9fedffd3e6e8615fb9ff1d53ad33a5,0.00%,User,,,,
0x6bc03d43a138b295541739ebbf89b8bfdc2d00a5,0.00%,User,,,,
0x4ce268f49ef0726d602a8b0f22fcc543aa23bb51,0.00%,User,,,,
0x672156a43a7fba067211dfb7ea37972a3f18f93a,0.00%,User,,,,
0xf486d56cce70c481b3455af901fcc4f03fee8107,0.00%,User,,,,
0xc647f8f745a59b74a26d76da7dccc8badf649c32,0.00%,User,,,,
0x10ae381a762a9cc313346d248f6ae8d179b8e5bd,0.00%,User,,,,
0xb0be01cf3a5cde8a86e1a39367ea997f5dd08372,0.00%,User,,,,
0xe926ec993150b7513efbb9ba8103665805912877,0.00%,User,,,,
0x23fa8032c25dfdf4026b191c40f74da814920826,0.00%,User,,,,
0x7a2185a2a2e8c4422ecf3e82760d4dccaa4e1bf2,0.00%,User,,,,
0x527aabe7f20ec0c26cd1edf99d3337b4ad47385f,0.00%,User,,,,
0x8939e26910e2d2c7ec903c6e06cac1fc5d0383be,0.00%,User,,,,
0x3b2bee802dc4a4efc3e6b708550c9cb0c7616b17,0.00%,User,,,,
0xbe63db602dd95c27a17feaa71c9fe8251e7c9ce4,0.00%,User,,,,
0x294ad3bfda6832e83f51bda2a12a0e925d3dfbc7,0.00%,User,,,,
0x3d5e4af8ef2fb321f4cf35475e75172155bdbfdf,0.00%,User,,,,
0x52847c801ccc19699d29c75705a0661b3d7338a7,0.00%,User,,,,
0xd1a9371a6b1fa255adde165757c00d1d8b75f565,0.00%,User,,,,
0xdb502e7d47f17038775bd6ee151a7b7641dd8c72,0.00%,User,,,,
0x4df0df2d3780a192e4ee87cce6156c562904e940,0.00%,User,,,,
0x366c81be8db2ba2aea5a4162b464bfbb514ecac6,0.00%,User,,,,
0x08928dcb5bd0b58f8de51921eaade7da8146d259,0.00%,User,,,,
0x93ccd7c157deb2f144bbc8c251ea831a7b05f6f7,0.00%,User,,,,
0x48b576c87e788a762d6f95a456f2a39113b46950,0.00%,User,,,,
0x75cc7bb149daea152f9a852c33c826260d0af491,0.00%,User,,,,
0x7d79d2c269efb6e0965078da25e0c96a51437fd3,0.00%,User,,,,
0xc8f1334de13e780857f55074a2454b2445257f5d,0.00%,User,,,,
0xf3ae3832221f430cf2736c77fbde38fa1ee5badd,0.00%,User,,,,
0xb9d24761ebb3e3a88b8cf20e77f56ccf026a2044,0.00%,User,,,,
0x049382f93184c349bc87bd0a6380aef7c2515027,0.00%,User,,,,
0xcaf9a3a1eaacda520bd58bec1e8b79611fb994f7,0.00%,User,,,,
0x9d5d1eaacee9b93bc6b4a95e3c2fa8b18d96f2ae,0.00%,User,,,,
0x86735c571c6cbee0535301e91fb1e741e79e13e0,0.00%,User,,,,
0xfd85bb99d1fe53eae4d1b85a32d07064c8073953,0.00%,User,,,,
0x1563cf31424cf6aae088d3223830dc4dfae82b5a,0.00%,User,,,,
0x55768e637bdec377a093d62a690a4ced76742c63,0.00%,User,,,,
0xfce2ddbbe54363b321eb10486e7c19ebb173a63a,0.00%,User,,,,
0x3acd387bb6a8382350ee572618a607c667eaa5ef,0.00%,User,,,,
0x1d9bfc24d9e7eeda4119ceca11eaf4c24e622e62,0.00%,User,,,,
0xeaa5b9053f7455e6edce142361586aea4d76d90f,0.00%,User,,,,
0x2655cd6a331778fb13ba2491fd2abce467ee8d6b,0.00%,User,,,,
0x47346c16a52e2f6b654daf69835b0186aca11bb9,0.00%,User,,,,
0xbff798bb0dc7d938405c4429697c93677f372469,0.00%,User,,,,
0xc1e9928b68696bdfe34e6711ba06610794ca3279,0.00%,User,,,,
0xe076f3b8842e0e5492e4100ea80a240b3f74ff9f,0.00%,User,,,,
0xa81ff643e19543d3626410ac087d98c816067128,0.00%,User,,,,
0x5e15ff41dd9764108fb4e35e26830ff06e9892d5,0.00%,User,,,,
0x9d01ce7e2d0c916459e9fd33ef32b12d139e26b1,0.00%,User,,,,
0xe958f5388c44ce1fbaa16c1c6ae9dba98fcf59e4,0.00%,User,,,,
0xa8992310f620dc8f23f9cf4fad90a2f2380d8d6a,0.00%,User,,,,
0x550458c039bb2571ad4a2029c24e43face61cabe,0.00%,User,,,,
0xa8b63e1408e8e607d4cf48e6e3b14bb881b2010e,0.00%,User,,,,
0x12429f85fa35183bc7ca6750303ee3f6afe31d13,0.00%,User,,,,
0x540d8d9211938de0fcc0509385799ab06261491d,0.00%,User,,,,
0xbc928b094e56decc44e00af4e8d0fb9bfb425adb,0.00%,User,,,,
0x0741a313b0134259a9b07839bad2c2b835e0c5b8,0.00%,User,,,,
0x2827ab427305d5ffaa94b67ca138caa12f03bb21,0.00%,User,,,,
0xa133e3cb2070c4a1a261d3f33f392b09029232b4,0.00%,User,,,,
0xf6c762d51395b615a96154375be854694fab92e4,0.00%,User,,,,
0x7c640426ccdf1ead6e9d89e1d474d392e336f077,0.00%,User,,,,
0x5aa3b9c5e863e0fa407710c7bd1e3f6e9228ee76,0.00%,User,,,,
0x6810a616989f55de5386e04d099abe53a9467565,0.00%,User,,,,
0x469d342e4f3d9ffbedca2e2ca8ab268a6fe973c3,0.00%,User,,,,
0x6469b01c4dcd552d44e5710dce25db602150963a,0.00%,User,,,,
0xfb35f458ee6c7df3355c2983696caf9ac26b4ca1,0.00%,User,,,,
0x639e1e07800943464a26ab99eb7caebeb0b9a526,0.00%,User,,,,
0xb7b8c0b100556f1e728bafcb987a0a6230e835d0,0.00%,User,,,,
0x8ef36d60c3799144b58e06ba53fdd1c98403ebf2,0.00%,User,,,,
0x00f8458a7da8291d5bb224b08dbb7c4576a2f36a,0.00%,User,,,,
0xa3db7817fa0d82d64e37b67c6da70526655ff4b3,0.00%,User,,,,
0xf376feea3272a93fc2c76a279cb4a850f8b79740,0.00%,User,,,,
0xe930ccf8c76def7ad84c636d9ef720f06e207eef,0.00%,User,,,,
0x18442dd739c2787d2c4cbfb76be15e1f2c0216a3,0.00%,User,,,,
0x1f57bfa63aeed2548d8bdab98b64ab9ea6add579,0.00%,User,,,,
0x418340b636a908e69e98bb0c36ec4610980dce87,0.00%,User,,,,
0x5d91c94fd64a08f9b9812c22f4da940b8ceda4ee,0.00%,User,,,,
0x93f610bfd3b85bfd91f8a7af7bc13554a99b357f,0.00%,User,,,,
0xc337ecd232378b66737b1dfef2e63635f4c7c62c,0.00%,User,,,,
0xc660e42b0646114d4979472b30bb54fd0ffa2e89,0.00%,User,,,,
0xe8a4c890fd11d1f853cb00d16faa0f313a35d36e,0.00%,User,,,,
0xc76C7382A951C7DCA9eBDC845350322ec26Ce261,0.00%,User,,,,
0xd909BD29f7D603CCD1Cd17B63e22EBD132cD31e6,0.00%,User,,,,
0x853807Fd64bDf596DfE8eb4525f6725eFB1C9850,0.00%,User,,,,
,,,,,,
,,,,,,
,,,,,,
,,,,,,
,,,,,#DIV/0!,#DIV/0!
,,,,,#DIV/0!,#DIV/0!
,,,,,#DIV/0!,#DIV/0!
,,,,,#DIV/0!,#DIV/0!
,,,,,#DIV/0!,#DIV/0!
,,,,,#DIV/0!,#DIV/0!
,,,,,#DIV/0!,#DIV/0!
,,,,,#DIV/0!,#DIV/0!
,,,,,#DIV/0!,#DIV/0!
,,,,,#DIV/0!,#DIV/0!
,,,,,#DIV/0!,#DIV/0!
,,,,,#DIV/0!,#DIV/0!
,,,,,#DIV/0!,#DIV/0!
,,,,,#DIV/0!,#DIV/0!
,,,,,#DIV/0!,#DIV/0!
,,,,,#DIV/0!,#DIV/0!
,,,,,#DIV/0!,#DIV/0!
,,,,,#DIV/0!,#DIV/0!
,,,,,#DIV/0!,#DIV/0!
,,,,,#DIV/0!,#DIV/0!
,,,,,#DIV/0!,#DIV/0!
,,,,,#DIV/0!,#DIV/0!
,,,,,#DIV/0!,#DIV/0!
,,,,,#DIV/0!,#DIV/0!
,,,,,#DIV/0!,#DIV/0!
,,,,,#DIV/0!,#DIV/0!
,,,,,#DIV/0!,#DIV/0!
,,,,,#DIV/0!,#DIV/0!
,,,,,#DIV/0!,#DIV/0!
,,,,,#DIV/0!,#DIV/0!
,,,,,#DIV/0!,#DIV/0!
,,,,,#DIV/0!,#DIV/0!
,,,,,#DIV/0!,#DIV/0!
,,,,,#DIV/0!,#DIV/0!
,,,,,#DIV/0!,#DIV/0!
,,,,,#DIV/0!,#DIV/0!
,,,,,#DIV/0!,#DIV/0!
,,,,,#DIV/0!,#DIV/0!
,,,,,#DIV/0!,#DIV/0!
,,,,,#DIV/0!,#DIV/0!
,,,,,#DIV/0!,#DIV/0!
,,,,,#DIV/0!,#DIV/0!
,,,,,#DIV/0!,#DIV/0!
,,,,,#DIV/0!,#DIV/0!
,,,,,#DIV/0!,#DIV/0!
,,,,,#DIV/0!,#DIV/0!
,,,,,#DIV/0!,#DIV/0!
,,,,,#DIV/0!,#DIV/0!
,,,,,#DIV/0!,#DIV/0!
,,,,,#DIV/0!,#DIV/0!
,,,,,#DIV/0!,#DIV/0!
,,,,,#DIV/0!,#DIV/0!
,,,,,#DIV/0!,#DIV/0!
,,,,,#DIV/0!,#DIV/0!
,,,,,#DIV/0!,#DIV/0!
,,,,,#DIV/0!,#DIV/0!
,,,,,#DIV/0!,#DIV/0!
,,,,,#DIV/0!,#DIV/0!
,,,,,#DIV/0!,#DIV/0!
,,,,,#DIV/0!,#DIV/0!
,,,,,#DIV/0!,#DIV/0!
,,,,,#DIV/0!,#DIV/0!
,,,,,#DIV/0!,#DIV/0!
,,,,,#DIV/0!,#DIV/0!
,,,,,#DIV/0!,#DIV/0!
,,,,,#DIV/0!,#DIV/0!