Address,Allocation,Type,Sum Check
0x89D761935ca2d85e3A6f8d917751133eC00167c3,10%,Dev,100%
0xea39d1f240604de7f4f320507270b36cdc546bcd,0.1099%,Token Holder,
0x08675d2587792b4cac07eecdd03fa38de0d034fa,0.1099%,Token Holder,
0xfa98399affbc220ad05250cd389fad834e9ab667,0.1099%,Token Holder,
0x811fe1673fe79edcbdf9279bffb803eed58f103e,0.1099%,Token Holder,
0x000003295826ad3cb1ff48247ab5e2301f76ea35,0.1099%,Token Holder,
0x928b6a09ce2f39b19df321aa1f8fdb60084071a2,0.1099%,Token Holder,
0x08528236708da5eae8d83af2d97cc3b11039f3f6,0.1099%,Token Holder,
0x9fc5b41527faf4297bbf06d70c47a560f0d303f6,0.1099%,Token Holder,
0xa8ac0cabb75a3842fb8cbbe18359f71711cf95b7,0.1099%,Token Holder,
0x58a4e4b1d6de78cfd6b28f66cb7e2d4c96498c99,0.1099%,Token Holder,
0x7159547043dba289e97aa51a94832d384218e66e,0.1099%,Token Holder,
0x3eb982d680eb56b148fb20347711aac8f2283099,0.1099%,Token Holder,
0xe58785cc008c1289d7570192414c5c64e97d3ef3,0.1099%,Token Holder,
0x617ce9fe8683df539cf62d02697f0259d3513dd0,0.1099%,Token Holder,
0xb11206931df47c73e609dfd679798ac37f800599,0.1099%,Token Holder,
0x67214f6d58409e1dc9fa51946e2b78e2b147b310,0.1099%,Token Holder,
0x5de6076da4dc74461a19b4a3191b72323c4f977a,0.1099%,Token Holder,
0x37de987ca81076ac9b719ff1abcb7d5e7e864ae3,0.1099%,Token Holder,
0xbd7698bd82dae08c65eb952bfabcca4bb43bd15f,0.1099%,Token Holder,
0x003abaa5b054f9c67864da940495d1ac69400871,0.1099%,Token Holder,
0x0617b3ac9ae49bccda3236479706bea675e4fcf6,0.1099%,Token Holder,
0x3f7c726d801a23d1c853b551628e49963d72cdf6,0.1099%,Token Holder,
0xc60881e29de0c77315ed01198aee4ddb920de3d1,0.1099%,Token Holder,
0x76b746ffd6a830edaf32caffda3838668eb5fec4,0.1099%,Token Holder,
0x988e886b14a58dffa124230a489ad83f64008854,0.1099%,Token Holder,
0xdf974829f6d977370b21e065ae445390cb9d010c,0.1099%,Token Holder,
0x70ea854f08212a2890d8f5956ddd8fb5edb70df1,0.1099%,Token Holder,
0x3436089d58d59ec6cee7770cd2d259339b7b1436,0.1099%,Token Holder,
0x79751b632155edb146521859541c4a45e24849e3,0.1099%,Token Holder,
0xdef0480538fe9d8919957243d9b967bbb5e59e38,0.1099%,Token Holder,
0x4f547a7810b6426dee0ca69e467045b246011cb1,0.1099%,Token Holder,
0x0a470bc6de154c864cfced3b16f5cefb6de57f39,0.1099%,Token Holder,
0xf1cf964039f95382e8089957a3b61cd7f9567297,0.1099%,Token Holder,
0x1d64c7ccc58794cc2c483e041423b2b8c98061ce,0.1099%,Token Holder,
0x2b1541a858a6bc86ef7ddf805d71f3fc68bdbdad,0.1099%,Token Holder,
0xfef12f37bbab688e555623bbd702f340a31ff1cb,0.1099%,Token Holder,
0xcb5e4c086a901a3a491fed8405b907c6d8622eef,0.1099%,Token Holder,
0x85541e478ac7596641d8cf2fe52986887f415121,0.1099%,Token Holder,
0x2873854155ac75c059c449d11358a6b84c482596,0.1099%,Token Holder,
0xb81fd00a9b843243139a2cb6c0e7d0aa3249de29,0.1099%,Token Holder,
0xa03b4b6a2ffa47341efbfed95179017a53299a5d,0.1099%,Token Holder,
0x406cbfc2d391bed42078138165465128b4e0cb06,0.1099%,Token Holder,
0xe498e919dc961700c8d0f4a507344467a49609fa,0.1099%,Token Holder,
0x1a62c9d1746de9fd9d449e80ddbb8a67d2a72a94,0.1099%,Token Holder,
0xe0c1e5c9b6107412bba4692d3084b358f661a1ea,0.1099%,Token Holder,
0x055df7d93b0a0841fbd118ea5637b3d7a80168f5,0.1099%,Token Holder,
0x036e4b2c21695a2e09ac7d7d089f6e50ad62886d,0.1099%,Token Holder,
0x8a803a83de700ea26cec0270058caff4f05c7978,0.1099%,Token Holder,
0xee95a199429198395d84174db1fb93a8182507b2,0.1099%,Token Holder,
0xaf2fb1f2ece28727aab2bf4e5f08daa3ef911260,0.1099%,Token Holder,
0x9a49b68f512175c9c0d4b8581f4dbf34c51bdd73,0.1099%,Token Holder,
0x7c28fd7215f183f61203fa37dabe49aecf886961,0.1099%,Token Holder,
0xfcb7edb8561822e2f2f4f6af5239de5e25b6dc86,0.1099%,Token Holder,
0x413faa7d64bf318e27f5026efaf3de8fa7b3653c,0.1099%,Token Holder,
0x04393b3fc836d75bd356f792313b18be60b10d09,0.1099%,Token Holder,
0x3e9a7297ea0fbcfd177893a79b962430f6e6f212,0.1099%,Token Holder,
0x0966dee9654cd7bce06b6a08ae3cc0914211a6c8,0.1099%,Token Holder,
0xe496ac07f7e56a20469ce6b59e524378f14604b8,0.1099%,Token Holder,
0x21bda83710b1fba0cbbb2119b24dcbc21c4f834f,0.1099%,Token Holder,
0xed1e1dc4904d8dd5b5c7d458cd57cd2d9d05de0a,0.1099%,Token Holder,
0xa392977e2bfcb654426407f170d133d77854fb14,0.1099%,Token Holder,
0xead3b6578c71117526a9c972c0932c446320cfb0,0.1099%,Token Holder,
0xdb56efc603133a4f647094484616695b0abf4e8e,0.1099%,Token Holder,
0x35ea3050ddbda00792e768c49aa8969e17729e5c,0.1099%,Token Holder,
0xd350e3d51ded39f4ca89b06ea66e10aa7b1ae2e6,0.1099%,Token Holder,
0x47a20e51e26d08d276c9719809c01bcf0841ca96,0.1099%,Token Holder,
0x1578f034078d5b5dc9d017af75779ae436048415,0.1099%,Token Holder,
0xb40cfb0241e5477c4b19e569dc30793ec6f4ac2c,0.1099%,Token Holder,
0xb83193859bb067090a5d0f2c1728a2ebdae42a8a,0.1099%,Token Holder,
0xf483409dec6790554944c89695cf9f3d6c69cfbf,0.1099%,Token Holder,
0x4f517f2d959478cf4a4cf68c5db2be4c5cf8bdd0,0.1099%,Token Holder,
0xbaed31423c928f00072b422ac166bbdb25b0528d,0.1099%,Token Holder,
0xd880507d359af862a5f8f318c8e934ab478ca818,0.1099%,Token Holder,
0x726bb4595c9c7f0bace820020ff8bd221a8c67e5,0.1099%,Token Holder,
0x9ef962826e0be862e25a337c58dcf0917b904a58,0.1099%,Token Holder,
0x3514fe461accd91d896f0a49d39ba39edffea9cf,0.1099%,Token Holder,
0xd6eaea77372aad9a7b66b970d4518d794fa8d3de,0.1099%,Token Holder,
0xb7b9d1abefde7526fa8f408a69d471779fdbb6b3,0.1099%,Token Holder,
0x85fe5dd60cc870f040a2891aba0b44d01dbafcbc,0.1099%,Token Holder,
0xc7d7189a76a3d467ca7538174df4640d8f6639eb,0.1099%,Token Holder,
0xa579163ceb053f8db4de84ad0e4e2aacaa9b50a1,0.1099%,Token Holder,
0xdbcc97577c433ded3728375a716aa07348516d7e,0.1099%,Token Holder,
0xad5f74c8a676a9fb465cc2e5831f113e2c20466e,0.1099%,Token Holder,
0x93f391674cf7a8b59c41a58243a92e4cb225b19d,0.1099%,Token Holder,
0xeea45c31b0131c41b7c8dc5a4a93feae475a80ca,0.1099%,Token Holder,
0xfb84d29241230a26fd86726875046e5a8bc04cb5,0.1099%,Token Holder,
0xc2a7e908546a57402972eb59e115491975e48a43,0.1099%,Token Holder,
0xeef21e45bf741a93a2b4c3a15deb12c65b0a0e16,0.1099%,Token Holder,
0xa10d37c1e68b14ad0d60a3a74ed8131221a183fa,0.1099%,Token Holder,
0xba79cd9a31b620690a689b43a770a4902f4f7664,0.1099%,Token Holder,
0xcae3069bbb8af78ee37a7cda797fce92424a88e1,0.1099%,Token Holder,
0x2914af76734f4c2e91494ccd551fb9d0c4c5a44b,0.1099%,Token Holder,
0x97ada571168060f308d9c7dd4bdc21b244a030c5,0.1099%,Token Holder,
0x80f319479b90d86356381c36163a5f1704c43039,0.1099%,Token Holder,
0x687aae54a3e9b623a0c8351520aeb2e1806cf766,0.1099%,Token Holder,
0x012601876006afa5edaed3c75275689aa71d8cd2,0.1099%,Token Holder,
0xc65e9c99ea61d78c3fe4e54f63229a69317ed0f7,0.1099%,Token Holder,
0x2057cbf2332ab2697a52b8dbc85756535d577e32,0.1099%,Token Holder,
0xdac9931bccece77c17a7473b2f12e074bd428288,0.1099%,Token Holder,
0x54d9a28ab618310c146c48321a4bc3d5ffd32971,0.1099%,Token Holder,
0xc32eb36f886f638fffd836df44c124074cfe3584,0.1099%,Token Holder,
0x89b5f4c87468a49c8500b52cdbb82068af413b3e,0.1099%,Token Holder,
0x9f9d43a3f5ff532c776e994ffa6f66532b79e51d,0.1099%,Token Holder,
0x8159493f165685e8367264b454024f948012b0da,0.1099%,Token Holder,
0xf2c333a41e74ae3e23feb311e5eb5d4de61af975,0.1099%,Token Holder,
0xd70298a0403155e2cba3c646c03904447c2adef2,0.1099%,Token Holder,
0xcd079cc50bd357795441fa187ef157bbabf90f7f,0.1099%,Token Holder,
0xf0da08cbefb295a9cb320f97df0bee4c2e14a59f,0.1099%,Token Holder,
0xbb4b772668b9db6eff776ea9ee01bab352c5c819,0.1099%,Token Holder,
0x85c206cc64d042ba9ba0717a3d3ea9c28abcedc6,0.1099%,Token Holder,
0x001d853ff9b50d3687d8a32b674d929973e0889f,0.1099%,Token Holder,
0x11a6473c90be897b1d76986e8ee4b3360cc664e3,0.1099%,Token Holder,
0x57e11965feb9f73732fbef1a4fd0b9e2bb70ffa6,0.1099%,Token Holder,
0x16f37d2b80fb1e81c585f1127b693269202f40a8,0.1099%,Token Holder,
0x836b2dbd78f50e10295be5d2a4b93bae640e33e1,0.1099%,Token Holder,
0xb268738b882a4c7ac51e9643d76b06677ff6d4d9,0.1099%,Token Holder,
0xcadbad977451217e16ea7f899f1479d4e123d286,0.1099%,Token Holder,
0x12ea5e79466c93023e0179c258c70cc9e76887f3,0.1099%,Token Holder,
0x54edd12f46587570d5138943b77b93c4d71c35b3,0.1099%,Token Holder,
0x4f67e334b05c0e1d008f6d2485001dea48bea91a,0.1099%,Token Holder,
0x56777e561cff1941d84637f2794775e7c8d64bf1,0.1099%,Token Holder,
0xf58738234646a4b725b6edd57e8fa8a5c7cb315b,0.1099%,Token Holder,
0xbb9103261ddab65ab6c737d29cececf4b4172de9,0.1099%,Token Holder,
0xa90cbece97dfdd567ac10c247847d212d0bc64fa,0.1099%,Token Holder,
0x252521061f8a6cc6d4625d1201448dced67277e2,0.1099%,Token Holder,
0x9745738d711e556d281572e2cfac0d98b0cd8164,0.1099%,Token Holder,
0x2901fbb1cad7697b207ca25cb6241d1402cdb755,0.1099%,Token Holder,
0x9d3e8b8b07a3b332945902bd44f930f95d12b1fd,0.1099%,Token Holder,
0x16f93b03bc9f2e17cf8bd989bff106ab72c73190,0.1099%,Token Holder,
0xb089425c9c078b70cf96cc6051850f37f86b1426,0.1099%,Token Holder,
0x0022442163160b517f36bf08ab80b01a2931df4a,0.1099%,Token Holder,
0xbc41695cfb12227a729c450b87265fea9f2c2d1e,0.1099%,Token Holder,
0xf085548d7bbf66b8731e1a16bd891cad98cb102a,0.1099%,Token Holder,
0x1fe0d4ecb634daf1b4c4c61660945ecf495cd0b9,0.1099%,Token Holder,
0xd6e40d5a756fdac7220ceff0a355cb11b0ddd0f3,0.1099%,Token Holder,
0x1f6c9ab2eec01f9819c6dbe651529442a215ecd3,0.1099%,Token Holder,
0x803305a73d2260f1b199e4ddcf8453d7f5b1c636,0.1099%,Token Holder,
0x995d99a182010e348f9369b7f83f5d7850ae3c9a,0.1099%,Token Holder,
0xf4654c162a256758ded7bc9305333e2f4c209849,0.1099%,Token Holder,
0x128018899d73f9d67925900797ce43f9d9efd253,0.1099%,Token Holder,
0x01d66fd12b22f9c5a30cc9daba4b4961636271f8,0.1099%,Token Holder,
0x611fb14572746bde3330b978d55756eebfc0a6a5,0.1099%,Token Holder,
0x005a0368a2fd30c2afe1f099d8d41b74bd314936,0.1099%,Token Holder,
0x0d4894e2115e0cc0b5d495bbca084f39cfd84812,0.1099%,Token Holder,
0x00f52a1bb69418e0375e047cf029bc24b8e222b1,0.1099%,Token Holder,
0x416136a9187224f1c064321afa6d66f58a15bc07,0.1099%,Token Holder,
0xdc2389885c83cda15d307d0528d3fe54700f2083,0.1099%,Token Holder,
0x4c77da8c4d6a4c890b2df81a29577194b1e54640,0.1099%,Token Holder,
0x7adcde8c56a8f21dc4ffec288f1920f27caa2899,0.1099%,Token Holder,
0x7a450d96a614f4efbf4c48c569bae6d4f727cffc,0.1099%,Token Holder,
0x4b8fbf487336b970b38bccc4989ed2ed0430f518,0.1099%,Token Holder,
0x5ab85c90bee2cba351277b879834e30abaed95cb,0.1099%,Token Holder,
0x1cadb0be87135dcb1ab71b8ce6931c5db5811c8a,0.1099%,Token Holder,
0xa28054babb9467a477fb955a38cc41bfb0d60ff1,0.1099%,Token Holder,
0x61a8f6f850bcafcd43303d2c7e4b2b294b793b74,0.1099%,Token Holder,
0xef24f3eefbd25a2a443ddaeeac1d62136b16cd0d,0.1099%,Token Holder,
0xe2918091b29713d3e2e5d7c00d2aa86601d8cd27,0.1099%,Token Holder,
0x96625d7d3cc17628cb6b500304af7a7351f687b1,0.1099%,Token Holder,
0x9d0b51b04b681b9dcab0ae0958dc99f5ac83d5ea,0.1099%,Token Holder,
0xb5f677209440b44ac268bf832640f0df23091394,0.1099%,Token Holder,
0x9631fadc7d5843eb8071fcb3e84087fafa47794f,0.1099%,Token Holder,
0x9f64ba4c719146cbffb3a3b419c68847f0e9c344,0.1099%,Token Holder,
0x3c88fd0e77eabf9e016cce5affb93f9d4a010cc6,0.1099%,Token Holder,
0x84008dae39d8101857d4142bc2c15ef716d6f42d,0.1099%,Token Holder,
0xb6f52520235fda99d8c7387ac35e6956f5c4c0a3,0.1099%,Token Holder,
0x1615b5e85c2cc9c2d748987c1ef3f4185ed2150d,0.1099%,Token Holder,
0xc34b28bf9128b1c4f7dc28ce2c7b820467751964,0.1099%,Token Holder,
0xf6a2932734812b550e072fa2cef70fd801455445,0.1099%,Token Holder,
0x2856a69ed0410c65d1bfe6fe5054dd2468f53f62,0.1099%,Token Holder,
0xfc67be985610f63a9c814833a3aa38eb34e49626,0.1099%,Token Holder,
0xc02bfc8c96477d82ae78d3212b802c4bfc820f90,0.1099%,Token Holder,
0x5dca7bad26550b04a2d6911ba64bb7e7bdd67787,0.1099%,Token Holder,
0x1a3bfac5416cd52f5b790348503c5025d626e36b,0.1099%,Token Holder,
0xa21c069bda9681f52ebc741435d8f87791e1a153,0.1099%,Token Holder,
0xb699ab999bf2327aa058437dd7684cf719d7a533,0.1099%,Token Holder,
0xba89900c071a2015e49ab7e5c5c523b8a456cd2b,0.1099%,Token Holder,
0xe53f8cc868dc2e0fb1da5bd1b5e6404600a6de22,0.1099%,Token Holder,
0x6bd89a4d478c424198da0ca5ab801d07e48dc3af,0.1099%,Token Holder,
0x775d29aacbc86c87b04f51034c58c1da2ba081e1,0.1099%,Token Holder,
0x9831485669c394b4060097ec56ee79e27682eae5,0.1099%,Token Holder,
0x000077ecaf32c49b2c2d310a21d6c04f179b4ddc,0.1099%,Token Holder,
0x60eb7ed45a41efa664f4544798536b2bd04a6ce8,0.1099%,Token Holder,
0x9a4cb63e919adb3132c5576048ad40ad341171a9,0.1099%,Token Holder,
0xca4a31c7ebcb126c60fab495a4d7b545422f3aaf,0.1099%,Token Holder,
0x4e7a734a28b5a181e35c28dc43c8494b591d4b55,0.1099%,Token Holder,
0xc003a40426eef40e2e39d96e58000d4765b96d5f,0.1099%,Token Holder,
0xc55dc0e0eda10a22a44cf423123b3cd5b28b3c61,0.1099%,Token Holder,
0x989e6f7b443caad1aa1a9575df66ecc7bc4941bf,0.1099%,Token Holder,
0x848822693c5294c03370c0e53129ffed19fdcb35,0.1099%,Token Holder,
0x33be94e6183b3f7fe8f17ef88b49713ff43f8e80,0.1099%,Token Holder,
0xb87882df978df562784b6d1f12390252e1c2099b,0.1099%,Token Holder,
0xa5dad9843a44d7100a28d9ce4089d9ca102b31a5,0.1099%,Token Holder,
0xdcf146ab444bb64f75ad8c13cd130f4723ca30f1,0.1099%,Token Holder,
0x67edbc9ae67dc41806d997b0f4887430f7614f06,0.1099%,Token Holder,
0xc1cb7ef079b77d3a509c585d8255e35af449e44a,0.1099%,Token Holder,
0x9fc991b028bac48008129475eca21cdd09f9bdac,0.1099%,Token Holder,
0x9b9970107af5f21fd55701da2688317ce409705f,0.1099%,Token Holder,
0x599f47a34fcd74c056072dd6cc1762bd168f1435,0.1099%,Token Holder,
0x3e8734ec146c981e3ed1f6b582d447dde701d90c,0.1099%,Token Holder,
0xd12f09752605385b01bc48fb67581dac8f4dd827,0.1099%,Token Holder,
0x1d306b9f342902f52cac349255c3bcc5bd3ed168,0.1099%,Token Holder,
0xb5421f5566733da9429c22ff808b71a9990732ea,0.1099%,Token Holder,
0x2dae14df2b09980d18e937166b427819b9e2ac0c,0.1099%,Token Holder,
0x9539b9e9253136f7a7ebdeb32fc51393ebc3a0a8,0.1099%,Token Holder,
0x4cd35473b99125ec4a028081cec28aa2eb5eef84,0.1099%,Token Holder,
0x0ff0c31a1e2f34d2d1a49cc8c218d77ad8c624d4,0.1099%,Token Holder,
0x5f8fa70df586c67e51fae4a1a0cbabd7335f69b8,0.1099%,Token Holder,
0xbb68e205582f2a055ece804c38af7bab1dd27d75,0.1099%,Token Holder,
0x0282ba1f1c7e3de73ad4c09b8ffe86749a5ac062,0.1099%,Token Holder,
0x0476d8c1a93064d7ec642798c8259d7bc0ea40d3,0.1099%,Token Holder,
0x4e5bc96a7c2fbae37166693144a01a07c48146b2,0.1099%,Token Holder,
0xa267f3a4a92531f47811e05e890e977a0fe375b4,0.1099%,Token Holder,
0xee850a699643ab65eaba61ae1d57d1057edaaaf0,0.1099%,Token Holder,
0x0e488e63d43239957a8f924c5f82eea3fd02b6b2,0.1099%,Token Holder,
0x0ddf33d60f269be3841fb7e66f932015191bd98c,0.1099%,Token Holder,
0x1166974dcc0f2429de00bd013e6c6a585bd47949,0.1099%,Token Holder,
0xe95ce83bf204ac31ba83ae07faddac1039668a97,0.1099%,Token Holder,
0x22f29afed5714156812ecc73491d3f69f3e120f6,0.1099%,Token Holder,
0xa42e844f53911a435913f759e44454092c707af6,0.1099%,Token Holder,
0xcb36fd9bf9e6be4bb1af8e47dbf1f0e120f08435,0.1099%,Token Holder,
0x70359b0d95c8f41c52c59fb1dba6da81fbc8009f,0.1099%,Token Holder,
0x9ade5fb80a8a6bce05ebd6240eae9cabc2e54a43,0.1099%,Token Holder,
0x866c46f9987b3c7663e080f9941f5fb955ac6ebe,0.1099%,Token Holder,
0xcdc3412c3ccd8fed81e4527e19e54779c80ae5ce,0.1099%,Token Holder,
0x2ca14d562bf1ac82e2f385da35e7fc681954ac41,0.1099%,Token Holder,
0x92fb858180d205554376f392f45cb48bcbd90625,0.1099%,Token Holder,
0x0b066c2a2b699823a07ad1ad00ae39bee09e15d7,0.1099%,Token Holder,
0xdff48ee6b71fd8c1f3b788c4f1eab425a37d3562,0.1099%,Token Holder,
0xdc4677fd3a310af854a871ccfb03c56885827d89,0.1099%,Token Holder,
0x36bc1e82857bffdf18ca50627e91f907d9cac10b,0.1099%,Token Holder,
0xe614aeb76c490944e9aa6c81b74e41aae5e24f78,0.1099%,Token Holder,
0x0c26c39988e3dd8d5b1f932878d4eff962b8e60a,0.1099%,Token Holder,
0xfe10287fafdaf98df32e7ec137067ef03b3be862,0.1099%,Token Holder,
0xe92f9a1f7a2d52b4f11b2af3f6897bb647a14303,0.1099%,Token Holder,
0x369eb9ea6d62bbd3689be0a9ca3eef1da4cd019f,0.1099%,Token Holder,
0xd4d21940619007ba171fd8b61aa67baf8c3a7756,0.1099%,Token Holder,
0xd1d78a341fa6c7a52d9a2ff0861ac09e4f00c663,0.1099%,Token Holder,
0xf07f78e03eb9cf5e32654bb92b1f4ae2b67bbe3b,0.1099%,Token Holder,
0xb9e8e3135b87a55e25febc411d2450ea63476bc6,0.1099%,Token Holder,
0xf47b398874262a3d23ea12c739b4b72101eaff83,0.1099%,Token Holder,
0x5e45e36e52712862c15b93957b3963ffb48066b1,0.1099%,Token Holder,
0xe322f916f8de00e1df2a5682df53a06e0dccdf18,0.1099%,Token Holder,
0xd58dcd4594087c2758717a59f44a5ac09db65105,0.1099%,Token Holder,
0x88274e72e73a40d319d9d7b425796542f726cb60,0.1099%,Token Holder,
0x89932cd2453656d7c799b316e56d38c0a93f7d7d,0.1099%,Token Holder,
0x3f097381b6140013aca07243ccbc5fafd9e285d2,0.1099%,Token Holder,
0x45e1a9a299d32fc17aa8a6e4f8830fecdff997c4,0.1099%,Token Holder,
0x1dbe16578ae6f45aa0955e0314568630bfc63d6f,0.1099%,Token Holder,
0x3489f448990c35e2b1dd01123165e45bb6de63d5,0.1099%,Token Holder,
0xc643fd3bfc51c12d206ff7676220278c7f669a6c,0.1099%,Token Holder,
0x0a8f0701df139bb1076a2a7391bb0e9d9f585237,0.1099%,Token Holder,
0x180615b5f71c9acb64fdef02a461b04ac28af8c4,0.1099%,Token Holder,
0x9bc746adc822e3f10f4f3aa07d450e9e1d34998e,0.1099%,Token Holder,
0xcdfc575f5b9d4d0ca3a63ef1f09011942947312e,0.1099%,Token Holder,
0x604aaa4f47b9a6798a0143fe89401ed3da9b0056,0.1099%,Token Holder,
0x0c86262354095fa35a21b58af3e0dd94d0ba767c,0.1099%,Token Holder,
0x67f67e598a378bed54728fe9833c7311556e3a03,0.1099%,Token Holder,
0x749f90c2f42f7184a018ce3743c413bfe4f316ac,0.1099%,Token Holder,
0x4136d88e3d5bc794eece921f9c8855220be9d615,0.1099%,Token Holder,
0x983409ac03b6b5dfd45f895579251aae370ba1d3,0.1099%,Token Holder,
0xb2c33dfdf47f19e9fe4190d0f7b6a01f33f083be,0.1099%,Token Holder,
0xee4c0634dcc7de8d4c5557ef3cff673edfc01f5d,0.1099%,Token Holder,
0x8af273cf28be6131b378949cb2d6899a5a181c4e,0.1099%,Token Holder,
0x5afd301a695e1981f6f1689e33b9529139660a25,0.1099%,Token Holder,
0xd1fd45711b8b1fbcf2e800726f18f59135b6f8e2,0.1099%,Token Holder,
0x6ebc4af1ee327ca974c84a406d12b702f9c7c62f,0.1099%,Token Holder,
0xafeacd56a76ecc95c53766502b9513cfb3af90c6,0.1099%,Token Holder,
0x688a1fc91724beb584355dd231760cda3c5fa4f9,0.1099%,Token Holder,
0x896c46c833cfc0e3645eb2496dee9ed122ab9faa,0.1099%,Token Holder,
0xca6d24ecab16da92e15584b0dc06e2b1105e8b47,0.1099%,Token Holder,
0xb1c0f764f2b9912547b2ac6b98f4c5e652ef88c2,0.1099%,Token Holder,
0x149be6fd6b06c7ef86e311896797d8379bbf900c,0.1099%,Token Holder,
0xa07579547d023c62ab87598ec7099989a3f57e0a,0.1099%,Token Holder,
0x3e353b706ec33ff73af6a3eb96899873bfd4bfda,0.1099%,Token Holder,
0x980596b619b8c7f1dcff739cb82123977c175636,0.1099%,Token Holder,
0x55247b3505cdecaa01f516fdf27741f2820ee387,0.1099%,Token Holder,
0x6e4134bc93a19c789e74bff9b9354c588792ff33,0.1099%,Token Holder,
0x7b9340aac5cabb153b58433d53ab82cdda1927a1,0.1099%,Token Holder,
0xae6ca342387665f4c4879e7326a03080d1b6635b,0.1099%,Token Holder,
0xb43bc33c83ba382cf814746e8914adf4c87e1a02,0.1099%,Token Holder,
0xdbae00e784bd7f25f29ba186e2419d4af66adc10,0.1099%,Token Holder,
0x94e08736426948c5f463ac243416f0473f680b2b,0.1099%,Token Holder,
0xd2e96014d4fa487c251f089f884d5e4ac8d39310,0.1099%,Token Holder,
0x6c21fd6b0b24089aae9205a244bf62c986fbdbb0,0.1099%,Token Holder,
0xef006d5ac08e1c337f89923ded88391d041b1b1d,0.1099%,Token Holder,
0x5d0ce7f68f94b64b234063605e2cf9258d77edf3,0.1099%,Token Holder,
0x49b166e37bdafd48bde3c8a9e9cecdf0d1d5be83,0.1099%,Token Holder,
0x769422551c977a89e2b7f1f2438f1cd26cb5d0c4,0.1099%,Token Holder,
0x496dad6e9a5fd721c662c7f3314f431fc9611f91,0.1099%,Token Holder,
0xcdff92e32aed0ba226a1203c32c0f21400f11515,0.1099%,Token Holder,
0x9bdfd6584e878fdef168614d986ad0e33a88c3b3,0.1099%,Token Holder,
0xed8137edd0ebf724feaa3679c24cbdc5c314a1e4,0.1099%,Token Holder,
0x16378cc5d9190b650d7ff6685aed95787ae93eee,0.1099%,Token Holder,
0x85d8e90a3dbd47833eb5189d6d1648cc1226330a,0.1099%,Token Holder,
0xa91e4bdb30f89819dc01682b7ad04b2071fd0dc4,0.1099%,Token Holder,
0xb9d927f7f5572d3fe32397607f95d06cae5a08c4,0.1099%,Token Holder,
0x14bc3a804b2f7e7d114af71e4e260190af93601e,0.1099%,Token Holder,
0x350cbb6e8cb8424f15d5ee211dffbede125d8268,0.1099%,Token Holder,
0x9320ed7b32db6156e68b8b5d118cc0475c488a57,0.1099%,Token Holder,
0x7442ecc6c7545001fa111b2536bbc1162b01646f,0.1099%,Token Holder,
0x8420b0abeb0293ebea167c6c4f23556781a79ede,0.1099%,Token Holder,
0xf1c5529e15f987f0c6410fc1bceb500a4bd74a8d,0.1099%,Token Holder,
0xe0668fa6fa1d729fb33a319662b6bd4a2b1d4816,0.1099%,Token Holder,
0x0c3a50b75db3970f0220cb07c3f6e39af37762fe,0.1099%,Token Holder,
0xd8cb3f2c57e84c880a247e3576e07f0b6debc278,0.1099%,Token Holder,
0xc821b2112e17e88cf124c5be3e6af817ba23b868,0.1099%,Token Holder,
0xcde40b10adb1d0ef3a45f1259123df96e0006d6c,0.1099%,Token Holder,
0xa46d5cd903dc1f65bdc5821333ed86d7f727eaaf,0.1099%,Token Holder,
0xdbbe0c2aa21948f161156e9153d8e0a19b447b33,0.1099%,Token Holder,
0x34f543a73dcb1a4bcbae71e5dd41fcc1b5c17bf7,0.1099%,Token Holder,
0x53485b878299c79569fc2c2516eeb34c46e0f6ee,0.1099%,Token Holder,
0x1a471f130f319e084b043e7613744d565d735631,0.1099%,Token Holder,
0x1619f6cb37dfef1b629a2b63521a60586f1e8d88,0.1099%,Token Holder,
0xb09f7b2dfe1beb4ff88e9cc1d4aacc4a8f217b0a,0.1099%,Token Holder,
0x13a3dc47800fe94befb51ee774413a46b887040a,0.1099%,Token Holder,
0x49cfe051539eb6626e4483396c32c6283da1b70c,0.1099%,Token Holder,
0x464fc339add314932920d3e060745bd7ea3e92ad,0.1099%,Token Holder,
0x269a799cc7ccae446073143f32ef6713aa4c4c79,0.1099%,Token Holder,
0xa2408bef8e3c4b330c2a85aa1620d78b0ca3d09f,0.1099%,Token Holder,
0x52a9145290023f67d97ba768edaf7e7b4919364c,0.1099%,Token Holder,
0x70c0406f3fdd05cac9170c4c05b4b0ae770310a4,0.1099%,Token Holder,
0xd08df1019607707effe0010d2ef0dd3ad496d438,0.1099%,Token Holder,
0x466bbad82e97bd6bba781b1b8d172d16e1c52d23,0.1099%,Token Holder,
0x8961869e37a296524f76b8c6f04f3a080d8fd824,0.1099%,Token Holder,
0x51b30d14a82df7f4a58560b30645b883488c1136,0.1099%,Token Holder,
0x965153a45891b1e9ab66c6e22f801165e52f8d15,0.1099%,Token Holder,
0x98b2e9bb3fea78b6f2bbb2e289dd11012be79c54,0.1099%,Token Holder,
0x2cd1aae729f93443d823070e1d7e619ddcb2f2cd,0.1099%,Token Holder,
0xdcdc557cc8227f14b0b5823930cbe4da62ac4d98,0.1099%,Token Holder,
0x1341bf5de50014d69bc1322e25a56c0f218d5608,0.1099%,Token Holder,
0x74ee0312f4280fd7510f148eb7995ffaed0996ba,0.1099%,Token Holder,
0x1a4dd864ee15a3a18d371c2f21c1e2a0c16890db,0.1099%,Token Holder,
0x8651982c336eaaf47374e47eb6672cd401aab3f0,0.1099%,Token Holder,
0x23112a5cad83fadc4a50d9fc35eba73fb541cfb7,0.1099%,Token Holder,
0x0406d8dac31533c06423671f301721c1d05966c7,0.1099%,Token Holder,
0xeabc9d0d3e6c63c748a38d1d080653e01a47c735,0.1099%,Token Holder,
0xcadc19a8ba61bed4f2ebc8fa17e3ab68ed59d993,0.1099%,Token Holder,
0x02ff86850820c76973f8099b8a6f9a406b62b65b,0.1099%,Token Holder,
0xac8744f228e8ad986c171cd36b15ba389c95a90a,0.1099%,Token Holder,
0x9155edc011c8345cb63a1fe2808c3b7177fc458b,0.1099%,Token Holder,
0x8bea58c6e0a5d308cb6d6914ccd881afbbe6111a,0.1099%,Token Holder,
0xc3bd7002e8b50e1d53d7ccb53fa40cd6f34dc01e,0.1099%,Token Holder,
0x0a7a5da759ec1af38b01d137740f6a251b9b8652,0.1099%,Token Holder,
0x4b305ec9ee61c0047e7f98915812da6d2eaf3c0a,0.1099%,Token Holder,
0x59430c911f12e942ec630b5b3ebbe88be7d80f22,0.1099%,Token Holder,
0x084d00d1354e0cee8eb951414049be5408ccb57f,0.1099%,Token Holder,
0x5700997df97c833742f1550e88247fff069efe1c,0.1099%,Token Holder,
0xce3d68fa1345b70c5af46e2eb0ff42470ffec5a3,0.1099%,Token Holder,
0x805f8070ed6edbf1738b3e92edf4e29e3a9bf3ec,0.1099%,Token Holder,
0x25fcf2eb2dbf9cbaa1b5a14ee952691d08dbd7e1,0.1099%,Token Holder,
0x97efdbc2f7ab949715eda70f2c21ef59e34e65fa,0.1099%,Token Holder,
0x29d1132f4468f0d133f1e2d08791b83f1c882098,0.1099%,Token Holder,
0x7113a8750548c79550efcb9ed1b29135d4235f6f,0.1099%,Token Holder,
0x8ea068680129613f3fa09dff2758a59bd21f1787,0.1099%,Token Holder,
0x925d29efdfde760f6311ba6b05e1d80b1b8d78a2,0.1099%,Token Holder,
0xec074ad815f6b696a7dc3ef3e418a3e749d1356b,0.1099%,Token Holder,
0x78dedfc5878075088e6a74ae21f3e5f860e71924,0.1099%,Token Holder,
0xa411003c9969f9da1d22de7c905e91df4596e390,0.1099%,Token Holder,
0x3cd3f1dabb66c10a020a9bd269b4dbb56b6119d5,0.1099%,Token Holder,
0x94424b051182eaeeed4bbb972f13626737297e13,0.1099%,Token Holder,
0xc4ad50d0ec4abce7780a90b3437e82a162defb3b,0.1099%,Token Holder,
0xf082280e30cf09ec24c1727757715035c63ab88d,0.1099%,Token Holder,
0xe17de8dca0a53736146b042ad0e575248e815e14,0.1099%,Token Holder,
0x7783ec506ad38f705c08eb438763b7e4423151ce,0.1099%,Token Holder,
0x495165d512a069e8797e9f2eae7adb24ae0c7141,0.1099%,Token Holder,
0x225bd5d2c9016d733cce131987c4d3b90ffd7e05,0.1099%,Token Holder,
0x34c49b21163683049beb28016c5cc2fb06216917,0.1099%,Token Holder,
0x433b587617bfcf7b39d7cac3127c7f6c20089675,0.1099%,Token Holder,
0x3a8a0a3fdc27987c6d6569e8231585c963c1a435,0.1099%,Token Holder,
0x6ff3e568953f6e3dcc167447a97496e924b05337,0.1099%,Token Holder,
0x9ed7e4b1bff939ad473da5e7a218c771d1569456,0.1099%,Token Holder,
0xe40a35702d7ba6d1047067399e586f1c9a6ea417,0.1099%,Token Holder,
0x1d4a9d43435c9ecb4fb3f612f9ac3d036a144159,0.1099%,Token Holder,
0xccaf6880901367d798c0ee9ccaf055525624232e,0.1099%,Token Holder,
0xd7b385ac5ba259843042a2c3c776532e987129b6,0.1099%,Token Holder,
0x82fefbda25c5ecd9f6e10a85b669d98900321afd,0.1099%,Token Holder,
0x834cce5d3c913e5bd3649d96f60b1fbfd2a30695,0.1099%,Token Holder,
0x3bacec5d50329336172c05fe2bfc9278021d92e0,0.1099%,Token Holder,
0x437d1d2f4405d1e9f76e4c3e89d2a3c75fec0b82,0.1099%,Token Holder,
0xeee07dcf68cb4fde1c34d586a2786d4c3d45bb67,0.1099%,Token Holder,
0xe1469a33b9f6360ebdb4ce9e8e0d85a4dd62a470,0.1099%,Token Holder,
0x77b63156ee7f2d344864613a83235dd43502bd31,0.1099%,Token Holder,
0x464c821167faa55178cfa09dbb7ce84ba59991bb,0.1099%,Token Holder,
0x0c093ef6b99554c9fe2dbd2faee75da4584b75cc,0.1099%,Token Holder,
0xfe14d959ad10f862ed3a489c8e9ec9b8da16844e,0.1099%,Token Holder,
0xe23f6f9bb1f91b2ca2f8583340e8e6f5be325a7e,0.1099%,Token Holder,
0x5297dd4fd57de0c246ef03602b808e18ffb8176e,0.1099%,Token Holder,
0x671397a0e9c3728f6c6bc8c6ec3b33f4c1ed7ec3,0.1099%,Token Holder,
0xd9636943d2b66ecbf1a19ee0c4b9ad568e5c71c0,0.1099%,Token Holder,
0x55d96e9eb9f59767b6674c13444ae0f8d8821149,0.1099%,Token Holder,
0x063629a45c27504347e96310cda79ce445da72f1,0.1099%,Token Holder,
0x012f3976c93260f7e4ce1289638278a870b6678d,0.1099%,Token Holder,
0x76614c3eaf4662ec8c298655393360be1399ac6c,0.1099%,Token Holder,
0x8a4024347514dcf3b922a09a9340e78fd272238b,0.1099%,Token Holder,
0xd07c2579a777ab27aa401b5a6adbaa18266533d3,0.1099%,Token Holder,
0xc415ae61a8d37a4e62500ac8650c8010153db967,0.1099%,Token Holder,
0x9422c536a1ee8294c1c1966504050434ac75ea60,0.1099%,Token Holder,
0xdeb9bc9527b27619db786bf0da026d60c6f53c95,0.1099%,Token Holder,
0x18be7aad5531dd08968e972fc72e51310f0471eb,0.1099%,Token Holder,
0xfe1c94806fabd187368a80a13f43dc4f4bfcc50a,0.1099%,Token Holder,
0xfcad996b1dd841914849fde990f4a8db75204c88,0.1099%,Token Holder,
0xd008d9c55622b63a34602014e6389c37b9ce24ab,0.1099%,Token Holder,
0x9973660f7a7202a0df26a7b42b1700e62c52eb5e,0.1099%,Token Holder,
0xbd8f2bf20d8c7fabcd569869fea0f429517531ba,0.1099%,Token Holder,
0xeb2f77bcf9485fb95c6c72705709394ea59c4b73,0.1099%,Token Holder,
0xdab1f984f99f9fcf6f797c0853cda79b63b52e24,0.1099%,Token Holder,
0x09e2ad32007b0820f5a1c052cd87b6f1d6a98e87,0.1099%,Token Holder,
0x17b55a70f522f3f0cff4556f1fda36b15a8c8f8d,0.1099%,Token Holder,
0x8656c2baca4f6828af42cace73665335781c9862,0.1099%,Token Holder,
0x6a8bd1dc2a2f18ae0dcc1a3c10d1bc2611775581,0.1099%,Token Holder,
0x6b5699171de52a9868b3e145887d8860cda37f1f,0.1099%,Token Holder,
0x7d9524906cb459fa94831fc3861e567818c60366,0.1099%,Token Holder,
0x0fb53b4e8bc993a7f7c5ea8796dd64e6c282a546,0.1099%,Token Holder,
0x3b5a8124bf887f76cc8fd700475f8d861e653604,0.1099%,Token Holder,
0xbead8d5fcd29e72fb81ed9514337f7ae48c82fdf,0.1099%,Token Holder,
0xd30b5069b1f0b5c756476f9a7dbb92c4e9a6a97a,0.1099%,Token Holder,
0xd0fab08d559f9d845485d8a42e17623a7f9aa2fb,0.1099%,Token Holder,
0x529096c3065d8a82355bc358e0f2af764c337a20,0.1099%,Token Holder,
0x3082a2d5e0bdaf20cb74d5f27f5fddbdc33cc9a9,0.1099%,Token Holder,
0xdd4cc0d6f63c393680188f6c3f827ea865df90de,0.1099%,Token Holder,
0x49a7381ee5f989caf17385272bf3c297c12cf00b,0.1099%,Token Holder,
0x08608176e1d6ac5be11de8403805d4b339899a1b,0.1099%,Token Holder,
0x23c17b2fe71220daa0a248b51dc0e66a3952193c,0.1099%,Token Holder,
0x00ebbe73c45e48d9246c9480ff617036d9d2e7c3,0.1099%,Token Holder,
0x82f2399502f85c900100063bdd0b4704b60ae782,0.1099%,Token Holder,
0x814e6765e1d5a403bfe27612bb497b4e71ff2c2d,0.1099%,Token Holder,
0xa788e0586409fa4eaf986e24604003adaa3dcc9d,0.1099%,Token Holder,
0xc0571b2cc9b21fefc1460851ab78550d06402bb6,0.1099%,Token Holder,
0x827405450a34bcf2a56b181cfc888be889f244c9,0.1099%,Token Holder,
0x49658cca0147ad8a3791f8df71ae55332fc15448,0.1099%,Token Holder,
0xe77d1d9f32edfef383b3bf081fd64f57eaf887e8,0.1099%,Token Holder,
0x65049e2a1f676ad18d7190f7751bf737767c1c02,0.1099%,Token Holder,
0xa52bcb3d0515913f7c3ea8008692cedf5af167d9,0.1099%,Token Holder,
0x890681c5e798f1a8a18ad9652866732f790d9635,0.1099%,Token Holder,
0x29d931e7c7bed4b59ccd2fd774cde6bcb607843a,0.1099%,Token Holder,
0x045e8bf52dcf70b2c4b267cd783a35f4c66458f6,0.1099%,Token Holder,
0x1459b53c8f62b77367bd1af0364a66d0415cf5c1,0.1099%,Token Holder,
0xb38e8c17e38363af6ebdcb3dae12e0243582891d,0.1099%,Token Holder,
0x945b6cbc8994b3c2cf5eb647721b16dfe1b7c566,0.1099%,Token Holder,
0xe8c11c5e7eb6cf8c7277377fd4fb877f05da418c,0.1099%,Token Holder,
0x322a526b5b1bb3b894ec01a26ec79599b30931b0,0.1099%,Token Holder,
0x794b4508da7c7cc5f0343682e53178d908e64297,0.1099%,Token Holder,
0x7777716d4d176b46cba082cd0611ec61068d5b47,0.1099%,Token Holder,
0x420186e2f62664cc7255e995439882b609b28011,0.1099%,Token Holder,
0x951e7e5b5ca4c96821e6572323daa1b946cf208f,0.1099%,Token Holder,
0xbc8dfc79f13be1e082dc7537d4b33365a9901592,0.1099%,Token Holder,
0x3b09ca99862cd5e788c45dc3d1807180e4a62e05,0.1099%,Token Holder,
0xac1a7ff4c9e36a0aded92332e4fe1d6e0e8eb643,0.1099%,Token Holder,
0xa6120a79573171c31742a393bc479e386258db67,0.1099%,Token Holder,
0x2ccdebcb7f45c1e66c10c8d45e8a68604e153ed6,0.1099%,Token Holder,
0xa12f1873f10993c268cb5e97dba124f3fc977c86,0.1099%,Token Holder,
0x69eeae3a39d5365a93081a3d95ee473ba317ad81,0.1099%,Token Holder,
0xd677cea95e9229a7ec6be2979da8ed68a5a586c8,0.1099%,Token Holder,
0x61b170c07c7f2c8b973a3f12548f7130298813b7,0.1099%,Token Holder,
0xd40637a6590e512981f503217eac766ebdf57421,0.1099%,Token Holder,
0x1bcc3204865146efed1e92c5276137dd1f53e9cf,0.1099%,Token Holder,
0x625ea5306f63ef7f71ba40406ef4c0b064139ccb,0.1099%,Token Holder,
0x19d41a2f3d62aef5f53bc58b427ed4b58ed7aeae,0.1099%,Token Holder,
0x22ca1ab28731d891c1ffc3744a6809fc1d230a89,0.1099%,Token Holder,
0x4a66fd2cff9549149d8d6bd0470341690883d7bd,0.1099%,Token Holder,
0x35225970a1560d06b6f0c94cdf299ae62c6e1bbe,0.1099%,Token Holder,
0xc835091c2e8b3d16f2795d13f459b5b59ce3f30d,0.1099%,Token Holder,
0x709cff9de11e9131bd2fc3298008d4a5854490fd,0.1099%,Token Holder,
0x38f2f419b33bbaa381d8bf293f950323505c77ed,0.1099%,Token Holder,
0x0ceaa3fa269877a0fb194ed383605fc2527eb0a0,0.1099%,Token Holder,
0xfb4e96b1a47d282d12faf801c5f75ce36a4ae18e,0.1099%,Token Holder,
0x387c766ef48185dabb9f0d68f1943396d491e181,0.1099%,Token Holder,
0x41bd857c853fecdbcdb7c9ffcf248dba1ff27c18,0.1099%,Token Holder,
0x7e154dde9e06825840df996a7b2aa99ae7a61112,0.1099%,Token Holder,
0x0e463daf569bae8b297f5c0b9765bf7a9433c6f0,0.1099%,Token Holder,
0xa7465ccd97899edcf11c56d2d26b49125674e45f,0.1099%,Token Holder,
0x3f14add871733420df1caa7c166d260acb8da2bf,0.1099%,Token Holder,
0x73c1ff8781b5728897e550eb004a0d2d34f8d6d2,0.1099%,Token Holder,
0x5f7774da15101b0cff5ef4acf6189b88636d739e,0.1099%,Token Holder,
0x0becebf2c46d45e2fa1ced5a28823f4ff4e1ad2d,0.1099%,Token Holder,
0x0b38575bd4f8d4e65b304c667526c473ff02fb61,0.1099%,Token Holder,
0xfa1afd8338bada6224ee7978081cd46ac7aa0c63,0.1099%,Token Holder,
0xefb28a1f01ee60a3cc96fd5ea677b8485e2ef54b,0.1099%,Token Holder,
0xbdd507f5989011bcf12d65b37cc65c62077b4736,0.1099%,Token Holder,
0x746c6367e970b14beacda3849725116d152339f3,0.1099%,Token Holder,
0xb4f0b39d4f77f37584167b7b93fbb9e94715476e,0.1099%,Token Holder,
0x78e6d347c3820550cb9bb26aea4b43d4df1b4989,0.1099%,Token Holder,
0xeb444662626a7d5055d25b85b1060dd10c72e5c9,0.1099%,Token Holder,
0x29cdf512cea7eb886d3082d4cabe00252d672cc8,0.1099%,Token Holder,
0x632deb8480867ee288802f967b37b3191f09fd97,0.1099%,Token Holder,
0xbee93531f230bd566b99a212262e25f3aa1d5b49,0.1099%,Token Holder,
0x2ce8d5d83b580a3c0f5b96ef1301aed71c0ec877,0.1099%,Token Holder,
0xdd730b0e51e82316c19daaa4b0f39e05a658d571,0.1099%,Token Holder,
0x9646b00f003132ea2fffa9ae78e3b29a5c92674a,0.1099%,Token Holder,
0xdf4cc561e744fb34d36ade7269985992f28bdcb0,0.1099%,Token Holder,
0xda052b33263b26c3172f2a00319b43f68d2fd33f,0.1099%,Token Holder,
0xfdc3d8562a6f20faa6a3575267e1d8d25c57fb0e,0.1099%,Token Holder,
0xca71bfc3f2dcf50f7a6e978b3c9b8514875ee605,0.1099%,Token Holder,
0x53f0dbf2dc4eb79b1844f0def6a0cd9fe94d401d,0.1099%,Token Holder,
0x3dba084220d8d70ca0aa6061cde06353e2d03db9,0.1099%,Token Holder,
0xf6c4fcd48379824632e9cb9cc25a87b686164360,0.1099%,Token Holder,
0x664c556f541066791cd50bfe290d70947bd33989,0.1099%,Token Holder,
0xf3e8d03b200348308db705934f6ed428b8f289dd,0.1099%,Token Holder,
0x285e3729b77197a191476ad26cbc8aa6e25e5b26,0.1099%,Token Holder,
0x9b1cf5d21fbe624dd507e64122f40defafa55fa4,0.1099%,Token Holder,
0x1b35fcb58f5e1e2a42ff8e66ddf5646966abf08c,0.1099%,Token Holder,
0x3971c8798bdd4bf92f2ef5f2746bc23a9f23299c,0.1099%,Token Holder,
0x8aba1ded2952688a0853b8299a19ef57381d4078,0.1099%,Token Holder,
0xf3f622bd027869cf5788e025a658dc39b7eceaee,0.1099%,Token Holder,
0x53a41459ff534c45eca882c4718aceee30cd16fc,0.1099%,Token Holder,
0x3a6b7cdaef5d67fed5d470c94006c2197924f1c1,0.1099%,Token Holder,
0x6634131675f8c6532158edf7ee5adc03761dab21,0.1099%,Token Holder,
0x45677f50b04a38d311ff6e6415f1f974527a0bd2,0.1099%,Token Holder,
0x88a15ecb2e543ff908722bd2a7607061d660bb27,0.1099%,Token Holder,
0xe4a4f12bd8665e6336658a1dad1999bc6c6cc1ee,0.1099%,Token Holder,
0x327dfb7ccc67c22dee023b98fe2a9e07144bf281,0.1099%,Token Holder,
0x51b13c2373ce18a21166cf761b7222863ca9026c,0.1099%,Token Holder,
0x07c4897471789404d859103b522e8ed10f7718a6,0.1099%,Token Holder,
0xfb70873a658edc89e814dbac0440e5a8c824544a,0.1099%,Token Holder,
0x83f919012a3e769f18b58a212fbe904e66d2f2c4,0.1099%,Token Holder,
0x6451c09d8080bf7f85844559ff0e96b484a4bfc0,0.1099%,Token Holder,
0x2d784b0f4c67daf650ce5f493eb2cbc9bef84d5d,0.1099%,Token Holder,
0x802e98ca2d7d0d49bb095fe0209470eed6066022,0.1099%,Token Holder,
0xbd10b7bf92781a1d387c617d3435795e86fbdd44,0.1099%,Token Holder,
0x7b67315f2680dc7590b9a2df183b0da0078aead7,0.1099%,Token Holder,
0x865829a1f3bb09cb9c78fe7db14878c230aa6dfa,0.1099%,Token Holder,
0x98be5887ce6d049859fbf16731dad551b777aa0d,0.1099%,Token Holder,
0x126c25759505cfe1f862ddcadfe9d0ed75b521af,0.1099%,Token Holder,
0xf13f7bf69a5e57ea3367222c65dd3380096d3fbf,0.1099%,Token Holder,
0x43cc59434703418883ab6a0959724eeae3ef3817,0.1099%,Token Holder,
0x8b8bf6d7fb4e4f3c02231ae0cb77f891906b68fa,0.1099%,Token Holder,
0x96e66c46865703f3e56d738ad86b8bbb6f2d2536,0.1099%,Token Holder,
0x7d9c3d8dba0f28b85cc579cd0156795ee76fafe0,0.1099%,Token Holder,
0x4b7218eeda68363c866d83f661c89e69b53d51fb,0.1099%,Token Holder,
0x290681be1d6f30897a5634f374aa4955f1f60119,0.1099%,Token Holder,
0xf24e3dba424bc1e7eb1b5d44f3d8ee0f590af622,0.1099%,Token Holder,
0xb2e5c3ee488b3a1910cd667bd81e647910e068b9,0.1099%,Token Holder,
0x58c3f7062077e668a681f3c90c350b0899e31d2f,0.1099%,Token Holder,
0xecc1b39f3833a5e31eda8346416259d974b2f384,0.1099%,Token Holder,
0x5b29e11df0cea32f89332929933a803cc4c5741d,0.1099%,Token Holder,
0x4b1f29c09f09b68525f367282ca7af29a02b51f0,0.1099%,Token Holder,
0xbd9fe988fc0bd239a7e6c6260a7aadd1375c40f4,0.1099%,Token Holder,
0xae9162263b4d63cb58224da77d7c538280036269,0.1099%,Token Holder,
0x5aaa4b5bf9c2e6c194c1155b33ef7a4d257625b7,0.1099%,Token Holder,
0xa6efd73f926cd1efd239c6baf3c0b14c49c6ec35,0.1099%,Token Holder,
0x94c4cf401ccbe71505156d80e635cb4bbb19ae86,0.1099%,Token Holder,
0x2d37d00014a58e87cb0da86619f37b95f1134bfa,0.1099%,Token Holder,
0x4a1b6a8aa1b47b5f4059fdf8427dd0e4776bef6c,0.1099%,Token Holder,
0x92cd544c06c7e9240481edfa9bdcabfe274dc2ea,0.1099%,Token Holder,
0xe8176e7f80845bf155cc02c26899344c0ebcaeb8,0.1099%,Token Holder,
0x71d87677ce7d29340bc8aad51e48cbf3ba4b089a,0.0977%,Swap Users,
0x5de6076da4dc74461a19b4a3191b72323c4f977a,0.0977%,Swap Users,
0xbea0a09629468e28411da176137c22ae70e20800,0.0977%,Swap Users,
0x269a799cc7ccae446073143f32ef6713aa4c4c79,0.0977%,Swap Users,
0xf2469049bd5216b4c2bd07fe1fd4daa9f03b2611,0.0977%,Swap Users,
0x018628201a1f87e18ab2d0a05c59bb54d268740a,0.0977%,Swap Users,
0x847a16b5de0beccd1b06810d83f50854bb418b67,0.0977%,Swap Users,
0x3a32cc33bdf4898ac1dffd0fb551ad77acd63680,0.0977%,Swap Users,
0x900fa54a3c93c10921fb816f046d9dd179783235,0.0977%,Swap Users,
0x5b622a253624d23cbaa59bf6aa69b2848a3e8537,0.0977%,Swap Users,
0x3938e47a1abec4debbee3c0cf98117d8b38aef9d,0.0977%,Swap Users,
0x9be77ec1e4156d050cae5c17bb9fc255686a71c7,0.0977%,Swap Users,
0x0022442163160b517f36bf08ab80b01a2931df4a,0.0977%,Swap Users,
0xcb91078f3b85832e6e274d0c14f0d978889bb8d8,0.0977%,Swap Users,
0x664c556f541066791cd50bfe290d70947bd33989,0.0977%,Swap Users,
0x5816d12a4d984b06b9e47a6ace872aee944cd383,0.0977%,Swap Users,
0x19d41a2f3d62aef5f53bc58b427ed4b58ed7aeae,0.0977%,Swap Users,
0xa9df2dba01a988ec45b03774420cefe6877f000a,0.0977%,Swap Users,
0x67edbc9ae67dc41806d997b0f4887430f7614f06,0.0977%,Swap Users,
0x432666b398449ede10895033ed79363fb445c5f6,0.0977%,Swap Users,
0xbd8f2bf20d8c7fabcd569869fea0f429517531ba,0.0977%,Swap Users,
0xead3b6578c71117526a9c972c0932c446320cfb0,0.0977%,Swap Users,
0x6eed58ec66f8fa616175569903b80c1bbc23b2b8,0.0977%,Swap Users,
0x32f812be98b36180d3d3758659c19a8c8804157c,0.0977%,Swap Users,
0x4a395b0efc9907a195c81564c10a985c7e9f6a15,0.0977%,Swap Users,
0x22afd2bf6baf87637503801182358231c40781f8,0.0977%,Swap Users,
0x1762d2ffc79a36c06648ee8a1875ec6de1e19cdd,0.0977%,Swap Users,
0xdf739af1fba2b87ee33ede3cbf31e9b7f9483c0a,0.0977%,Swap Users,
0x303fb40aa5ba9558ee8690f7ef3883395f633fac,0.0977%,Swap Users,
0x4d7060bf9c0d3ae00a1f478e5656b751418d1fd1,0.0977%,Swap Users,
0x50ec532f9e126abc221b251243be83057a8f38b5,0.0977%,Swap Users,
0x0407c2e7e5319721342f0a8d5c022aa6bef190c6,0.0977%,Swap Users,
0xf4792c2a7ed512439b120ac24d314fc5baa0f2c9,0.0977%,Swap Users,
0xc6caaf025c30290843ac3a43f83a29afe7e0f041,0.0977%,Swap Users,
0x4a9542b1863dd6839be089ad100dce1a8de33605,0.0977%,Swap Users,
0x1269c00a2e5551caebb29386442cba25484530e6,0.0977%,Swap Users,
0x8f6b8618423f5dc89963fec0e0ab2f461e8a9613,0.0977%,Swap Users,
0x0751da33776583a490deefb28bbd28b560f56ba2,0.0977%,Swap Users,
0x19353b121763b2ca5c989e4ba4d1ee8fce8ba2ca,0.0977%,Swap Users,
0x0c79ec35e5623e35f07a0b4022a05adc7a16e7e5,0.0977%,Swap Users,
0xc8fbf4d01d0458d7d80c972e7f0dee334ca68e55,0.0977%,Swap Users,
0x7e685924323ca13814c9d2a7c7c39f9f8e7e13d8,0.0977%,Swap Users,
0x5686d0d1eb208db5831a75e09335a4d361794ef9,0.0977%,Swap Users,
0x68f550b57399b38cf9cd465f749c2ec10a193adc,0.0977%,Swap Users,
0x051a3190c9342211eb311723b23b8c7cbd7b5a5d,0.0977%,Swap Users,
0xfd299cae09474a66147d2ea9eb97714723d6d033,0.0977%,Swap Users,
0xee95a199429198395d84174db1fb93a8182507b2,0.0977%,Swap Users,
0x7868bfe3d4ff949e7fa8e2205758e060af90cb12,0.0977%,Swap Users,
0x061bd74ec4bee599ee86f8587bc5b85a814d25d2,0.0977%,Swap Users,
0xf84750ae307d6692daf2c9819dc8b2016f2889a3,0.0977%,Swap Users,
0xa7f576143da62b5ff40db979fe50c1cc58691574,0.0977%,Swap Users,
0xfb300601f4dc9400d663811270ce735568a313fd,0.0977%,Swap Users,
0x17f490f2e8f4d266366865857e1034033bd7f7a6,0.0977%,Swap Users,
0x71deaa650fb7ade3e3e5916357146ceccee4a575,0.0977%,Swap Users,
0xab5f6304bcea13941049aa11f48fef7f0723a5dd,0.0977%,Swap Users,
0x32a180a6624d0679d647da51353cd158ed2dd094,0.0977%,Swap Users,
0x6afbabd050ee883a2e8125d367e5f7f410172e57,0.0977%,Swap Users,
0xf49e991c0c570ae60daaaaedc2baee6bc0bee84a,0.0977%,Swap Users,
0x6dad4f2833a0bd00ebc3e155f22b89f9b73e8da5,0.0977%,Swap Users,
0x2d818754c7abc57992dc1cddb69b3b74ef3c023f,0.0977%,Swap Users,
0x6f723c97f649f48736c39da00727ce8cfa998319,0.0977%,Swap Users,
0x583ed52a064dceed0c4f15f444885eae32e6ca58,0.0977%,Swap Users,
0x67f67e598a378bed54728fe9833c7311556e3a03,0.0977%,Swap Users,
0x83a9e505162208e93dc74d52e784419d196ebdb7,0.0977%,Swap Users,
0x951e7e5b5ca4c96821e6572323daa1b946cf208f,0.0977%,Swap Users,
0x80cd0d64abd90e475ba6c381e14f6504cb28a1d6,0.0977%,Swap Users,
0x1dafd1f41fa01c75920a370b98a377ca74e734e6,0.0977%,Swap Users,
0x5f9c001295b096b456999026f69a81d83f84679c,0.0977%,Swap Users,
0xca2dcc830c51267f5a602e572fb7efa19a08fa59,0.0977%,Swap Users,
0x2cb309148552ad5deea5020ff4c45e6fedd53847,0.0977%,Swap Users,
0x8c7a990d8ebdf3f3fe16bef15c05bf5aed71b92a,0.0977%,Swap Users,
0x2d6c25b761adcaba2f20a1856f3c327f422e356f,0.0977%,Swap Users,
0x47c2f4e9ebfc656cd19ab503bf41ad17966c56aa,0.0977%,Swap Users,
0x4264b02678875059cb429555a533713ee729f721,0.0977%,Swap Users,
0x27166bdee95a5296c26a423e7a08bc0bcfec4f9f,0.0977%,Swap Users,
0xe05e6280e61f67d70afb2e3ed530aeeebe0e22fc,0.0977%,Swap Users,
0xadfaac36f0c3688b5b669454c44e148417d63b7f,0.0977%,Swap Users,
0x368e096e4e662724f25e68fe65f1e9ea70032667,0.0977%,Swap Users,
0x1e6d98a8c2e119961972ea83dae41151dd2783a0,0.0977%,Swap Users,
0xe3f5ebab783b3284120add823e99f07efa724742,0.0977%,Swap Users,
0x8651982c336eaaf47374e47eb6672cd401aab3f0,0.0977%,Swap Users,
0x2c152d20d611f509b44f7c51431947920fd3f93f,0.0977%,Swap Users,
0x487b4705d624b1ecbdc490fa0d645b7421e7c8a4,0.0977%,Swap Users,
0xc58a6ccf9655f81bc2b57fd979cc340e963c0a16,0.0977%,Swap Users,
0x03b7e53026b63583997d468b14f808db148f8b87,0.0977%,Swap Users,
0xbc0c8761f2b093ba910cea4e0c9ac3700d3bde73,0.0977%,Swap Users,
0x9a2e68864fc5890423d0dc78e7d6e5adbe417a42,0.0977%,Swap Users,
0x0cabfde55cce1c03546b893c1c0018260df93e32,0.0977%,Swap Users,
0xdae4c4fe9fe03dcca778e290649b4e49a50ee6ff,0.0977%,Swap Users,
0xa0de15e9736c296730bcf6bd182638bcfaa83688,0.0977%,Swap Users,
0xcbb2942037973d54376b61297f77abe461add1ca,0.0977%,Swap Users,
0x896c46c833cfc0e3645eb2496dee9ed122ab9faa,0.0977%,Swap Users,
0x064e289f37f451ffaad8a800bd6e202747b5713e,0.0977%,Swap Users,
0x42cd2472351ee37e71c7a7ad5e341883d4d8c9c0,0.0977%,Swap Users,
0x50eb42fe63fad9cb6c1ed585ae8951b3a6b0fc24,0.0977%,Swap Users,
0x4fbb66c80c879478759037a7e2eeda49ff15ebae,0.0977%,Swap Users,
0xfe821641646058b410a21790fe8cc14a221f646b,0.0977%,Swap Users,
0x0a629594754da55f3f5a4d37b267e6d618e39b10,0.0977%,Swap Users,
0x093d6698757f025dcc8d717de4bcafab1c5dc2fd,0.0977%,Swap Users,
0x8f96fbcb659a23d851d19dbefe180e9752862e96,0.0977%,Swap Users,
0x12cd86d2214c95f69bf499f7bd6ee6225163989b,0.0977%,Swap Users,
0x7512f108f81278de1239006a3fb20907cf5c818f,0.0977%,Swap Users,
0x08e8f849f3ac57b9ad3a9f651948c4a7ac26f444,0.0977%,Swap Users,
0xb88f2cb7cd9d4e6e9b2367df43f879c93b526528,0.0977%,Swap Users,
0x33d5f49a10ede5f3dfca47c7b90de0f4122a5c08,0.0977%,Swap Users,
0x625ea5306f63ef7f71ba40406ef4c0b064139ccb,0.0977%,Swap Users,
0xd9bf4d6bd7bbceb3691059103cd8ae77433e6885,0.0977%,Swap Users,
0x473a17e00cebeda446d43b1136e8ee9d122ac249,0.0977%,Swap Users,
0x53c1d052324fe664dfe22d62471653e74d0a716c,0.0977%,Swap Users,
0x98b2e9bb3fea78b6f2bbb2e289dd11012be79c54,0.0977%,Swap Users,
0x1e2ad40918bccd84e0506db4d06490bdf82cbc32,0.0977%,Swap Users,
0x7e154dde9e06825840df996a7b2aa99ae7a61112,0.0977%,Swap Users,
0x903b473899b9868801f6b8b893aef02a01445e7b,0.0977%,Swap Users,
0xecc1b39f3833a5e31eda8346416259d974b2f384,0.0977%,Swap Users,
0x792487d2f1819fb7609494dfb08af30ccf31bd78,0.0977%,Swap Users,
0x9069327b5bb6343ec7b365be7b39644e27d3ebe1,0.0977%,Swap Users,
0xfe828e5094c63f819fd0429b47873e356ae6f0a2,0.0977%,Swap Users,
0xa3c88588e44aaf3cbf8b04ecdb9dd2aea461dbb9,0.0977%,Swap Users,
0x6e7ce350d0f597c6c505ea5359f3795e92b6c35f,0.0977%,Swap Users,
0x50272b19f924baae725c69ff948653168980a1b0,0.0977%,Swap Users,
0x42ffebeee141cb1b4ea0a3a59c1637d4adc181ed,0.0977%,Swap Users,
0x543ac8338ece606b4a19eb18a36c1e2a48a8a0bb,0.0977%,Swap Users,
0x97c8925ba3c1ee3c4378e04e900abe1f6dfa9b66,0.0977%,Swap Users,
0x22392c08927535ff2ead400d34fd72d32626018a,0.0977%,Swap Users,
0xec17ce8e9def52c3b464cc9546b20993eb9e4910,0.0977%,Swap Users,
0xbaed31423c928f00072b422ac166bbdb25b0528d,0.0977%,Swap Users,
0xe42f9689db92eea47cc2fd6422f7df2320e18836,0.0977%,Swap Users,
0x8b51875ce52f8257d6316cc9e530b60687929fda,0.0977%,Swap Users,
0xafdc477f80e720644ea673a0c018b0212fcb85ff,0.0977%,Swap Users,
0xf6b7f0340c79f5808c8925d24b0ad8dfe8e36a0f,0.0977%,Swap Users,
0xab6f0d78820a5c1818c51956538db0275398e669,0.0977%,Swap Users,
0x001d853ff9b50d3687d8a32b674d929973e0889f,0.0977%,Swap Users,
0x47a20e51e26d08d276c9719809c01bcf0841ca96,0.0977%,Swap Users,
0x6c41cc2c4ed1b9a42ae7d4a175ce130cbac90de2,0.0977%,Swap Users,
0x1a2923d39f11f4b0a47bcdec29b30ec273da0932,0.0977%,Swap Users,
0xf60368aa1d1b52366944206ae6e588d8dd275199,0.0977%,Swap Users,
0x765b11090e2a9e5789ea6cca20ee81f9e6c42fc2,0.0977%,Swap Users,
0x5a327328b6afd60fc53d8011c7ddd19eaab96b54,0.0977%,Swap Users,
0xdeb6aa85bcd0e0869fde8cc72ab355c6bcd79e58,0.0977%,Swap Users,
0x5f0314b5e34e24dcd1a3cf0a7906382ec456c5fb,0.0977%,Swap Users,
0x7d7b4595e968f62833175a3218c3e754158bd2dd,0.0977%,Swap Users,
0x293bf5b747276353d38d7055791d723a7eeb3ff5,0.0977%,Swap Users,
0x010358b8bc6244586b95c23b98ee6f7363e75c54,0.0977%,Swap Users,
0x0820a6da0a64a0b5247f411524fd66f7d4bca569,0.0977%,Swap Users,
0x651afa45bc14f7e074cab1ecb6954e9a1a84ad94,0.0977%,Swap Users,
0x6e1cc43d1259cbfce36bcb08855566c14085d4c2,0.0977%,Swap Users,
0xbb8fb8fe5198f25d117c0e7b1b9c8260cb19c3c0,0.0977%,Swap Users,
0xfa84fc49e3aeab19eb3d23724a4489669c6ba386,0.0977%,Swap Users,
0xf4b40b20572d117ead7b5ca3c7eff7d3cbdc4067,0.0977%,Swap Users,
0xfcd68b7e08880481ab927603c09c7b103504ccf2,0.0977%,Swap Users,
0xb9a36a32a467be0155793c92f177fee9ee1fc27f,0.0977%,Swap Users,
0xd46a53962a4724cd983718971a103d0ea1cc1912,0.0977%,Swap Users,
0x8efaf6275af82561f765750430c21700c20e8004,0.0977%,Swap Users,
0x63e10765c0ba977e070c73c833b240cb4a5090e0,0.0977%,Swap Users,
0xae3a62afa32a4b6d897b27a0fa7fe1471dd3ee18,0.0977%,Swap Users,
0x85b2a3fde0fe1e5af6e47ffed9661ee683baed82,0.0977%,Swap Users,
0x31682e07065146ca46f855ef02b88ec1b71e10d8,0.0977%,Swap Users,
0x00cdebc042c87c95e439e1aefa0bd3a8014da577,0.0977%,Swap Users,
0xa681b8ade97554030760b8d0e7bce39731990ec4,0.0977%,Swap Users,
0x50e6414218d05dd90b582ef46e2a3ed222f124d3,0.0977%,Swap Users,
0x93671d77037666bd215deeb97287ee20c4b8deca,0.0977%,Swap Users,
0xa579163ceb053f8db4de84ad0e4e2aacaa9b50a1,0.0977%,Swap Users,
0x3a6b7cdaef5d67fed5d470c94006c2197924f1c1,0.0977%,Swap Users,
0x5ccab2a72ab7dd7360853356e4bd9b0ead6ae953,0.0977%,Swap Users,
0x66683eb40079fa5043f5a7d258914df1af0d9a31,0.0977%,Swap Users,
0x20a8aaa58ff4d6aa93ad4a57dbc58d7289bb834e,0.0977%,Swap Users,
0x0751bbdb17a634c88dcb91251ce0e38fc8fafbd5,0.0977%,Swap Users,
0xad4d711dde4813a6cf2480eeb833443b5fa1c952,0.0977%,Swap Users,
0x81ed40511fa176364e022ba89aff568b5238830a,0.0977%,Swap Users,
0x84ff5b0a8162e60afc599ad98d7209eeb36a6a14,0.0977%,Swap Users,
0xdd1ae861dfa578a25d203d60fd4d6974a8bfbc5f,0.0977%,Swap Users,
0x89b5f4c87468a49c8500b52cdbb82068af413b3e,0.0977%,Swap Users,
0x61f6d8a42c4f3dd4fb2376adaf912a619b47ba97,0.0977%,Swap Users,
0x2ab5a69dfa6be7b0e79d9744f2f7a4cb3210668e,0.0977%,Swap Users,
0x746c6367e970b14beacda3849725116d152339f3,0.0977%,Swap Users,
0x9d3c53321cfa9d08660ad32e09c7ef2625b16e67,0.0977%,Swap Users,
0x7e22a210dfde5d38cf9f0573fdd7d3a5ab0ad9d4,0.0977%,Swap Users,
0xfcea6d3f44c387d756ead0eddcea216e9eb06740,0.0977%,Swap Users,
0x51b13c2373ce18a21166cf761b7222863ca9026c,0.0977%,Swap Users,
0xee4c0634dcc7de8d4c5557ef3cff673edfc01f5d,0.0977%,Swap Users,
0x5434007fdddb0ef8c772ab2577d44794c8e06600,0.0977%,Swap Users,
0xaa8634bf72b4776a15bc674fae5f8ddb397a5475,0.0977%,Swap Users,
0x1e0c8e0fd847c5815c9acaa5ce7fc07103bd5f1d,0.0977%,Swap Users,
0x6f42b80cad745032a755e43abb1e63ad087f62b2,0.0977%,Swap Users,
0x3e03f3eeb9ea9a9a5960e362fe87f08eba0ab8d4,0.0977%,Swap Users,
0x1b6907828b602a92c5596e125f4c46c3465a44ca,0.0977%,Swap Users,
0x9c00833cba0159f36b5b08a36d2678621d6e86cb,0.0977%,Swap Users,
0xb4c272bce45301248eda0a01f40e5a46872f8140,0.0977%,Swap Users,
0x1296775d687892e92fa263594aae83c8d9341b08,0.0977%,Swap Users,
0x3425b7e0e24ef5f7a9167125d5fb67c66ad67f30,0.0977%,Swap Users,
0xca119907cfd60c35e8eedcf99b1db01ef8c179aa,0.0977%,Swap Users,
0x8956e0a5de4fadd88d7be66725c6517baa59d4d3,0.0977%,Swap Users,
0x885d2358ad616f0bdfffe802b8b187ae1d4de12b,0.0977%,Swap Users,
0x7702dfdbb1e98c5ecf4c5d874798a5ce276a9545,0.0977%,Swap Users,
0x82fa9d7a5b944bfa392afbb0e07a62a8cabc1274,0.0977%,Swap Users,
0x189067d31c7eb75daf49a6f410e567c24c740c98,0.0977%,Swap Users,
0x480508a4c8ff85fbfea6404343f73c0a70a3e9c8,0.0977%,Swap Users,
0x237eacc76f23a6eaa37ed6230fe0e7c44bb1f833,0.0977%,Swap Users,
0x8d68307d410effbb492ea0458a8bca99d0b12c61,0.0977%,Swap Users,
0x595095acbc628473ad817e58a3a79ae861f8848f,0.0977%,Swap Users,
0xe37cfa29ee77035c058a5568e4fe355068adf35e,0.0977%,Swap Users,
0xa14f582c059c8170ef6406f766f1ed84a7c47227,0.0977%,Swap Users,
0xefaf4d0841ec52a472e2dfa4819ea3bbc5ae92bb,0.0977%,Swap Users,
0x12ab38258a361039fc8143e0ace9d6fdad0eddaa,0.0977%,Swap Users,
0x79c0281f8304ee49e937dea4dc5f4cd4e95bd8c9,0.0977%,Swap Users,
0xf8828705826e11885b8a6a9daa66afa88ea35e03,0.0977%,Swap Users,
0xddbd2b659463a08ae685815da6ec93ca1a7d15e1,0.0977%,Swap Users,
0x3150bdcda1b41e0f2a550955839f6b2c723ad0b7,0.0977%,Swap Users,
0x00915816ec18012bfae833b4694434d32b772666,0.0977%,Swap Users,
0x40e794f5e644be6d0260ac5c15f07b790b7205f3,0.0977%,Swap Users,
0xc60a5723f31c92e8685456273495f98f9fc48c08,0.0977%,Swap Users,
0x76f877df4a75ad46ff479609cf7e3e9e4dd9bb7f,0.0977%,Swap Users,
0x3d141071d9cd15baf8c7fc88292bb957b8f24132,0.0977%,Swap Users,
0x07348d772a586335f4408801eb381f85e1d033b3,0.0977%,Swap Users,
0x7e5955cbd55589c41be50607837130a6cd313f97,0.0977%,Swap Users,
0x85f161e0d19e13b56e4118f2eff6f3347e7209ce,0.0977%,Swap Users,
0x1d1f66cf22f0534a26a983ccabacdb00d29a3999,0.0977%,Swap Users,
0x2604c237dc9d9f19a135409d12d5ca44b33ca71f,0.0977%,Swap Users,
0x63af1e73a2dfd713269b24ae2a2078284016e453,0.0977%,Swap Users,
0x1a58ce6fedb637493887c0b9068cd5fdfc794e6c,0.0977%,Swap Users,
0x1fb8aaa7f81659d21bbcd9c627cc02e3b36519a2,0.0977%,Swap Users,
0xadaaf80700a9024540e8cfb402b5e8f4517e2d26,0.0977%,Swap Users,
0x54dfbf75170c881328392207cf9b337da521146b,0.0977%,Swap Users,
0x84ca225407373a41bfd7d9643ec16628ada16b7d,0.0977%,Swap Users,
0x1aa4a66ef0cfa99ca9d39fdad2b05489744c972a,0.0977%,Swap Users,
0x9f8f82461b855f95c31f0065e2522a9037872b85,0.0977%,Swap Users,
0xce152b6fd4d1ec92531b0f198c6331897cc7f50b,0.0977%,Swap Users,
0x6227f2886bf1c157c2320d67f9445667ce0c0bc5,0.0977%,Swap Users,
0xf024313c594802bd668a852f6069635b22a22ccc,0.0977%,Swap Users,
0xe4cb6b3de1e32c12822ac8a8c7678077c7e6831b,0.0977%,Swap Users,
0x968a8039e7559f2ea91bb87ec1025885d30907f2,0.0977%,Swap Users,
0x8809dcfe11520f15232ac302a9751ada36cadbd3,0.0977%,Swap Users,
0xeea45c31b0131c41b7c8dc5a4a93feae475a80ca,0.0977%,Swap Users,
0x3ef33860dce0fc404be25be2caf115def2bffd6c,0.0977%,Swap Users,
0x97fc44ea8294b7c0c4403df309f6bb769c35624b,0.0977%,Swap Users,
0x170906ecf23fc9a0cf77605e525881a6e9ee24c4,0.0977%,Swap Users,
0x27d3cc0dc020c3f9658c88e4b68ae21d81595083,0.0977%,Swap Users,
0xd2ef10da66727627c68bed148e881c923c1baa77,0.0977%,Swap Users,
0x740748ebd0570c027550bb7999748a2abc50f063,0.0977%,Swap Users,
0x9267cdf056c5b150f03ce5207b4cae07c7751dfb,0.0977%,Swap Users,
0x261372a7bef5c24e0fabf4a4de1b11bc5859651e,0.0977%,Swap Users,
0xd100464c30f70a7017593925c3fce118bd3bcc3d,0.0977%,Swap Users,
0x35d5125ef3fa1df5bb9cb3cdc6e3645867771f4a,0.0977%,Swap Users,
0xa97a8a473c3f1e903b4dd1cfc42a3bc404acd6a5,0.0977%,Swap Users,
0xe82ba16062c6c5a6a626e1ff77b3072f5336dff5,0.0977%,Swap Users,
0x44af8e25fd8fd68dc6cf3823c4e9fb6299f3786d,0.0977%,Swap Users,
0x830bc5551e429ddbc4e9ac78436f8bf13eca8434,0.0977%,Swap Users,
0xfb8b0ca9190dc70dd9435d79e39514b8d506ab59,0.0977%,Swap Users,
0x4eed05d01090bf1dd2f959b110bbbf7d105870ac,0.0977%,Swap Users,
0xcbd425ad128d10b74d7a1db429d0c6efc55933df,0.0977%,Swap Users,
0x43e65f8116174d1c38eed3545d21fc37ea34b565,0.0977%,Swap Users,
0xe6d3474310ff037f3788a233a7526eeeed93397a,0.0977%,Swap Users,
0xf2ba21f88170a611407b576f7d3635363937465f,0.0977%,Swap Users,
0x3fd361ee2662d08fabd4feb39348c11f2eff7f53,0.0977%,Swap Users,
0x1bf007bc6e5aada4b88a40da36def98a29e97ba0,0.0977%,Swap Users,
0xd9d860a621535087e5dc4db775ad723630c34c75,0.0977%,Swap Users,
0xf97ed3f83db35eca0d834d1e23fda29c93632ba5,0.0977%,Swap Users,
0xe15ebb6573496fd6860f7194285375fb94c9a7c2,0.0977%,Swap Users,
0x9f3e6825d3677f0228153f01da1da9f9a856d688,0.0977%,Swap Users,
0x9cc6250f9cb6707aedaf07f989e9ee3fe73b7301,0.0977%,Swap Users,
0x2ee901d6aab21aa32e50ad15779201c2d6637092,0.0977%,Swap Users,
0x57883c33407262aa1ede89565163f59fa25a35b5,0.0977%,Swap Users,
0x8d77a75f67a509d6fa838eb40137a6c05b63e115,0.0977%,Swap Users,
0xf73f46316ede635c490077bd9ce0f20caccc5d4f,0.0977%,Swap Users,
0x2434a54c54aa6b6d02a03ce931cc407695be61e8,0.0977%,Swap Users,
0x38a238a4d7da8ab57a81102b59749f497ab572ac,0.0977%,Swap Users,
0xd44f2473fc8a80a03d22d097321028a262207915,0.0977%,Swap Users,
0x54050db8c7ba01eba6308d8e87e14923417aa455,0.0977%,Swap Users,
0xa72cf353697b3d01f04d25a4d8a9d9ac13a25015,0.0977%,Swap Users,
0x11f130460633344183dad9a354ac0e40a45e5eb7,0.0977%,Swap Users,
0x2fec16a6170e8858bff0a4a8eaf8ee10c73c877f,0.0977%,Swap Users,
0x85ca517437174438c6f1f01c501045be559c68de,0.0977%,Swap Users,
0xfe2575c6402e56fa977651ea30bbfa0d3b4ae578,0.0977%,Swap Users,
0xc3d43f8e008ccff959101b8d0d26562e84d2b204,0.0977%,Swap Users,
0xa24d06fbbd8ec4da230dd770327316f792cc4821,0.0977%,Swap Users,
0xe32182cae328254e15b03c2f30ac032499295fc1,0.0977%,Swap Users,
0xb287bb9e32c566ccdf00a18fe00788bced28853c,0.0977%,Swap Users,
0x384ad5d3819c3c7f577c7ce48f0ee51b79ac7217,0.0977%,Swap Users,
0x10b9f7a1435f2486324dcf6a930cfc64332a43bc,0.0977%,Swap Users,
0x8a2637af29802051ed40682025353b9f603fee7a,0.0977%,Swap Users,
0xe972b09e8f2448a79f12ab2c984eb6117985a9da,0.0977%,Swap Users,
0x0117f86837101f4d5242564821f7cb28e6c78ba4,0.0977%,Swap Users,
0xf5f155dfc740a89ffaa17c4f6459aec7d7206413,0.0977%,Swap Users,
0x1829b090507428c500460d3a1d0c5d48925639dc,0.0977%,Swap Users,
0x2cad31a2216976cf89e14e54abb2e497dcc2bbf5,0.0977%,Swap Users,
0x865d2392556ffcf9dd6fcc1400abcdb6e5cb659e,0.0977%,Swap Users,
0x2d801b634331d0b260734b6f1d8064c6101bacc4,0.0977%,Swap Users,
0x3c8034cd5505ed226c09c8072fb68803425c6d6c,0.0977%,Swap Users,
0xa078578ba2a224cfd64dcdecd979e5bea0c0a1f3,0.0977%,Swap Users,
0x673960ea4eaca39aebf880b9fbbd3900f35ef2ea,0.0977%,Swap Users,
0x36eeeb5e2f8cef8f27a4e94cac7fda6f7773b669,0.0977%,Swap Users,
0x865cefc296cb7f49256814606e2e7d09d9a912af,0.0977%,Swap Users,
0x6dff631fabe37d3128d9eff4146393d993cb760a,0.0977%,Swap Users,
0xdbe29e36ba798e5f2481353ab18bd8d667538a8f,0.0977%,Swap Users,
0x0decd21112678f7073a407ec0e11b3eb6924e8e6,0.0977%,Swap Users,
0x3cc565bbc05df096eaf02945f96e171b2da46b2b,0.0977%,Swap Users,
0xc4ad551c74e6f21d604a303626277f7a7ecfdb7a,0.0977%,Swap Users,
0x9d3e8b8b07a3b332945902bd44f930f95d12b1fd,0.0977%,Swap Users,
0x12fc9c2c331feb5581acba07ea0a24b4d718b8f9,0.0977%,Swap Users,
0x11863e218d0d82a7fdd2c8f96eef4b3df2e50876,0.0977%,Swap Users,
0x5bd73adc3bb00d3fb9963843752ad89bfa3fa767,0.0977%,Swap Users,
0xcd42a17f95255c7acb01c717946e8ac6a21ef483,0.0977%,Swap Users,
0xf8ed05e6430a35e1d8f8ac4e64559822b9bb1d61,0.0977%,Swap Users,
0x414a28ec66e9584c25177e36c40dcc8ecf7d2bbd,0.0977%,Swap Users,
0x5ea44a5688cd2937a9a379e5a6eb448737d5caff,0.0977%,Swap Users,
0xe612671708eb4a5a2c261267b7f1fe867831f7e8,0.0977%,Swap Users,