Address,Allocation %,Type ,Sum
0x5823d356fc6d8dFF96d31Ac66B760382c1f2c563,10.00000000000%,Dev,100.0%
0x971f50582d2AB7D447BA31BDAfeF39Bd07172B17,0.12113055182%,Bridged an OFT,
0xefF000742d4065625aAC71a329ff6D06D127a0Da,0.12113055182%,Bridged an OFT,
0xb36218CAcc3580628Ae0645c98bDC6a08716073d,0.12113055182%,Bridged an OFT,
0x7894234c61AfF71CF903B4D5eFD3Fa1E52D84D6a,0.12113055182%,Bridged an OFT,
0x4d227419eD60d737669578566d31a2b48ac7aCA0,0.12113055182%,Bridged an OFT,
0xc93EBaB0Cf79a0470b2531f450EB40AbBafA9612,0.12113055182%,Bridged an OFT,
0x878f2886c704C67BC30a028E795625e8FA1E3e08,0.12113055182%,Bridged an OFT,
0x29695349E69AB78d2298860c17bf3aF89415e3Cd,0.12113055182%,Bridged an OFT,
0x3629cA0Aa64BD977Ca713D968f56172A1D7DEa2E,0.12113055182%,Bridged an OFT,
0x17D3FBE8d07D21e19BE720dC9f5D14c1CC0E7a30,0.12113055182%,Bridged an OFT,
0xA2161B48564B75bc85b900AE4ab4403D6F502700,0.12113055182%,Bridged an OFT,
0x7279E76970346537ed31227f38037251A836b1dd,0.12113055182%,Bridged an OFT,
0xF643E600Eed4255B6e6Dd03394603D3692a886cD,0.12113055182%,Bridged an OFT,
0x2a6879BBB6cc7c952399937a28DfEbE21DEeE4e2,0.12113055182%,Bridged an OFT,
0x76Cd68E19cEBc593b238A9D67e8cBBB393b048b0,0.12113055182%,Bridged an OFT,
0xe57a4BC16e493cF1b73205b6d7ED1Ff6634640BC,0.12113055182%,Bridged an OFT,
0x002dA2Ec635BdA5C9960814826126754240CCCA4,0.12113055182%,Bridged an OFT,
0x8CD4AE9358Ed478eE602Eea3c573D1D1CB448F10,0.12113055182%,Bridged an OFT,
0xcC9805fA43AE5fe652780d56de520B9A7ae60CaF,0.12113055182%,Bridged an OFT,
0xBf370D3A8B40d1eEfC9745eECd89d3d6Ab8961A9,0.12113055182%,Bridged an OFT,
0x7F346aFaF26E5f52aFDb721f9C16FF6DDb5F2ce8,0.12113055182%,Bridged an OFT,
0x15AA0C349C4cd012113610d323DaCCC89d39c3fc,0.12113055182%,Bridged an OFT,
0x68aD436E314EAD78189fa2c3a0c95d98b672aEf8,0.12113055182%,Bridged an OFT,
0x5ed3F4a401BA3A9526DcCC3Da4B476e65F7188D5,0.12113055182%,Bridged an OFT,
0x1C0bBb7f05e43bf6c4a82A1cF44cb0Df4C5cC192,0.12113055182%,Bridged an OFT,
0xE7c777F2c6a54474d1d2b6f478cF36Be15b64a50,0.12113055182%,Bridged an OFT,
0x13C05bEeAAc7300e840C084B23D60D503249D0DF,0.12113055182%,Bridged an OFT,
0x25774eD5bc13A2baFBa76d0E65940d3728f61426,0.12113055182%,Bridged an OFT,
0x573a431d8FA273BA21d4BF1Be746e983e97d794C,0.12113055182%,Bridged an OFT,
0x99FF949b3cc6687D31fE5D10971f6e49cE029336,0.12113055182%,Bridged an OFT,
0xACbCED0b56Ebfb2BF7fBAE55B555A705d653bCba,0.12113055182%,Bridged an OFT,
0x992274E4df7eAdC6A6D5dF2EFffBc960fcb081a2,0.12113055182%,Bridged an OFT,
0x33c035DFA60bc1cd1273a0bbDe9f8aF373d7042F,0.12113055182%,Bridged an OFT,
0xe73eB228556635DddC2B6A7dca3Ca97Ce1ae729e,0.12113055182%,Bridged an OFT,
0x6709a716Af977922F64DeA6760f6FD978280707E,0.12113055182%,Bridged an OFT,
0x6bF7a4fAB355FCE0900d84bbCc305Ec936FB3450,0.12113055182%,Bridged an OFT,
0xAb43029dF931fE4952eE462AaDD71EC57C1c8452,0.12113055182%,Bridged an OFT,
0x58b1995e1780A2Cd574c1101A525fC791Fd6d15d,0.12113055182%,Bridged an OFT,
0xab0c1491a44F2112215DfC4BE97D7f422069790e,0.12113055182%,Bridged an OFT,
0x01e6555473578233D002EcB713827c025AC2acbe,0.12113055182%,Bridged an OFT,
0x824a18B87aEEde3861d395Ec73dB30b6Ae698451,0.12113055182%,Bridged an OFT,
0x69E62dC184E6680FB876b7748C1d569AB48BE98D,0.12113055182%,Bridged an OFT,
0x3009bbCaB9E951DA36faB0020909a0E1567C064E,0.12113055182%,Bridged an OFT,
0x55DFeCa12C57E02D246951Ab1b11d7088e7B5eaa,0.12113055182%,Bridged an OFT,
0x082bB78074b4F1d7148ce8E4a9ae71e2C10a2014,0.12113055182%,Bridged an OFT,
0x29485A731AC3D8De71DCdcb8b62C891c326272f5,0.12113055182%,Bridged an OFT,
0xB28AE4D896F7a2B7b46d7Ce8543788E859d1039b,0.12113055182%,Bridged an OFT,
0xCeB58F7f86c873e2C0D8a05fe115693222387fa1,0.12113055182%,Bridged an OFT,
0x93ebC33538d87D033b4c077542063c8ab3Fc340A,0.12113055182%,Bridged an OFT,
0x143FB76A28aC2cf701d1B0C4FAEf02AC782Ae167,0.12113055182%,Bridged an OFT,
0x218C811b6848b826bdbC9f3D96Cd31401ddBe60F,0.12113055182%,Bridged an OFT,
0x7c8460064c9Af9d2A1a91d4Be5Cf54893D1F097a,0.12113055182%,Bridged an OFT,
0x90297C9aBCbDDF522d26Db56dB4Df2A418840330,0.12113055182%,Bridged an OFT,
0x4FFAE7B7229D0eCe521514076Df22f4F82B0f9cb,0.12113055182%,Bridged an OFT,
0x7fBe393598585c932A8F82b0D61Eb9465031A708,0.12113055182%,Bridged an OFT,
0xAF29Ff25c8AfAe987DDA9bA1192B98a618456A11,0.12113055182%,Bridged an OFT,
0xe283c9c2e0337e2B24027FBbb131809A89188c6C,0.12113055182%,Bridged an OFT,
0x5a2Aab4A5e0f0857b0435383237D14D5F04D3325,0.12113055182%,Bridged an OFT,
0xC8bd2BfC183a64d640eEb2d26F01Fc60A835F36e,0.12113055182%,Bridged an OFT,
0x9EeC03A8D1e9Ac276348a88D610D4325B35f6F37,0.12113055182%,Bridged an OFT,
0x2Ad50836043C9bD33fD2Cb6a863fE50e4Da39732,0.12113055182%,Bridged an OFT,
0x75F7629e3e856D4d5005CcDEb18E428758DCb8Ac,0.12113055182%,Bridged an OFT,
0x21Ddb7E296Ad3B8D00df5cf2214697D0C66340D3,0.12113055182%,Bridged an OFT,
0x4e34C45CdE1e69c2eFa6dB553e09e70aD1bFAFfd,0.12113055182%,Bridged an OFT,
0x6F751C1C206Df384AC70A25e0aCE7f4B70048e9F,0.12113055182%,Bridged an OFT,
0x075D9873fE2eF259D7e429b678d5905D9048eCa9,0.12113055182%,Bridged an OFT,
0xD62eae4686fD38f9bfBEAf22DB85D3a6Ce6900eF,0.12113055182%,Bridged an OFT,
0xC84854358f638ACA094cE9f17eFa1824647B2cdA,0.12113055182%,Bridged an OFT,
0x9179b51B2c2475A92541160397D5E94136947444,0.12113055182%,Bridged an OFT,
0x2E4f35f0c8ea2cADeDcC4c8f1692Eb392d535f9e,0.12113055182%,Bridged an OFT,
0x8A597f5Fd2a11B880edD6eb20a7F5257938C436B,0.12113055182%,Bridged an OFT,
0x19960cA8Af65DeA910DddC898B523e9072A67d52,0.12113055182%,Bridged an OFT,
0xc11751D560760f6704c0222C5b8728805f6C4775,0.12113055182%,Bridged an OFT,
0x78B39283422f2820eC232467A4cD5260cba6172c,0.12113055182%,Bridged an OFT,
0xb1a31a5C2eeefd21333c8a83768bc3AF247b40Da,0.12113055182%,Bridged an OFT,
0x8a5D3F8f5915ac48EB3c98a2956A0F326BFa76FA,0.12113055182%,Bridged an OFT,
0x94d088862C0B1C87588F1f476C9BB1DCF2C5267C,0.12113055182%,Bridged an OFT,
0x2D15c33dfc7eC8cB5207C5484560Ef4C3022Ee4c,0.12113055182%,Bridged an OFT,
0xdef4dE8b2811b18E18beC2dBa30eEc41071BFC47,0.12113055182%,Bridged an OFT,
0x4F6282a2426E6fC8D5c3a164afb82537774ED6df,0.12113055182%,Bridged an OFT,
0xbA59Cb24b63c0f8d4d4Fe1A0E249c95eCA0a6aBC,0.12113055182%,Bridged an OFT,
0xbD4723AFef39933DDE6B78475a28294f65304893,0.12113055182%,Bridged an OFT,
0x1eEEF850AE3488A4e47d379442308F28A4779E31,0.12113055182%,Bridged an OFT,
0xd169A80DE367bC71Ea3f65fa720554f647800A2b,0.12113055182%,Bridged an OFT,
0xa791a1638F0b2800E37a39A7191747E3f1A58aE7,0.12113055182%,Bridged an OFT,
0xa51d0149f63baA42B52E8B4870fE2FD72BBB08Ec,0.12113055182%,Bridged an OFT,
0x62b411A1d5f41DeE8d375768e1C9c23C0f1B21dd,0.12113055182%,Bridged an OFT,
0x871A7a2fB3A65395743416b98c110D439E9Ea3B2,0.12113055182%,Bridged an OFT,
0x9C2C5461Aed4063F132a7D5D2c4d269BFF3951d0,0.12113055182%,Bridged an OFT,
0xE61E69f18cF6C286fD2933D0624D3B2249C66299,0.12113055182%,Bridged an OFT,
0xf31354cF53d4301Fc47E2D809146e81793b8a3B3,0.12113055182%,Bridged an OFT,
0x073e07275dA09BDf17629Bc1acf2901d710e20ed,0.12113055182%,Bridged an OFT,
0xbfD8b140bc5Bc3eCF3216F0aCFff91bfe3082637,0.12113055182%,Bridged an OFT,
0x9E491073cB27eFcf7dc249740DD10bEf9cFcEd7f,0.12113055182%,Bridged an OFT,
0x516800b20E1B7D061dB49cfdbeE3f14aD07cCCa1,0.12113055182%,Bridged an OFT,
0x5b118a674f00d38c3feb7be862029b6687C8edC7,0.12113055182%,Bridged an OFT,
0xD5fc767C0B4ED4812efd77699a10b25FDeC46d02,0.12113055182%,Bridged an OFT,
0x1838337a4c9b262C151604C675D0F439525d43a6,0.12113055182%,Bridged an OFT,
0xa521d8ba6d05386516DF90FA11470FE2361630AA,0.12113055182%,Bridged an OFT,
0xB34257E49A445168208A545E40E8ab744048a099,0.12113055182%,Bridged an OFT,
0xd2bA03B0c0fDd297381568a4A26739dE1434e70A,0.12113055182%,Bridged an OFT,
0x7d6314b732898624E7ef9810526781630E95cA0F,0.12113055182%,Bridged an OFT,
0x387718c9d60c77b1099BBE0e13dB727261Bb0D41,0.12113055182%,Bridged an OFT,
0x4135F253f6675BCa54E2796117704cBBB475Ebdd,0.12113055182%,Bridged an OFT,
0xAff7eDe012fAc41b8b6a1Cb0fad96941498A176d,0.12113055182%,Bridged an OFT,
0xc595471cfEA3f2886334a4D970447c508Ff13142,0.12113055182%,Bridged an OFT,
0xadbE1BdA11745E3059323B87930145c8e082A646,0.12113055182%,Bridged an OFT,
0xb18E2938F8b8e6b5f9135b934a426892e2A6cCc8,0.12113055182%,Bridged an OFT,
0x9FD0258CDE56a57e79ed96cCa5C80Ef42986e507,0.12113055182%,Bridged an OFT,
0xE59A50B4154f375825280951d73af196122fDA80,0.12113055182%,Bridged an OFT,
0xED37A8637aA8C995e248F4867E60Bb6ed96a62cf,0.12113055182%,Bridged an OFT,
0xc47AC6F6b389FDa85C7cd926BeC28c16AFE0394D,0.12113055182%,Bridged an OFT,
0x1b6095186E64CbB2f5D582f762D4B18449c6f12E,0.12113055182%,Bridged an OFT,
0xAD9EeB7c70b796029EBEdb0F45D8368E10642e7d,0.12113055182%,Bridged an OFT,
0x27DD6894ecbd2C89b1b65698A86577Cf8715849E,0.12113055182%,Bridged an OFT,
0xce775bC201EbB4534EC27eD8bc2C142FF12bbeE7,0.12113055182%,Bridged an OFT,
0xAeF7D77a627EA7261333022A9301E246520AeD1b,0.12113055182%,Bridged an OFT,
0x4728B772fA2a36FB123D195a8FC92beE19453136,0.12113055182%,Bridged an OFT,
0xBFD6A56218c73C99D0cC0b99a095B72040F77e07,0.12113055182%,Bridged an OFT,
0x918Bb85f7DE43E2d8dC7C04d3585ec6e72db7fA9,0.12113055182%,Bridged an OFT,
0x6a362d9230e6D9741496ED12fD5DdC18D2DA096E,0.12113055182%,Bridged an OFT,
0xDD92a32D7512cD2e5b046E82e2a7dcf13e06228C,0.12113055182%,Bridged an OFT,
0xA05Fb15a585D1C93fCc58962b614195f74521f94,0.12113055182%,Bridged an OFT,
0x7b24B3D5Ba0f638f7E7E0645F6C79981676A0A04,0.12113055182%,Bridged an OFT,
0x13ef5a1Df1FB91A096F85A21E9AE8E1179836f42,0.12113055182%,Bridged an OFT,
0x92F555EBddB2d501E9baF4cFAa1a20689F23fFd4,0.12113055182%,Bridged an OFT,
0xEd0B448967c988b6A2a876A8AF39316Ad96D1837,0.12113055182%,Bridged an OFT,
0x706EE7413EAAc0dAf12bcA65A4821E6A10aF651f,0.12113055182%,Bridged an OFT,
0xD16389BFc1B729892f949620B4Be546fA4F783cE,0.12113055182%,Bridged an OFT,
0x3ab9EB3EDD22f9311d2BC16F0358aDA4EB7EcdFD,0.12113055182%,Bridged an OFT,
0x44BD50230eF7EA8365f974EF52078c2f0582BC07,0.12113055182%,Bridged an OFT,
0x4594749EcfE4F41e881109BA1e641d67cd7E8e03,0.12113055182%,Bridged an OFT,
0xA949C43980bE0FC84c708d0A79F49173Aba00471,0.12113055182%,Bridged an OFT,
0x4Ed50909E0B849f788B8e201F3a91148d7EA3A9E,0.12113055182%,Bridged an OFT,
0xc605De99c60beE11BBC467321817Cbc619324B66,0.12113055182%,Bridged an OFT,
0x4E62a280fA8dC7F4a7782eF32C699C1e0e67beb9,0.12113055182%,Bridged an OFT,
0xD689461A5b12AEA902D715c0639beD144857BA54,0.12113055182%,Bridged an OFT,
0x383FCB1a74B60C66CCaFc6d14f45886294F587AB,0.12113055182%,Bridged an OFT,
0x4cF5ec9ED6498ca41957Cf6aa2f450bCFE0e80DF,0.12113055182%,Bridged an OFT,
0xD0AE7686D655fE2b03EF667208d0f56d3a50d729,0.12113055182%,Bridged an OFT,
0x62088e9C751f319Fe6827709dEEE0D37F076f706,0.12113055182%,Bridged an OFT,
0x3576934974c1bBf99D0a30f2fD8Bd3391849CeA0,0.12113055182%,Bridged an OFT,
0x2492c11d48717dbB6D06FbE8d5D653cd27AbE937,0.12113055182%,Bridged an OFT,
0x8Cf4EEA52b815Fc70bF836bAfB37a5c4ce6899E6,0.12113055182%,Bridged an OFT,
0xa163f777a215023Bb051051335472bd5F54bD80F,0.12113055182%,Bridged an OFT,
0xeD80736e89e0328A979368fa6AD6c329c06fAE39,0.12113055182%,Bridged an OFT,
0xea9BcC998e69B09819D71E788D0c6313fC584529,0.12113055182%,Bridged an OFT,
0xc9bC35D8662a1f5AB590E986B6b992De316e5677,0.12113055182%,Bridged an OFT,
0x5646ac2482423F55DEB6a9a8576E607F01bB1E65,0.12113055182%,Bridged an OFT,
0x812149c08e285F605B05B3b30b36C69c9E706eEf,0.12113055182%,Bridged an OFT,
0xcFD98CEb3f04CE92CbE7dD1C10094cA6a26BE463,0.12113055182%,Bridged an OFT,
0x027FD6ad4A5a58a471f3A0E6e58295e2fAf9163A,0.12113055182%,Bridged an OFT,
0x9bED78dd842711FE40045C094792841C91D141B6,0.12113055182%,Bridged an OFT,
0xB0afF125AE7a8271bFAdb7CD6ee8Bc7EBC54C0fD,0.12113055182%,Bridged an OFT,
0x5A238C452586331a6422c4C2890baA30289EeEC8,0.12113055182%,Bridged an OFT,
0x37C77c29aDC059C87599F3C63831a178691a31A3,0.12113055182%,Bridged an OFT,
0x0963ED8eB57956E5a81fA99d3e8Df240a0479714,0.12113055182%,Bridged an OFT,
0x3163dd23080B1a45E4D470CE2ff07F113843dfA4,0.12113055182%,Bridged an OFT,
0xF373948d35a79a866450d623d98056434ffe9861,0.12113055182%,Bridged an OFT,
0xC9cC7Ef4AA7e093eFc7D01b64B6b995fbc8A1b17,0.12113055182%,Bridged an OFT,
0x96BE74F2E57a400A88314dFee04B8E96AFd22Ab4,0.12113055182%,Bridged an OFT,
0x0D497f2b8CF7C33EC61A72af29E098e7f5C93bD1,0.12113055182%,Bridged an OFT,
0x42FaE14536CC127FAB17A9fbE6a3e84C28d74e70,0.12113055182%,Bridged an OFT,
0xfC54db5975466a9db1d54b31A573dF48e1B4A73F,0.12113055182%,Bridged an OFT,
0xe25BB9cDA8c10B6f4fEEfb4b152CEbE17D75992a,0.12113055182%,Bridged an OFT,
0x5A3b9b87B547A7912a46d2a01fD9C2dCd3D28eFE,0.12113055182%,Bridged an OFT,
0x5c44e7E4efF02FdBB5e1ECb7F22af122E47259bc,0.12113055182%,Bridged an OFT,
0xcDAad4Ff75b6C1308c68F709F74c31f70432Dd16,0.12113055182%,Bridged an OFT,
0x8531ff5AD547E550c5DA56685E0811C66a350625,0.12113055182%,Bridged an OFT,
0xeC7630845BF5780326F5b603032402D7a88216fd,0.12113055182%,Bridged an OFT,
0x89Eb2A7743fD3E6AFB5D54b65B9501A20121f34d,0.12113055182%,Bridged an OFT,
0x4B16293e39CC478Ae43E26b807A44dda48Cf918B,0.12113055182%,Bridged an OFT,
0x65BD3cbBd7a153d89Cc86FDf9b4C934015B86285,0.12113055182%,Bridged an OFT,
0xa1fCa492c62BeC9350d73F7e4bA1ED36748b11e9,0.12113055182%,Bridged an OFT,
0x349446C6b26Ee417d277E475Fe9E5Feff29b843d,0.12113055182%,Bridged an OFT,
0xc0F852d412E7f9f04864C480bD090C1C4218a87f,0.12113055182%,Bridged an OFT,
0x65058c6BebFa3c2c03901Bfb247c17f6dF2754aB,0.12113055182%,Bridged an OFT,
0xDA2bb9f8db438ADB018f56aa0e1E2B78c750608b,0.12113055182%,Bridged an OFT,
0xEb1891226B113C9c332f3E5DC552814ed8fDc687,0.12113055182%,Bridged an OFT,
0xd8d2B18143b95Eae3CD138D9647e4CC176027Ce8,0.12113055182%,Bridged an OFT,
0x70854C6032448dB422d32D534FaF727532F0d88d,0.12113055182%,Bridged an OFT,
0x53f03F42F478d298dfd9687BBE271385d8765F7C,0.12113055182%,Bridged an OFT,
0xd2515d82bBB7eB78e834E7C0fC0317033929D82a,0.12113055182%,Bridged an OFT,
0x75e135B6bEB5E96f1b67310759fAC721a0Cc2d42,0.12113055182%,Bridged an OFT,
0x66822E7f2C1937198c16cBDE8cedd37bA05Ed124,0.12113055182%,Bridged an OFT,
0xe5E25B86A2827Fdf32898f0BCa6De03664Dc192D,0.12113055182%,Bridged an OFT,
0x46edE1bb083064E22872A7a788a0C590E3b568F6,0.12113055182%,Bridged an OFT,
0x2af3A0a727aB46B0125B12e7731d7E38128e16D0,0.12113055182%,Bridged an OFT,
0x2E9Ea36511FF45392910676b47908E223B075cC1,0.12113055182%,Bridged an OFT,
0x4e0a23FDE050CC5275A0b15c11cbB9949a05b74C,0.12113055182%,Bridged an OFT,
0x4b7690E11c22DA46BbA4201e6be2ae46a5bB9e12,0.12113055182%,Bridged an OFT,
0x41DC75936bCe06FE033578d180E3e5Dc25E650c3,0.12113055182%,Bridged an OFT,
0x86DF900Bf729E5Ef2992E41743FC390310b65eF3,0.12113055182%,Bridged an OFT,
0xab2d720a42e20818E3949672c1Acb4e5C1B6b7f3,0.12113055182%,Bridged an OFT,
0xc8531F369f0e79Ad656DEBddC61e32a12228117C,0.12113055182%,Bridged an OFT,
0x7a31486fa07d705f8e7567AFE80e2c70ad611FE7,0.12113055182%,Bridged an OFT,
0xE6BCE21A84C1E4b3a02DB9E473b013e4Df6975BE,0.12113055182%,Bridged an OFT,
0x46b08589566594d558aD567509b7aB3216F2d937,0.12113055182%,Bridged an OFT,
0xAa8dAc10500438832F44b1e7921A288BA250e8Ef,0.12113055182%,Bridged an OFT,
0x41aB8d3ABcE62FA154604B3e8ec1De8D60849cf7,0.12113055182%,Bridged an OFT,
0x17B72bAAedf4dEeB681Fabb637050DBe23c98Fb4,0.12113055182%,Bridged an OFT,
0x3e693ACe2c442D55E8F61Dc010a5476d863f9088,0.12113055182%,Bridged an OFT,
0x47a63Ab88635E51EAe3f6aF9c8aEC44D2CC0bd9a,0.12113055182%,Bridged an OFT,
0xb2a7a34B49148f11503b34aBeae3134922691496,0.12113055182%,Bridged an OFT,
0x465e318ca4aA741F232E9Ef1c65091d15fD302bE,0.12113055182%,Bridged an OFT,
0x7D8040998DAcd2CEDDAB77D4f2D7e96088EF8B63,0.12113055182%,Bridged an OFT,
0xbDC339aC048d34C8f468918efC6E449A27e4B69c,0.12113055182%,Bridged an OFT,
0x25201bFc13e8a4a0307154950Ac1ec156cAdAA9B,0.12113055182%,Bridged an OFT,
0xeaBDFf08F574Face36ccA829D8B4fab95CA70edb,0.12113055182%,Bridged an OFT,
0x9957D086505F65853980285Bae19bF06383717Be,0.12113055182%,Bridged an OFT,
0x52f3ed80507E3b804d94B3DBafE55d52e9c78F06,0.12113055182%,Bridged an OFT,
0xdCFbDD92cdF9203696ccEEC2c66FE9Ba1C351E64,0.12113055182%,Bridged an OFT,
0xDB55eEEbc94B572664530dcB9760DF66F3F653b2,0.12113055182%,Bridged an OFT,
0xfFCBe1Ce639F416BbB0Bf53550bAF791A5EF2245,0.12113055182%,Bridged an OFT,
0xd5e4FaDc633651D2F6e3272cc78DEF631618A6A1,0.12113055182%,Bridged an OFT,
0xfbb78410fD3926546f9C1514719bA269f8d3D8e9,0.12113055182%,Bridged an OFT,
0xBdBe4F2F8E99a7bD9C6Fa3D7847D4954b7FD24c2,0.12113055182%,Bridged an OFT,
0x7aF1716d26D2852c23CF7dD1fbBD9Ee75652D518,0.12113055182%,Bridged an OFT,
0x155D7520afDbB2181D1fE4EDFF45A8643083C266,0.12113055182%,Bridged an OFT,
0x7d6771ab1Bf5dCdF1105FC49347eea2f767d189f,0.12113055182%,Bridged an OFT,
0x051cbAB8eA76493Af663c8a19115AC4616cb1cb4,0.12113055182%,Bridged an OFT,
0xF6677774bc890ee6b0d1aF4b5F492D249863bBfF,0.12113055182%,Bridged an OFT,
0x7ABFA6cB09fdEF32B2652492Cf0428A5568d883E,0.12113055182%,Bridged an OFT,
0x34BEd0A8fd0eBF6f3a0B7e3BD64F50ca9B4696D6,0.12113055182%,Bridged an OFT,
0x3A75c607B11252578744f474DAf819E211b8d114,0.12113055182%,Bridged an OFT,
0xf313420bBCd710Af98B72980175425EB9815C220,0.12113055182%,Bridged an OFT,
0x7ea34C94b4e35BF6030Ef5Ed5905777e0484A49c,0.12113055182%,Bridged an OFT,
0x48870fBE9581b7A4E6BbFc2d6c0Eb37ae099e3e1,0.12113055182%,Bridged an OFT,
0xcFfDee39792efDd1d2D5c6F37F5140DA2EdB83c0,0.12113055182%,Bridged an OFT,
0xa1654dE6e3C2A890a00d78AE36aBb6Ea60c79655,0.12113055182%,Bridged an OFT,
0x106d83aAd8892D5C986e8eB5E4A640F56fB47437,0.12113055182%,Bridged an OFT,
0x3E4F7d2e492F6E1a43B9f2444B396962b20F5a5B,0.12113055182%,Bridged an OFT,
0x059569622f8dEb6F5aD6E7925bF75786349476eD,0.12113055182%,Bridged an OFT,
0x338924AD3Bd65963BB5CeC885a068Bf60bc192F7,0.12113055182%,Bridged an OFT,
0x979E0e1419C6Fd49Be3E11344f2e32d2F82F321F,0.12113055182%,Bridged an OFT,
0xBDE4df669C909B026F8a627877eCFb20FC013aD4,0.12113055182%,Bridged an OFT,
0x783dFE03Ea11ac8c62aA10b5FD21F8574CA9C628,0.12113055182%,Bridged an OFT,
0x19c47be66ffBb79Ac80378b89Be623A4813e3e00,0.12113055182%,Bridged an OFT,
0xe30398ac9c6e44673cf2B5d406b5fb7081B5eaf6,0.12113055182%,Bridged an OFT,
0x385B20D32ceeE8CEF88f4213093577cb702CCbF8,0.12113055182%,Bridged an OFT,
0xE2EdD58801d326f289028C05BCAb372F50498E0A,0.12113055182%,Bridged an OFT,
0x5084Da7B9c6B768A5AaFa614D81f2905bfD6161D,0.12113055182%,Bridged an OFT,
0xeF6fef2c00EF74cC1BCF30affE65E4Cf5D571D86,0.12113055182%,Bridged an OFT,
0x660e1fb349Bc53ba3e93Ec4dcBC2792cB23b759F,0.12113055182%,Bridged an OFT,
0x703d04bBe6e2839371144Bdf2091E423EAE3306B,0.12113055182%,Bridged an OFT,
0x1D1C623607cEd7Ba5dc846Ef80283Af117f8342A,0.12113055182%,Bridged an OFT,
0x93cBD0741bE3896834756B40A8863d160E9c4537,0.12113055182%,Bridged an OFT,
0x7A9EA7f03861A6e854289Fbe04129Fd0642a910c,0.12113055182%,Bridged an OFT,
0x24701aDBB49234BFfE6A13115F5821E6ea55a6dE,0.12113055182%,Bridged an OFT,
0xAA4b4F21020a194D203a53BC6a4C2807F136A10b,0.12113055182%,Bridged an OFT,
0xE2906e5eA9E57ff44768A203132E7c65Df588445,0.12113055182%,Bridged an OFT,
0xb906901437ABDf9eDADf172625d551D37C48245E,0.12113055182%,Bridged an OFT,
0xcA5CDCa30bb48b7F69f1eE5Af7814B9dF4b5aA20,0.12113055182%,Bridged an OFT,
0xEB7eb4015694C3964d1De7a070D5b138fb40e6dC,0.12113055182%,Bridged an OFT,
0x1652bC14E40fA7f8cB8e3C2679FbC17cbAF0c84a,0.12113055182%,Bridged an OFT,
0x153c6849791Cc07748A7e721750cdc7a9D98a1d6,0.12113055182%,Bridged an OFT,
0x132ffCD6b59606d4834ED72eDea54E10feFa4E43,0.12113055182%,Bridged an OFT,
0xFA83ac58653E233029Db29df0179Dc8fc5E5E336,0.12113055182%,Bridged an OFT,
0xd8E07b545A57DC01C58Fdb50A551Ce3C02b2a400,0.12113055182%,Bridged an OFT,
0x27717d5342Af03587844952441201b0eddf9bE33,0.12113055182%,Bridged an OFT,
0xC89193dc9cB01919f0c15dE8f61CD7b08e05Ef00,0.12113055182%,Bridged an OFT,
0xa0056Af2d778A3db33A93B1023c61807927AB7f9,0.12113055182%,Bridged an OFT,
0xB034833df4200aA33F9d4FDE94B0c42D8f8cE0E8,0.12113055182%,Bridged an OFT,
0xB72D829a2fBA69E86a792c394F413aD390842d23,0.12113055182%,Bridged an OFT,
0xC7c443437673cd086F3CCE0fe67822168f6d6601,0.12113055182%,Bridged an OFT,
0x715Ffe8DFf07F33197B881588A25BB997897712F,0.12113055182%,Bridged an OFT,
0xABD24f79604dEF9Eb463262F0CeE60254Be83717,0.12113055182%,Bridged an OFT,
0x4a50a56b324652540BfB324FfbE7326Fd955579D,0.12113055182%,Bridged an OFT,
0xe76677893EF4cA203a9063ef4abAae574F438712,0.12113055182%,Bridged an OFT,
0xFC8Ef243F8a8e267Cb1AfcF66239E9ce2B75e74e,0.12113055182%,Bridged an OFT,
0x7f2cFdCBE2364E0a6E86514EAB7f3FE87e555F29,0.12113055182%,Bridged an OFT,
0x4e19aB83fD14425e518ccC0332A5231f56035425,0.12113055182%,Bridged an OFT,
0x86BD5FfF2846798Cf378eD721795a436Fd52F499,0.12113055182%,Bridged an OFT,
0xDAe564F6501bF41ae76240a0B57C96874480146f,0.12113055182%,Bridged an OFT,
0x1FE53Bf379f93a43d726b90460BCC56fcdBFEd6B,0.12113055182%,Bridged an OFT,
0x946457Ce38469f4702C09488E12F4F58E316e14a,0.12113055182%,Bridged an OFT,
0xC630839Df158CfE8368288219aad93Bd943bD9cC,0.12113055182%,Bridged an OFT,
0xa41FCa78F00B5a16747a3Ec8C46dEB8eD4dc5567,0.12113055182%,Bridged an OFT,
0xA7ec2C81edDc0C5Cc26BdD6dD251A9F9B03b555a,0.12113055182%,Bridged an OFT,
0xda2232C6f7ea957C85E795CaC8f19c67398e6BaE,0.12113055182%,Bridged an OFT,
0x5DDEEDC51Bb5FAedE701aC5AA6D3BE931eE819C4,0.12113055182%,Bridged an OFT,
0x408d155e5243e55454C4aDb535F82232e48BDAD4,0.12113055182%,Bridged an OFT,
0xFe575dB80A8b4E5d61Cc8e9D6c18FeB005547971,0.12113055182%,Bridged an OFT,
0xe43D72b7B454F09120d005b48F05c3c942ad8624,0.12113055182%,Bridged an OFT,
0x81f4Bad3269876651fC4Ab75E6C14222f61a67b0,0.12113055182%,Bridged an OFT,
0xf1bB386f6Aaf6Cc932a2df93858968B3A0B5a340,0.12113055182%,Bridged an OFT,
0x3c4670de8FA25653E4AF185dcd6dab83982Dc94C,0.12113055182%,Bridged an OFT,
0x384c405DE3253E6F2488196608243c57bEEd5603,0.12113055182%,Bridged an OFT,
0xf961E0CBb727deb23bE6b07DB01B56C0634c398d,0.12113055182%,Bridged an OFT,
0xaCb71811346edAed3C4eDa25477F0C3305Ecf74b,0.12113055182%,Bridged an OFT,
0x2c6FD6f5B41428938B74eDc6cF3385ce5BCb7C70,0.12113055182%,Bridged an OFT,
0xaDEd7B34D670E50D7f092e41f25ce86eA5241162,0.12113055182%,Bridged an OFT,
0xc9AF7036Affa76dB545De8576720aEBd8c564E5E,0.12113055182%,Bridged an OFT,
0xD1262AA9167d7cb018D1FCec747ca143473F5654,0.12113055182%,Bridged an OFT,
0x7C73E230dBeAdC75edc2DC7A7AA53b334a5e3FCC,0.12113055182%,Bridged an OFT,
0x006E52a308B78c00Ce71388de5E3e2152770A09e,0.12113055182%,Bridged an OFT,
0xF2CE706782a30a7674a087DD49569ce4fcAEEA1C,0.12113055182%,Bridged an OFT,
0x94F29511C588536B99615dDCC83eDcC508a903Fd,0.12113055182%,Bridged an OFT,
0xb577bAAe219Eb00261d03A834c1Fa1182165C31c,0.12113055182%,Bridged an OFT,
0x61F2bF45ED40822aB253F3734b82455874922675,0.12113055182%,Bridged an OFT,
0x065CB88CC61979039eD6038C2D5776b830CFD820,0.12113055182%,Bridged an OFT,
0x021e556E988e11E52A65690adeeD3e5FaF873480,0.12113055182%,Bridged an OFT,
0x736D651FEc043D27A30E787b34a1e771d575c416,0.12113055182%,Bridged an OFT,
0xfF850CE49C3f44bb65ffd4647992C84e9514A2f0,0.12113055182%,Bridged an OFT,
0x6888F28BfeB813461B3e2DE619799698C3348f13,0.12113055182%,Bridged an OFT,
0xf74aBADc8a7Ca2C429CB0DcDAe9D99c137324Daa,0.12113055182%,Bridged an OFT,
0xF6Be9224bf2d34180b3cCa167817e2777D90d409,0.12113055182%,Bridged an OFT,
0xC3E2745a21343E2BFabfa2786e38195B95843e05,0.12113055182%,Bridged an OFT,
0x54cad094793D70B4B87cD4287398183cb18d71A2,0.12113055182%,Bridged an OFT,
0x0eA121fF4c62b0630cC7829DE710fDAe6C194B0B,0.12113055182%,Bridged an OFT,
0xfDd5a70d5A89a9DDE393D5dfd60073B12F37919f,0.12113055182%,Bridged an OFT,
0xe1c2b8750aA591983d790A455e4591c33d9C6Df1,0.12113055182%,Bridged an OFT,
0x6f00295323afd3A93B726867CAc23eB09109876A,0.12113055182%,Bridged an OFT,
0x78E102E468182B8a8F44AaFAc0607B6B565751D1,0.12113055182%,Bridged an OFT,
0x14EeF436291DC77884d11617FE83919d13a12A67,0.12113055182%,Bridged an OFT,
0x36A3159A9334c19668976B871742A4Cd1F369d8e,0.12113055182%,Bridged an OFT,
0xe8271F01222AA317f19D6C877A777AE4DC6f3beC,0.12113055182%,Bridged an OFT,
0xF5A49343f7A6B456688e2b8365831817105e2A21,0.12113055182%,Bridged an OFT,
0xaF377Daa82c4aB9EBd458e06545D00C377f98D2d,0.12113055182%,Bridged an OFT,
0x70613D6C307999E78D11E84db06444462a0Df61F,0.12113055182%,Bridged an OFT,
0xa032Ff55e505a96654B539f5D691aD4558569886,0.12113055182%,Bridged an OFT,
0x630B5974815AD1135acdCa6A0C92cEd95931b0B8,0.12113055182%,Bridged an OFT,
0x2a56142d51011E33E4916FD0a7E0C4E51Cc1b928,0.12113055182%,Bridged an OFT,
0x75A30204B95e79647394d76d03bcAAca60868a08,0.12113055182%,Bridged an OFT,
0x7aADf432984e1E2bC4bD9F03D2Fe27d0AC15A016,0.12113055182%,Bridged an OFT,
0x0aF1f6CEac6a0487648d7908CEA2EB7A47De2eD3,0.12113055182%,Bridged an OFT,
0x5deB3Ea82c7543Cbd58FAf427C7CB0F404Bc82E6,0.12113055182%,Bridged an OFT,
0xE37c24F41C2F6E8A1D8Ab63Bc9e65768e27a6a66,0.12113055182%,Bridged an OFT,
0xc4939986b8555Ff631937D83813662affc95FeCD,0.12113055182%,Bridged an OFT,
0xe84515C64c671ca3685297150887Bae22E0473B3,0.12113055182%,Bridged an OFT,
0x885BAB0beE05eC141c66D3370ab1623d4675FB0e,0.12113055182%,Bridged an OFT,
0xf0000248a1321eb75697AaCe5d1a5Ca3a42abbF8,0.12113055182%,Bridged an OFT,
0x1f8C6113359CC79E656241519e212cb6611249D6,0.12113055182%,Bridged an OFT,
0x4b4cF828ceF2c7511e383d6a5F1C0CCb2cA7aBC9,0.12113055182%,Bridged an OFT,
0x0aEB7468e0aE712036eE674FEE8f0037E8AFe7A9,0.12113055182%,Bridged an OFT,
0xb964e5cA5329Fd28C47e019445b7bE5c38107D31,0.12113055182%,Bridged an OFT,
0x86DC3b42f5DF18d5B71CadA5325ABDdCAd8a8fEc,0.12113055182%,Bridged an OFT,
0x9C42C0D03628e67Db7D7a2807c5e7F1997a46816,0.12113055182%,Bridged an OFT,
0x0E76aB3433707D6Dbe2eefD226BD1F08e2a17701,0.12113055182%,Bridged an OFT,
0x1c2125dcf7D33758368D00c23aBcCf7d8C4F9C2a,0.12113055182%,Bridged an OFT,
0x5f6607B6dAfd09c77474F3CcC6Ed66de1817f4b7,0.12113055182%,Bridged an OFT,
0xb33550491aE3d4cfA6677bD1215cb0Ebf4ad9fCb,0.12113055182%,Bridged an OFT,
0x44a8E2b7DEF9021B21d105629687090dF8d40dc1,0.12113055182%,Bridged an OFT,
0x7CF62F8a15D87D789291e883BE12E808AE10D6Fd,0.12113055182%,Bridged an OFT,
0x1e69AA834F47874007419badFa5Be218C892AE9E,0.12113055182%,Bridged an OFT,
0x93937A60CA5e27c690AF8de32932908D81A1a8c0,0.12113055182%,Bridged an OFT,
0x2b4CB9729698e6f0e2A8c39bE755275eD478E417,0.12113055182%,Bridged an OFT,
0xc150f7E16A135896fB60ECc54D4910979C0D95c6,0.12113055182%,Bridged an OFT,
0xf6E8784D502541Ca91b564cF2bC8A5D89Ed43338,0.12113055182%,Bridged an OFT,
0xb41Af931110745C254Ad5e95BE64205b6a56095B,0.12113055182%,Bridged an OFT,
0x327B5DEDA73def3b400528C51838b188D7E344e2,0.12113055182%,Bridged an OFT,
0x7285B19Db0b90736CbFBA77a6769b4b873C0601f,0.12113055182%,Bridged an OFT,
0x527073d8eEBD8485807C77162fD9ec8c1d18Ae39,0.12113055182%,Bridged an OFT,
0x098237Cac2Ed898c1df4Ef7cc195eb8B060a43cF,0.12113055182%,Bridged an OFT,
0xc0a7a9b497A0e67e7fb3CDCeBC966Cbaac16d6ab,0.12113055182%,Bridged an OFT,
0x4c357dCeB7C35b68230D92AB5462778aAA7CB7bb,0.12113055182%,Bridged an OFT,
0x4f8DA2BE9e48Ba5f70b72426e64CfD67A299cD0d,0.12113055182%,Bridged an OFT,
0x6FD989C9A728Df0062889DB201B39CAa16386288,0.12113055182%,Bridged an OFT,
0xEEdad7F93F0B965eD210b72a8B557256E8981B9f,0.12113055182%,Bridged an OFT,
0xbAcEB94346AA02F7d89e132AA05439CDB6DD2a8b,0.12113055182%,Bridged an OFT,
0xF24da133fF8011b45637366c3558220713694457,0.12113055182%,Bridged an OFT,
0xC494A006F1F38CCd4c701903B8e258fC24C168aE,0.12113055182%,Bridged an OFT,
0xfd63BaFC3503660902932585Ad2EDF1B5843387E,0.12113055182%,Bridged an OFT,
0x1FC2aA6Da586742415D4cc9DaeEF1c96C09C2488,0.12113055182%,Bridged an OFT,
0x7E6ed1e18C6722Ba6e1D6A4CcF2c088f4Db01475,0.12113055182%,Bridged an OFT,
0xa1D3c4aF39384db40a466682221F8beA01f858dC,0.12113055182%,Bridged an OFT,
0x6198F8aa9F27B7abc16F45d40da341C2627be654,0.12113055182%,Bridged an OFT,
0xD15910420ccaBAeB7A94636ae497b90535489466,0.12113055182%,Bridged an OFT,
0xb55A5C4D3fF15D5a82a215557693604Eb9A268d2,0.12113055182%,Bridged an OFT,
0x609fFe866f75c577Bdb4049E5069b280B81E4A30,0.12113055182%,Bridged an OFT,
0x271d2552e7aFF7f88449143DB558825EA8661AD5,0.12113055182%,Bridged an OFT,
0x78ebf6b1B48366d21bDe1584d11Db63f6e8F0625,0.12113055182%,Bridged an OFT,
0xeCae55C995a90767bd9CEf9E68D64780C25480Db,0.12113055182%,Bridged an OFT,
0xA37dC62Db6B5274351FdF225a5401804b87c127F,0.12113055182%,Bridged an OFT,
0x8284f4f5b05458792ae920b46232002e0dFA469B,0.12113055182%,Bridged an OFT,
0x4e2e65F97A330E7D97eAaD85Edd1b2c77544298B,0.12113055182%,Bridged an OFT,
0xC58e3A7a0917A39871FA957362d0d99e20bD8A2F,0.12113055182%,Bridged an OFT,
0x3b4c70eF7D70008ec1608d9FB062d1BA294EA12b,0.12113055182%,Bridged an OFT,
0xCa2DaccE5314d8621Ef560A207BF70E5df62AEAA,0.12113055182%,Bridged an OFT,
0x31726cE69E9b75A8606Cb35d2899A7ACDb0c8243,0.12113055182%,Bridged an OFT,
0x6b1d7Fea08BB971B0b8175F352230Aae95B592Ef,0.12113055182%,Bridged an OFT,
0x5e3D757af712BcDe5F87fC2AF8CfE84B60b97f83,0.12113055182%,Bridged an OFT,
0x16bD3A32a0C91034f537139dE1Ba856020e0c8dC,0.12113055182%,Bridged an OFT,
0x1E4E8647ED46CEc51214D22CDa110A9a12dA1b18,0.12113055182%,Bridged an OFT,
0x3641EDF70D47FDe033a2A9CFc3FD23f1f6fe0c17,0.12113055182%,Bridged an OFT,
0x5F1da0e8Fef4f468014a49D8227B343b91176fD4,0.12113055182%,Bridged an OFT,
0xac0E80CF38e91582f96A6cAf44AFa2AA446ef59F,0.12113055182%,Bridged an OFT,
0x48c37F3471De0BD5160Ed679d05C7696Ba900244,0.12113055182%,Bridged an OFT,
0x2733D8f3Decf426FbEaD0a864459151A6954Cb81,0.12113055182%,Bridged an OFT,
0xAa485bFfe8140b87E55f22b94BFA9774A465a0a8,0.12113055182%,Bridged an OFT,
0x095c8548127bEE53E89c9c5c223c3fA38Ae52Ee3,0.12113055182%,Bridged an OFT,
0xdCF8E68a769a76458C2BF8AD3F78E57A1641d11B,0.12113055182%,Bridged an OFT,
0xAEc87Bf7B32fAD929940976D9E043e4737426f9A,0.12113055182%,Bridged an OFT,
0xA08eA5C804D7f8d08D90F849FF67b0b299453Ac7,0.12113055182%,Bridged an OFT,
0x08FBa84E14A086ACB15cAd5fBe4d842429e7DEf9,0.12113055182%,Bridged an OFT,
0x3cB04B026CB4651cCab0A455E555212aCFA113E2,0.12113055182%,Bridged an OFT,
0x4873A50Fda3388D479D3dFcB574E187967E2Ffde,0.12113055182%,Bridged an OFT,
0xC10e03f1eCFb64bD8e54Fb3986611f4C304E99b8,0.12113055182%,Bridged an OFT,
0xAC0B8CB89Bf2A9652A77E27E5E2Dc63F5B2DdFA2,0.12113055182%,Bridged an OFT,
0x7ba663C40F3BBAaE35B0880DaED8d4512ef70D93,0.12113055182%,Bridged an OFT,
0x996E4cb2C44A50c5c3F9172b908ae9D8b32ab529,0.12113055182%,Bridged an OFT,
0x797522ef144A2CED12216a176C09945626a4A547,0.12113055182%,Bridged an OFT,
0x5D945D09e016224Dd5Fc4CfEAC9bC5cd3d1A14ab,0.12113055182%,Bridged an OFT,
0x0f5a41EE2030E2978358EFB299068cEdB37FA153,0.12113055182%,Bridged an OFT,
0x1e2E21bf6D1ED13e3D9661E15F6E902E4897eA8d,0.12113055182%,Bridged an OFT,
0x56145C3b187e9641e4A06069c1196b2DD6bd7Ea8,0.12113055182%,Bridged an OFT,
0x17CD299319fd994B5268B4C3Cd5259c8dc4c3f36,0.12113055182%,Bridged an OFT,
0x01AB24235a9E0563cA142668A8bdBA8BB053980b,0.12113055182%,Bridged an OFT,
0xd6486E0E07c58f237209C6D197cA209aBB7d3EAa,0.12113055182%,Bridged an OFT,
0xEd97Cc9D7EC6437BFeAECb81843d8F424194800c,0.12113055182%,Bridged an OFT,
0xb4702756BEBbB7427d6CF9d839a824B48BAA4601,0.12113055182%,Bridged an OFT,
0x02bC9b9444aA14600B1371e508866509a09b3Da3,0.12113055182%,Bridged an OFT,
0x07f7B90c00eB5d3812baBC05a5A064aB7B8Dbb95,0.12113055182%,Bridged an OFT,
0xa27492f3cf2C604c0AD8A4616C90e3D8938Cb652,0.12113055182%,Bridged an OFT,
0xad25bf407F559d177c9945A649bC3D33cF0c92A6,0.12113055182%,Bridged an OFT,
0xCe4aFDB901D0dC346327fc042B144ce94fC5aC2F,0.12113055182%,Bridged an OFT,
0x1dCc5b21d7d28F7b35373CC22130Aea1C765155e,0.12113055182%,Bridged an OFT,
0x552Eae6BDBd47a9f56A9249F33c96f6a0CA456d7,0.12113055182%,Bridged an OFT,
0x7dfdC9a6Bee6C4650780B81f525B83B43Cae197B,0.12113055182%,Bridged an OFT,
0x583ab6812237A2FC13E07235565d50F97eB7Ed10,0.12113055182%,Bridged an OFT,
0x736756d7383913031314B25c260172e6e2078430,0.12113055182%,Bridged an OFT,
0x4C7FA89F0540031f3D5bc969c22d6FfAE95FDFcb,0.12113055182%,Bridged an OFT,
0x7a875CD9F74cee8c9D3E9E955F76bA4fFDBf11bb,0.12113055182%,Bridged an OFT,
0xC3519F7337Ad0f31D6047517CB7c0f6Bf68111Dd,0.12113055182%,Bridged an OFT,
0xd192e00c0320422aDc4b2e33fF846a2A225B5Dc1,0.12113055182%,Bridged an OFT,
0x7d4d10d1e3B0AeA635462a2D5Bd0B677843364C5,0.12113055182%,Bridged an OFT,
0x438a96C7dF7f1ee2F022653D316C20D3b16f3379,0.12113055182%,Bridged an OFT,
0xE3105A96D85B8F58cD31b2ee83a1bc2C4F664444,0.12113055182%,Bridged an OFT,
0x12AD2e23D146CA42926BD568807065954c8C5B7A,0.12113055182%,Bridged an OFT,
0x607D30Bce22af01B59def7d14c85c4542b22FdA5,0.12113055182%,Bridged an OFT,
0xC5989ca0868A3eC48867bE031c86439dE800EfdA,0.12113055182%,Bridged an OFT,
0x907F758199e1F1bf1ee6d5dcA9DAA72Dbc33f5D3,0.12113055182%,Bridged an OFT,
0x839Ef6C08DcDB54E20E970BE7399bCEa23C2a17C,0.12113055182%,Bridged an OFT,
0x2f3d9a066CA3eB01CDc97735569d35fCB3b3FeE8,0.12113055182%,Bridged an OFT,
0x1854Df27853dCA75B5960839B2fba3cF06c5E8D2,0.12113055182%,Bridged an OFT,
0x1A84E31E779Fd03249C324ADb536B10629DC1F87,0.12113055182%,Bridged an OFT,
0x0e82b8f23aEAf29397b611e9570419C2bcC1b388,0.12113055182%,Bridged an OFT,
0x86eB7aB16BC7d2ab381a93fABf75E54c16c5F8ee,0.12113055182%,Bridged an OFT,
0xB21Bd289cCE0b0f3cb5ec5B4173d16cFB67b5C73,0.12113055182%,Bridged an OFT,
0x0f0F4788c4aF40fDecdf4D19eB6feA55DDF396AB,0.12113055182%,Bridged an OFT,
0xFf384d647c3674FB94D8Fca5719C6EeF525B133e,0.12113055182%,Bridged an OFT,
0x5E7a193FB2501303ffd8abE7541afc74B08027DC,0.12113055182%,Bridged an OFT,
0x10026ceC447e2cb038da2656166D501705aeab38,0.12113055182%,Bridged an OFT,
0xeB6158b2a522b97b553a13C45Eec379dCA350DDB,0.12113055182%,Bridged an OFT,
0xf0002823AA8e02dA030Ef9806ed652A4069E767c,0.12113055182%,Bridged an OFT,
0x0fcB3f2a4EC435843e5512fA793c03Edc41B2F61,0.12113055182%,Bridged an OFT,
0x21A8624Ee7472D85f7F14ef878D7189F0aD166D9,0.12113055182%,Bridged an OFT,
0xA83b38292C25a1f2157103ed0C37c7773319eEe8,0.12113055182%,Bridged an OFT,
0xdb1B6289360856Ef225C198a7e310d94D5e2F9a6,0.12113055182%,Bridged an OFT,
0xFf3bFe7cd1611c53fE0d440C5C209f792Fd4A774,0.12113055182%,Bridged an OFT,
0x2cFfE70009626966F375fd6629b7845ACE52409F,0.12113055182%,Bridged an OFT,
0xf8E540ab2857d284a70856AE6F79F1C51EA3E3E5,0.12113055182%,Bridged an OFT,
0x5F1ff99607FB155D9Fa6F3414C4DC6473a5755d1,0.12113055182%,Bridged an OFT,
0xEaeFcDDCa5c652597bcD864df377F37A98F7D4e6,0.12113055182%,Bridged an OFT,
0x1716d12C87dD1Dd8fAaaeB2e5D3b8f6a3129eDf1,0.12113055182%,Bridged an OFT,
0x5b1d3a840495EF1D656F37E09d9d33aEd1267003,0.12113055182%,Bridged an OFT,
0x77243d151D07Ae0B7DA1060afD4a62d947f302f2,0.12113055182%,Bridged an OFT,
0x71A496624106384C27836c3a48B080Eabe9d3DE9,0.12113055182%,Bridged an OFT,
0x51a28341C2117B54fF80301F7432e3f361B10007,0.12113055182%,Bridged an OFT,
0x05E7DB465bC0681A3865A587e4D283961808d9d5,0.12113055182%,Bridged an OFT,
0x80666fC6ae4426EBe398F97B9137dD62F122E5D2,0.12113055182%,Bridged an OFT,
0x2f7E55e29b350338c5e13F14a9cDd7f3f6391a81,0.12113055182%,Bridged an OFT,
0x2A3aed329E595Db42e4210f9F01Fb8b6046172e9,0.12113055182%,Bridged an OFT,
0x3DD3B848D1A5551a429F29b6d21541c34Dc0841A,0.12113055182%,Bridged an OFT,
0x7A0786F1c62681061F3ee8f8F732F174254b6c1A,0.12113055182%,Bridged an OFT,
0xa18D61d1cb2100Bc032BBeD95139478841aE8f92,0.12113055182%,Bridged an OFT,
0x34759902e779608A7B59F17932D75D4Cf4B6cA69,0.12113055182%,Bridged an OFT,
0x9f6A776b137A3be62809696A91cCA32E72FF2E7E,0.12113055182%,Bridged an OFT,
0x550969F64813244284bF1AA5778A6e9e89E3fC63,0.12113055182%,Bridged an OFT,
0x4511C5aa6BEbCF83BFd794fF758d45Efe6d2EEf2,0.12113055182%,Bridged an OFT,
0xe3f47982B0aB5C545Ec225773227Dd572475Be74,0.12113055182%,Bridged an OFT,
0x42c11dBd622aBECB570fcF1A8Fa59ec7a5e92f8e,0.12113055182%,Bridged an OFT,
0xE82e025dEa7408b0B6A290F53016807B30201f06,0.12113055182%,Bridged an OFT,
0x86434705977fd0C005D8d3cD5bE74775B2A5269A,0.12113055182%,Bridged an OFT,
0x5945b524e9BbCdeeE0Ea3E9F2BaA29bcC33469d7,0.12113055182%,Bridged an OFT,
0x45BB436158A0c97723f4F2553E811AF1EfDA7cf2,0.12113055182%,Bridged an OFT,
0x4fEf3C2Ba2CC536fcd3e8b4D0aA5cfab56956960,0.12113055182%,Bridged an OFT,
0x29a183A9844D0121588BF0467811C16b6Ec69653,0.12113055182%,Bridged an OFT,
0x683b9aaC20909cf8836FC8CAB30a7679863d2299,0.12113055182%,Bridged an OFT,
0xfcb986669b239Bba6A5F724C0906653cB3d7591E,0.12113055182%,Bridged an OFT,
0x1510787998a530C0921e3F1089f2c58bd8810651,0.12113055182%,Bridged an OFT,
0xA825C8959623FD39519eCb317312E7f810084D8C,0.12113055182%,Bridged an OFT,
0x54b6798750D69fdD7E7Bcb8143B41b3beFa9dD6F,0.12113055182%,Bridged an OFT,
0x4Ead6348ce5DE6e49f5309e45De452b5e6FC8D96,0.12113055182%,Bridged an OFT,
0x3e30C733e6A43Cd0D25dd8D33fCe866C3821225B,0.12113055182%,Bridged an OFT,
0xFACd76F4166B8a11624626bf7563A158ea30F8de,0.12113055182%,Bridged an OFT,
0xF2e0967108C5fD1193949d15ba186863ed27ca03,0.12113055182%,Bridged an OFT,
0x262f2681B1Ad813Ac3409d44F5c33EF3907cAe18,0.12113055182%,Bridged an OFT,
0xCaf8AC4edDdCA44f420904d4541F6A986981f396,0.12113055182%,Bridged an OFT,
0x9ac4A4d2E813536791a422dF9a2d9313b244B126,0.12113055182%,Bridged an OFT,
0x557fb5d6AeEc1d234a5C6171e1d8f1C15788CE2a,0.12113055182%,Bridged an OFT,
0xB095B6911fa04c0fd5A9B0efb819E9fa9de8a3e5,0.12113055182%,Bridged an OFT,
0xea664Fd947e4f37746208BD6fF371b529d4ba965,0.12113055182%,Bridged an OFT,
0xa471B174B41288A0B0245743904ac23c0c7c50E4,0.12113055182%,Bridged an OFT,
0xCEF7FC7354CF691090852e259b39fa6E8835b477,0.12113055182%,Bridged an OFT,
0x0567b93BcA81eB89697fD1C695f5514763b55f0b,0.12113055182%,Bridged an OFT,
0x2b52a67371187Af7fD13ac723Fcb14b91De0e1C2,0.12113055182%,Bridged an OFT,
0x5F397eeB4B6CF179e41A15E27049C36e71e351bC,0.12113055182%,Bridged an OFT,
0x8056b8e72a4208e2ae491740bCAc9598cd12AE3f,0.12113055182%,Bridged an OFT,
0x423Dd17a5c8AFFE222823D2BE4EdE184ffc6Be67,0.12113055182%,Bridged an OFT,
0x58e124EAC4B0566B606d4DaB055C3CF4B8a33252,0.12113055182%,Bridged an OFT,
0xc97bBE6F9Bb07c3e9365C7A2C050De04559021c9,0.12113055182%,Bridged an OFT,
0x5Aa26C6171c7817B9a7aF1B3284C618e67712EEc,0.12113055182%,Bridged an OFT,
0x3279CCf7E41D95cC4565261E1eaCE1bad2BcB330,0.12113055182%,Bridged an OFT,
0x36323d24A87E9d4a089B7D3179E17B8028D5154d,0.12113055182%,Bridged an OFT,
0x4626649E43d91be15bB1F1498897c122bDA00999,0.12113055182%,Bridged an OFT,
0xDE111191C8b1a424c1f46a472C468667e28D9BB7,0.12113055182%,Bridged an OFT,
0x2BACd11434b063C38aad89A0d8296B3eaD4F0bc2,0.12113055182%,Bridged an OFT,
0xE9B99B89905f81409C36fAEda4a8132b4442E980,0.12113055182%,Bridged an OFT,
0x12741C0dE20F1EFb8b3cfa6409068d9328Fb8B2e,0.12113055182%,Bridged an OFT,
0xE508299d94e5987b92CEFf730438167982c8A66E,0.12113055182%,Bridged an OFT,
0x12387Ab27e58bFa3cfE59474E1d21F856bC6159D,0.12113055182%,Bridged an OFT,
0x00ea23efbb0727c8002A986b6d92AC87C02EB34A,0.12113055182%,Bridged an OFT,
0xcdCd70F85A2Ba9D83ce6cfd4b23f19506Fd1A9ee,0.12113055182%,Bridged an OFT,
0x5A97eFeF9f59c415E32fAf0fe84Fbc8b30fdb567,0.12113055182%,Bridged an OFT,
0x6DbEa8e648763f65E978b884383A91053e6982C0,0.12113055182%,Bridged an OFT,
0x07d7b0251D99886d8d7b7753595c1Fc0A0119A2b,0.12113055182%,Bridged an OFT,
0x1BCdE96361ffB7979764acbea73472A0a0057D8A,0.12113055182%,Bridged an OFT,
0x582e03f5E726484E92EAD8f27b6FbfC86A1318F0,0.12113055182%,Bridged an OFT,
0x991eB05896e24c25Da222916a029fee37A4d703C,0.12113055182%,Bridged an OFT,
0xBf2C705e89772275634A2294Ac4c2BD36Cd13FF9,0.12113055182%,Bridged an OFT,
0x4C6224f4b4D092c37c05E2736AA00D3C25925bEC,0.12113055182%,Bridged an OFT,
0x3df32dcb270f1aB710ac012a5AcdADd71Ad4c881,0.12113055182%,Bridged an OFT,
0x06b092d0645a9Af400E932F9D93DEF0669354184,0.12113055182%,Bridged an OFT,
0x1c23e3289e5Ba67f8898Bd1e289eA4f5d9BB1AF2,0.12113055182%,Bridged an OFT,
0xEC8827027DC8e4488a1aA89d2E0884dE3AFAf823,0.12113055182%,Bridged an OFT,
0xa7cf2d56Ce398f5748D6c98c74903E1026554B61,0.12113055182%,Bridged an OFT,
0xAAc562f2e471D7c5F2bcB30760825cB0241DE0Ab,0.12113055182%,Bridged an OFT,
0x9f25e1eFDf2271Bb3cf117bA4BA838087AdE3401,0.12113055182%,Bridged an OFT,
0xfa3cC9CB4789C5FD1dEfb63625C23bcF8708F4d1,0.12113055182%,Bridged an OFT,
0x39F9035c51E6861911a60EA0924086aA5940d2A7,0.12113055182%,Bridged an OFT,
0xb6862B11357A75C45dDc3315f6fa408218f68576,0.12113055182%,Bridged an OFT,
0x196d689C3130fD61E3FC47F00C1E99ccf70Cd8Fb,0.12113055182%,Bridged an OFT,
0x46F0D8E8DF7D2f339989eB28C501212420E35A9B,0.12113055182%,Bridged an OFT,
0x0c6De71f9d9de9d931CD1e9F085645fA67b8486a,0.12113055182%,Bridged an OFT,
0x6be0B59967ebc11373858B447dd4eF74B137b604,0.12113055182%,Bridged an OFT,
0xe129272651ff0B97C1c0AD4407d9bF798c588A64,0.12113055182%,Bridged an OFT,
0xbE763f349FA63c09D4e31120DD059DDE259996a2,0.12113055182%,Bridged an OFT,
0x2e56051213DED5CCdcdfDBfa2917C7526e035672,0.12113055182%,Bridged an OFT,
0x690a6C18eD7Aa926942B00Ba8f69cD6816f8F66e,0.12113055182%,Bridged an OFT,
0xCd08D0DC2a97F0E834dD2734E13430cd9907596e,0.12113055182%,Bridged an OFT,
0x9159789373d0dA4CFc739752e3d639CFC186C12D,0.12113055182%,Bridged an OFT,
0x638f6088Dc614a3b082597C632fE6283572d8253,0.12113055182%,Bridged an OFT,
0x13762fB64e35a3896E970e67fDcD4aa2Eb1B456B,0.12113055182%,Bridged an OFT,
0x398f32b5cc8BC36079CD828De0Cc1b428CA9A559,0.12113055182%,Bridged an OFT,
0x872b6BEd39C90BB34D369B56c6dc5d8342431DA5,0.12113055182%,Bridged an OFT,
0x4BB0Ee6E0C7CE2dbFA7dB80460F9dfd7BAFCa5B8,0.12113055182%,Bridged an OFT,
0x551eB3D9CDC51c8064E19b3e016c54bB997cC244,0.12113055182%,Bridged an OFT,
0x35Fb252Cb5426c47C342C134c48C7C218c679f06,0.12113055182%,Bridged an OFT,
0x4b979DD86980FC31Afa1D0D401dA347eD33aAfb3,0.12113055182%,Bridged an OFT,
0x11d5422022b8C2b1Fa1818Ba649862AaE5B54A13,0.12113055182%,Bridged an OFT,
0xC34Cbe26E69A19445C7C70B67AAdd05B517FCace,0.12113055182%,Bridged an OFT,
0x6570EdA23378341ec970e48E46d35a283005f51b,0.12113055182%,Bridged an OFT,
0x41635e8a9C38150c086eCD105FbC00B1fE8959dB,0.12113055182%,Bridged an OFT,
0x7036719f9CA94D43B854ae9A830C103FBdf30eE9,0.12113055182%,Bridged an OFT,
0x312f97a5f46c3c7eeAcd6763A603f7636f0AD740,0.12113055182%,Bridged an OFT,
0xF8A1B6e60C8451792a3fB711044FD1042C06F8ad,0.12113055182%,Bridged an OFT,
0x5DBf88C577AdE432Cd3CbF4f963f758b523C7640,0.12113055182%,Bridged an OFT,
0x56bd783b97a7F49cf133588B16D32caA4eE683aF,0.12113055182%,Bridged an OFT,
0xC635C6E4a448a2BB1A743ACAD87F2508a4C20909,0.12113055182%,Bridged an OFT,
0xef4314F6E6e1F5D10Fda4A38330058E92925A3C9,0.12113055182%,Bridged an OFT,
0x514200668aa2c97bC5e8223Def6211113b98705D,0.12113055182%,Bridged an OFT,
0x2cBC78ca72eCCe0Fa356639B44909C6ad7A50E72,0.12113055182%,Bridged an OFT,
0x267b2Fd3E7C58bF4ec16465126E65055a5369BB1,0.12113055182%,Bridged an OFT,
0xAED2E5D7b977e937faf28a0C63D3ED7d70100E92,0.12113055182%,Bridged an OFT,
0x42b8663A3878853Cb6a9d7235E6d2446C642DFbd,0.12113055182%,Bridged an OFT,
0x443858a9a99E8157D05917b248781DF20Df417cC,0.12113055182%,Bridged an OFT,
0xf643B78DCa2109113AFa56F23091160edC1d8b35,0.12113055182%,Bridged an OFT,
0x622CC39A2C581AdFd4d856d53910a31101A19ee0,0.12113055182%,Bridged an OFT,
0x56D9562F5745217B37dCBf41E74D20d8C6A36995,0.12113055182%,Bridged an OFT,
0x46EC3140ED093104079b11F235Db66DF3dd02eF7,0.12113055182%,Bridged an OFT,
0xF629E2416b3427eb44ebDC7c8AB1B7E5011f298A,0.12113055182%,Bridged an OFT,
0x72623AB7356c376df0F96593cF6e8BF0ed3A21Bc,0.12113055182%,Bridged an OFT,
0xc22a6D9CDEEd9CB9FbfFc8759902126577af32EC,0.12113055182%,Bridged an OFT,
0x2967bC9C771E0F04bE0ab942ADF5A37F643bC700,0.12113055182%,Bridged an OFT,
0x1e151CBC82e9FA72Af3b32E392ED4873FF21B944,0.12113055182%,Bridged an OFT,
0x5744457aCc409F6d62aa0B53f56DD008BF3d33fa,0.12113055182%,Bridged an OFT,
0xC98e614605aAFE2e613C33dCfe7A1baD272be5D4,0.12113055182%,Bridged an OFT,
0x21c3c0a4e947222020e2419fB7ebc9Fe7ea080fe,0.12113055182%,Bridged an OFT,
0xc474dBb8Ea95D3d109BA49ad3256Ec9Bd5771F43,0.12113055182%,Bridged an OFT,
0x2aD3539f065D06039710AF53702d8B9Cde15Df50,0.12113055182%,Bridged an OFT,
0xA15C7276921bb1D27Ec4c488fc0a70eE98B7A340,0.12113055182%,Bridged an OFT,
0xA72fdd721a9DBC563ba080e8C558E085C49122ca,0.12113055182%,Bridged an OFT,
0xE3FF59cb207A1B9715a638cD408Df99922714560,0.12113055182%,Bridged an OFT,
0x1CBb245b265Ad2Cc6221943f5aa039afA84373E6,0.12113055182%,Bridged an OFT,
0x42F6B61C7C95e7Ba32966Ee349b7873844c1f23f,0.12113055182%,Bridged an OFT,
0x8838Aee7C6e9448E1412B8B7ee3076963191e195,0.12113055182%,Bridged an OFT,
0x8CefC16F9C71652A08dcC136365387E4f73cAC5A,0.12113055182%,Bridged an OFT,
0xA5B7a62F27089933cb92403f20908c4500D506eC,0.12113055182%,Bridged an OFT,
0x11Ce9f3033CbAE4288aA174Ce8FFa154EBA192B7,0.12113055182%,Bridged an OFT,
0xe7870ec72daaAf8770A2E3B6cB053de4A91AB6f0,0.12113055182%,Bridged an OFT,
0xD2E9AdEc272DC4ffD411FFf2e5054eA9fC200769,0.12113055182%,Bridged an OFT,
0x4810B181672379807Df1C7e18cf97b02907d6B36,0.12113055182%,Bridged an OFT,
0xf97bbcD7464E6BA1645c780322190aD09941F3d6,0.12113055182%,Bridged an OFT,
0xa74Eed35594a9a7D89887beB4E69379402F88F8B,0.12113055182%,Bridged an OFT,
0x96C3F509aE237313AaEfDc0756bA67a4576CD4D7,0.12113055182%,Bridged an OFT,
0x47FB477A438457B67Fc083E5537256c366c810Cb,0.12113055182%,Bridged an OFT,
0xb0E7a6e7783edaEc890950A52047F16A2F3C3d45,0.12113055182%,Bridged an OFT,
0xc7b6dF0dC19d62E5e68969eeB9707FD8092bB335,0.12113055182%,Bridged an OFT,
0x39ac8EB8a6F37a1946A0A5e34AcF37A0FA6bDFC3,0.12113055182%,Bridged an OFT,
0x6030FD074CfA2Fc2F31ce2f7BC44681fe78be2f2,0.12113055182%,Bridged an OFT,
0xDD878B282772d425308A20f53077771fBF36f213,0.12113055182%,Bridged an OFT,
0x6DFdd6307dF11Dceb253918cD47a10f4CACA5678,0.12113055182%,Bridged an OFT,
0x1F0C71860fA9933948Bb5134Bb130c8bbB27F8f8,0.12113055182%,Bridged an OFT,
0x53f1c1D3382BA7b55396099CAC91A55C069e7878,0.12113055182%,Bridged an OFT,
0xEAa00EeDCc995f1D2487596d2a76C14607A7E8eC,0.12113055182%,Bridged an OFT,
0x03e7D0f9966e1f22C70409F996124998eBf80800,0.12113055182%,Bridged an OFT,
0x48763EFEa4581290bC42307FbfB57ffAd5C6C36D,0.12113055182%,Bridged an OFT,
0xC1509Dd41a4DE06B0CdA3c327F9541AC9b8119cA,0.12113055182%,Bridged an OFT,
0x9F60aB1Ee60E6b0b6a54fdF7c543F927e98bc7F8,0.12113055182%,Bridged an OFT,
0xA339c621ba77Bd122173E1f2395eb8BF201a70F0,0.12113055182%,Bridged an OFT,
0x5F42cad180fAAb260e2286c90915C84E522C2bd4,0.12113055182%,Bridged an OFT,
0x087255e4F03BCEeB220320E4334AAc6c4A10A3f5,0.12113055182%,Bridged an OFT,
0xECEfcB9650E04343759082aD17d83E3F9b5acd55,0.12113055182%,Bridged an OFT,
0x5e99Eb4a3f8765b086Aac5BB9B5F4B32060611FF,0.12113055182%,Bridged an OFT,
0x58c216655F83518f0175cA3c88a0b0B89516af38,0.12113055182%,Bridged an OFT,
0x65f949F74C387ebf1881733b8d54407De2a8BE06,0.12113055182%,Bridged an OFT,
0x36A891C97Ec9c05dcCC2F19BC029C0302266FE44,0.12113055182%,Bridged an OFT,
0x77002369C4324e5045C3aa23913D58eAE02Fa397,0.12113055182%,Bridged an OFT,
0x20C94b8a08a08959Ef80a593c897a809c5404686,0.12113055182%,Bridged an OFT,
0xAeAB544083f06C8FF6A7aaDa5e4D0160955C73eD,0.12113055182%,Bridged an OFT,
0xd598E61f6f00B17816969326dd3b8Eb000612500,0.12113055182%,Bridged an OFT,
0xD858D9535c2f73afEdAe2D0Aa77DcE529f6eF518,0.12113055182%,Bridged an OFT,
0x4E41359acf54D1602A407e7c96A63dbd9d044bf5,0.12113055182%,Bridged an OFT,
0xe358B0A82a26761D51EcCbEdA8940deDbf80C997,0.12113055182%,Bridged an OFT,
0x4ce99332BB43c5615AC672F5C3edD7dD199aF504,0.12113055182%,Bridged an OFT,
0x498173D9f7FEC7b5b9a1cA37F7bceB649FC39f4C,0.12113055182%,Bridged an OFT,
0xb82c21b50f8FD1b5a4d0Adb6Fcf6874142a60F72,0.12113055182%,Bridged an OFT,
0x36C5D6af9B35b92B2C7224Ea2E317F5e56883305,0.12113055182%,Bridged an OFT,
0x7f834b69a45f44005C40D22ce8106F758618f206,0.12113055182%,Bridged an OFT,
0x93917045324Ac091417019E98620187af25421ae,0.12113055182%,Bridged an OFT,
0xDE686f9a8B4d5F5CE11fCFdFE46854f2886F5280,0.12113055182%,Bridged an OFT,
0x739ed94e8a07e63940aaFF1F9d3C8fDDad033Eeb,0.12113055182%,Bridged an OFT,
0x9718268bDB1f67416D7060B04879a85b30DFa852,0.12113055182%,Bridged an OFT,
0x9f73a46432bf1619202C12b1B97efa2d882bc2FD,0.12113055182%,Bridged an OFT,
0x269ba720A68c01c4EeFc331AE3EAcD6f1332DE7e,0.12113055182%,Bridged an OFT,
0xC5e472440B2C2eA8B6433De1EBC83052F7DDCa9B,0.12113055182%,Bridged an OFT,
0x51e5CdAA40c3C9c4E6AE21Fd960945697Eafe906,0.12113055182%,Bridged an OFT,
0xB3cafee542c598261f0d467f3153c2dd12C86deb,0.12113055182%,Bridged an OFT,
0x4b9Ef7A70BF3520DDe6D7F30d51648f2a79A7448,0.12113055182%,Bridged an OFT,
0xd24297Bc95875cB4Fc34Ac62d30F5B7722535213,0.12113055182%,Bridged an OFT,
0x2b43B7b75c11103A63F910EE748a5828E14BdcC0,0.12113055182%,Bridged an OFT,
0xAaaf1a684fB5DD61B9BaE6ab3F20E064ef0C123f,0.12113055182%,Bridged an OFT,
0xcbfc961Ff2bE1a2CCd95109F9F50bad8Aee9cc10,0.12113055182%,Bridged an OFT,
0xBa9778f5aB7FED5BF427454d967c9D729d557872,0.12113055182%,Bridged an OFT,
0x0fC3F88523d078f086762e4F34BE30CBcF0Fb56d,0.12113055182%,Bridged an OFT,
0x47cb0D92f7C251a80EEA23D030967D0aE1F841Cb,0.12113055182%,Bridged an OFT,
0xa779727cF745501513202F8fc497a5130ac1C60b,0.12113055182%,Bridged an OFT,
0xEdAdF108960e7E45C07997DDAD15bC8083469d25,0.12113055182%,Bridged an OFT,
0x7B6A77f13C86b9844729458e868B742E349e751F,0.12113055182%,Bridged an OFT,
0x47aF34bFd06ccb46946E82A3298794acECD9817d,0.12113055182%,Bridged an OFT,
0xcfCCfa2921ef2814334f47Bcb11E3633A4B58250,0.12113055182%,Bridged an OFT,
0xb05eDB9610d9596404C424C78aeD2C19f9c678D8,0.12113055182%,Bridged an OFT,
0x67C16C0887f6dFf786F36654A83419a6132421DE,0.12113055182%,Bridged an OFT,
0x65B0189ecc42F3be21124f925DBc556C0Bf7d104,0.12113055182%,Bridged an OFT,
0x2B98Fe35CA2C0893250F79d06439D46352B91Fe1,0.12113055182%,Bridged an OFT,
0x6D0eDB8F0Db9995C91F7a18f527C97Fb45849c03,0.12113055182%,Bridged an OFT,
0x266d0488B74Ee8977084e40202e505f5a68C39FA,0.12113055182%,Bridged an OFT,
0x98930bf2Ae241e05235E281d363392E2a820BBCF,0.12113055182%,Bridged an OFT,
0xeF0d40C4A24b6F9D7A51EB77b1CD0DE9983Bdfc6,0.12113055182%,Bridged an OFT,
0x723d2bEe931b0EE3E6B16EC568aABC1928435313,0.12113055182%,Bridged an OFT,
0xF0aa63470DFdc693E6b0e5641326B2b9695C0D1C,0.12113055182%,Bridged an OFT,
0xE252fA0E22FeDb10b9d22046EC8828f5707b4c02,0.12113055182%,Bridged an OFT,
0xa6C310e8ca05e81C7E78f25c33d64A1B8073419E,0.12113055182%,Bridged an OFT,
0xf92D8530ef38c426Cb1614556f2364DF336f0C3e,0.12113055182%,Bridged an OFT,
0xf73bad2aa6Af2EEe9aB3D18A621862cdF9707818,0.12113055182%,Bridged an OFT,
0xaE16c2D053d8375A65118AE66E0100dC36cc9dd2,0.12113055182%,Bridged an OFT,
0x14fA0350738E83EEDc3612Deb06E0816267cc4dF,0.12113055182%,Bridged an OFT,
0x07FEb5F9D4CaBa9e69c7fcE1035F27334b02BC16,0.12113055182%,Bridged an OFT,
0xD5d610789D7F2C7E5F7C40Bc78d6a2F9095039D5,0.12113055182%,Bridged an OFT,
0xFa5dD6FcD48CB21B735D71A94C51E418F5b3A5A7,0.12113055182%,Bridged an OFT,
0x9C0bA2716b10FF779c901875554316F8CBf6c248,0.12113055182%,Bridged an OFT,
0x2d47C771C9a6f9AEa86c5019415D5eEbb9d31EEB,0.12113055182%,Bridged an OFT,
0xE6331F0848B85b6fC775EA777f7C59dB2949a20E,0.12113055182%,Bridged an OFT,
0xcD610DCC13D3310aF729c4f7435d342a2AA13eC9,0.12113055182%,Bridged an OFT,
0x345278574Ba4c37CC9bb5826FFa81269bdf94073,0.12113055182%,Bridged an OFT,
0xFd065a5C25F326BD51FCa9f44E1303e753e0eeAe,0.12113055182%,Bridged an OFT,
0xB12927e35fC441C24c76D059957867dA7474a2F7,0.12113055182%,Bridged an OFT,
0x416951be07bF1636777BE768a0Ce3883B36c10aA,0.12113055182%,Bridged an OFT,
0xF8984abB5A693Aeba3037d3de431bB2A03c9fF84,0.12113055182%,Bridged an OFT,
0x994214f6ff8C51a91aa272F4Ec2cE1852E666682,0.12113055182%,Bridged an OFT,
0x03D154a4b4Fc2F61E9F5835bc980D1Ed9afb5Ef2,0.12113055182%,Bridged an OFT,
0x7195e5C83C27e1807adDF531A3E4833Be9CA8dCd,0.12113055182%,Bridged an OFT,
0x606F4382c9ca6F866d5E6EeD3ea0f6527e364Cf4,0.12113055182%,Bridged an OFT,
0x1F9C0Fedf3925bC5d603d6b92344a4B7aAb2c203,0.12113055182%,Bridged an OFT,
0xF717924461F7936c2B948BC1fab7097b58B09E1a,0.12113055182%,Bridged an OFT,
0x19F2fb7Fd931Ab89a0c47154d3148e3721ae0103,0.12113055182%,Bridged an OFT,
0x9e2C9468b4A8AD9061d0214A7306Dc30c7656D12,0.12113055182%,Bridged an OFT,
0xDdC6A5DB61C3B494855Ef073d3B7d55a66371d0D,0.12113055182%,Bridged an OFT,
0xd6A31B961F1B96b301eb64bcC9E9c6aC9331D0FA,0.12113055182%,Bridged an OFT,
0x999861592353d9Ca9c346b3a0DCDcd498DF61B8d,0.12113055182%,Bridged an OFT,
0x0015566e5a6a4434DF5474dDaBb22C087ee7f7A2,0.12113055182%,Bridged an OFT,
0xb0B3B4E418fEf4BA1B010AC818C0A71eefdb88dC,0.12113055182%,Bridged an OFT,
0x29053C8DCA1D1a14012F5eBe663474fd6956f079,0.12113055182%,Bridged an OFT,
0x883dF81DD85b49E8E5C048Fd9c7dfA0E7118b415,0.12113055182%,Bridged an OFT,
0x8084016A68767f95c3A01C8ca8A1DB3dd66d0ed1,0.12113055182%,Bridged an OFT,
0x224ba287cAfB7d96605f7FBD1B02AAA9da50150e,0.12113055182%,Bridged an OFT,
0xbEe1F90D20b4919D3aDa2D61DD89469270B8E908,0.12113055182%,Bridged an OFT,
0x960E8A3E28eae323F627d0b6Ec7f704c8480ADc1,0.12113055182%,Bridged an OFT,
0x46A8092fB9FB0517c6D8FF2c1A27c1669A9957a0,0.12113055182%,Bridged an OFT,
0xb7D4D58b76268235227Baa588B7E2C3A783c6E54,0.12113055182%,Bridged an OFT,
0xecB3c5b5F33C8e3C859671e29AB32d63Af1Eb318,0.12113055182%,Bridged an OFT,
0x5215A677C9ADbf915E56aF5E92E84E041A1cc486,0.12113055182%,Bridged an OFT,
0xB809743418e547E13ac09dB6508EbdDd8C01A55b,0.12113055182%,Bridged an OFT,
0xF2e1E338c51022896D8d753129Ed6EB2D53e3567,0.12113055182%,Bridged an OFT,
0xA77A16EeAa3D32fC3a2e570f026B56D97F2cE9cC,0.12113055182%,Bridged an OFT,
0xd007F6fC9e506c52C4D6c3dE845dA29D7DdA1f91,0.12113055182%,Bridged an OFT,
0xF189fe2db2085f38A2112b68Fb58e03EF7183278,0.12113055182%,Bridged an OFT,
0xB2B1C42613Cfb8cD9185AbA149B20CC6041Ad570,0.12113055182%,Bridged an OFT,
0x6A2adFb6eda01f611259322E4746782Bf27dF81D,0.12113055182%,Bridged an OFT,
0xAe19D991b7081E3E19317EAcFa5948A324Ed7A82,0.12113055182%,Bridged an OFT,
0xCBf8C79aB1A1e6882Ef3b32964084416966bF872,0.12113055182%,Bridged an OFT,
0x971833ed466C10A4e65Bf47B3d04669d0Ad38c6F,0.12113055182%,Bridged an OFT,
0xEB03C6F7A0a98Dea2acE1d911A2850678Ac70315,0.12113055182%,Bridged an OFT,
0xe7dA9b16ee9CD78fb69896cE4d4cec6220703086,0.12113055182%,Bridged an OFT,
0xd5E3801fc4A689116E480955433A1d761cE44e25,0.12113055182%,Bridged an OFT,
0xd4be876bc8b90F8B031f7714273530Eb724aEBf2,0.12113055182%,Bridged an OFT,
0xab1962d7a0031A1887D2e003E40F391Db91Fb8dF,0.12113055182%,Bridged an OFT,
0x64Bbeed2Fef3BC13aD6Bf193479aFc4d516EA282,0.12113055182%,Bridged an OFT,
0x8f823dEa781f7E95190835cc8dB2018587dbb13B,0.12113055182%,Bridged an OFT,
0x82e078161Eb56dA47d8E00bc120E2E9980bAFbF4,0.12113055182%,Bridged an OFT,
0xd6EaC5C1fC00975044853D4401CB19d7076dCf45,0.12113055182%,Bridged an OFT,
0x33428a488DB109Ed8163E4942b904CE2C4713D21,0.12113055182%,Bridged an OFT,
0xE18C8721c933cE8eD9a0b0bfC8120e55F522C9ee,0.12113055182%,Bridged an OFT,
0xAbE8C3B40720Ea0b6aC8Ede536b9D9f1107d2226,0.12113055182%,Bridged an OFT,
0x9084A7392F312C559f728C0D977C9C7eB54fDF43,0.12113055182%,Bridged an OFT,
0xde0361dEFA0A8cA2fde235e81faD57f0d81E4c87,0.12113055182%,Bridged an OFT,
0x4F70F144Bb845a299557252A34EdA4208A0488b7,0.12113055182%,Bridged an OFT,
0xb385D93B05e5f0B2Df268917346E428C8c95A8ff,0.12113055182%,Bridged an OFT,
0x53A048B33e5c490B58aaFA83f714e3C2dcc5364E,0.12113055182%,Bridged an OFT,
0xbD7381c901D78b8A3a67060ad2e568659026866F,0.12113055182%,Bridged an OFT,
0xcfCc1708fA55204794d2A3722180568666E95356,0.12113055182%,Bridged an OFT,
0xFA94CC7C68b3e9CdbC1Eab158d4C0613b42D5200,0.12113055182%,Bridged an OFT,
0xd20F0E4bF6a3Ade9b3EB9cd79cAaa358815Ac105,0.12113055182%,Bridged an OFT,
0x80f594cB9c20E9c8dA69B97CCDF1F09E9CDb3C31,0.12113055182%,Bridged an OFT,
0xF2623eAc15347Afebc3a5C552bEda79f8C90aA99,0.12113055182%,Bridged an OFT,
0x3D862861d185F74C99140e26a0Bbd2B4786c9847,0.12113055182%,Bridged an OFT,
0x0e43fA790c2B8E7DF9b57f61A0E500A9dae0D0E3,0.12113055182%,Bridged an OFT,
0x75A3fFfa144B42E53F65F77baE0836E16a58420C,0.12113055182%,Bridged an OFT,
0xFc63614f8B7346DAf3b65B4223a16E3FD3c9050F,0.12113055182%,Bridged an OFT,
0x39ECF4c19C06d537D5B2D7e81Fd8c0440Ec1D927,0.12113055182%,Bridged an OFT,
0x0Fc50c5BBA9bc73a66d537561A920027b4dFb1f1,0.12113055182%,Bridged an OFT,
0x44C42D9237D96d03c0708D8862E82d3f97529A39,0.12113055182%,Bridged an OFT,